external_gene_name	entrezgene_id
SLC25A26	115286
RNU6-58P	100873766
SACS-AS1	100506680
LINC00327	100506697
GPC6-AS1	100873972
SOX21-AS1	100507533
CLDN10-AS1	100874194
RP11-309I15.1	221178
DNAJC3-AS1	100289274
MIR2276	100313842
SPATA13-AS1	100874231
LINC00359	100887754
MIR3170	100422881
DOCK9-AS1	100874096
BTC	685
RNU6-83P	100873782
RNU6-78P	100873778
DOCK9-AS2	100861541
GAST	2520
UBAC2-AS1	100289373
MIR623	693208
MIR4306	100422861
CLYBL-AS2	100874063
CLYBL-AS1	101927465
USP12-AS2	100874071
SNORD102	26771
LINC00554	100861542
SNORA27	619499
RNU6-63P	100873768
HAP1	9001
PCCA-AS1	100885777
PDX1-AS1	100861550
PAN3-AS1	100288730
RNU6-82P	100873781
NALCN-AS1	100885778
RNU6-53P	100873762
MIR2681	100616110
MTUS2-AS1	100874107
MIR4705	100616239
LINC00297	100874059
FGF14-IT1	283480
LINC00572	100861573
FGF14-AS1	100874081
LINC00544	440131
FGF14-AS2	283481
LINC00384	101928980
RNU6-64P	100873769
METTL21EP	121952
LINC00427	100507040
RP11-123H22.1	101930454
DAOA-AS1	282706
LINC00426	100188949
LINC00343	144920
JUP	3728
LINC00460	728192
LINC00551	283483
LINC00443	100874173
LINC00398	100874158
TEX26-AS1	100507064
MIR1267	100302286
FAM155A-IT1	100874375
LINC00545	440132
MYO16-AS1	100885782
LEPREL4	10609
MIR548X	100422920
LINC00676	101409253
COL4A2-AS2	100129836
FRY-AS1	100507099
COL4A2-AS1	100874203
LINC00368	101927802
LINC00423	100874167
FKBP10	60681
LINC00354	101928616
LINC00320	387486
LINC00403	100505996
LINC01070	101928698
LINC01043	101928752
ATP11A-AS1	100874205
LINC00317	378828
STARD13-AS	100874241
AP000475.2	101927821
GRTP1-AS1	101930262
AP000472.2	101927843
LINC00552	100130386
GAS6-AS2	100506394
LINC00308	54143
NT5C3B	115024
MIR320C2	100302195
LINC00454	100874178
LINC00452	643365
GOLGA6L6	727832
LINC00457	100874179
LINC00565	100861555
MIR548AR	100847035
MIR4502	100616227
LINC00445	100507114
RNU6-71P	100873774
KLHL10	317719
POTEB2	100996331
KLHL11	55175
LINC00571	100874188
LINC00437	101929121
AP000459.4	266917
RNU6-56P	100873764
MIR4305	100422940
SECISBP2L	9728
LINC00332	100874127
LINC00598	646982
MIR320D1	100313896
MIR621	693206
TPTE2P5	100616668
POTEB	100288966
TPTE	7179
ACLY	47
SUGT1P3	283507
MIR3168	100422878
RNU6-57P	100873765
AP000469.2	101927869
OR7E36P	100506759
RP11-449D8.1	729950
MIR5006	100847026
TTC25	83538
POTED	388468
LINC00284	121838
CNP	1267
AQP4-AS1	147429
LDLRAD4	753
SMIM2-AS1	101929212
U3	728606
SMIM2-IT1	100874377
LINC01071	400128
DNAJC7	7266
LIPI	149998
LINC00330	144817
RNU6-69P	100873773
SNORA31	677814
RBM11	54033
OR4M2	390538
AP000235.2	339622
NKIRAS2	28511
OR4N4	283694
TPT1-AS1	100190939
IGHV4OR15-8	642131
HSPA13	6782
ZNF385C	201181
GOLGA6L1	645202
DHX58	79132
CPB2-AS1	100509894
LINC00563	100861554
RNU6-68P	100873772
COPS2	9318
SAMSN1	64092
KAT2A	2648
AF165138.7	388813
HSPB9	94086
HTR2A-AS1	100874082
RAB5C	5878
TUBGCP5	114791
SUCLA2-AS1	101929410
MED4-AS1	100873965
LINC00441	100862704
NRIP1	8204
LINC00462	100129597
RMDN3	55177
PECAM1	5175
CTAGE10P	220429
MIR3613	100500908
DLEU2	406948
RP11-408H20.2	101927698
LINC00158	54072
RP11-534N16.1	101927718
MIR16-1	406950
MIR155HG	406947
ST13P4	145165
LINC00515	282566
MILR1	284021
GCHFR	2644
DLEU7-AS1	100874074
RNASEH2B-AS1	100874255
POLG2	11232
WBP11P1	441818
DNAJC17	55192
FAM210A	125228
GUCY1B2	2974
USP25	29761
AP001597.1	100996571
MIR4759	100616243
LINC00371	647166
DDX5	100616408
MIR5693	100847003
ST8SIA5	29906
INTS6-AS1	100507398
MIR4752	100616171
MIR4703	100616423
CEP95	90799
RP11-248G5.8	101930578
CXADR	1525
MRPS31P5	100887750
RNMT	8731
QSOX2	169714
PIAS2	9063
TPTE2P2	644623
GALK2	2585
WI2-2610K16.1	399693
WI2-1959D15.1	100188917
BTG3	10950
C15orf62	643338
EPPIN-WFDC6	100526773
LINC00113	54088
DOCK3	1795
LINC00314	246705
AL035610.1	284825
MANF	7873
WFDC8	90199
TPM1	7168
RBM15B	29890
WFDC9	259240
C21orf91	54149
OIP5-AS1	729082
MROH1	727957
ZNF271	10778
CRTC3	64784
MIR187	406963
BOP1	102465906
MIR3929	100500864
ZFYVE19	84936
RP11-49I11.1	101927809
CSTF1	1477
CHODL	140578
VPRBP	9730
MIR4318	100422857
SCXA	100129885
LINC00669	647946
WFDC10A	140832
MIR5583-1	100847025
CYFIP1	23191
WFDC11	259239
TPTE2P3	220115
RP11-653G8.2	101927900
MIR626	693211
WFDC10B	280664
RP11-142I20.1	641516
TMPRSS15	5651
MIR4310	100423013
WFDC13	164237
MIR1827	100302217
SPINT4	391253
CTD-2382E5.1	101928388
HSF1	3297
LINC00907	284260
RAD54L2	23132
IDH3B	3420
KATNAL2	83473
WFDC3	140686
MIR759	100313778
CASS4	57091
LINC00558	100861552
RP11-160C18.4	646938
LINC00458	100507428
MIR627	693212
NCAM2	4685
MIR5007	100846996
LINC00161	118421
RP11-17L5.4	729911
PPP1R14D	54866
MIR184	406960
DGAT1	8694
FAM227B	196951
LINC00189	193629
DIAPH3-AS1	100874195
DIAPH3-AS2	100874196
MC5R	4161
MIR4758	100616340
RP11-157P1.5	101928158
LINC00378	101926930
MC2R	4158
LACTB	114294
MIR3169	100422973
C20orf166-AS1	253868
CNTFR-AS1	415056
BACH1-IT1	571
LINC00358	100874143
BLM	641
MIR1-1	406904
MIR133A2	406923
MRPL39	54148
FAM205B	389715
RP13-30A9.2	100505735
SCRT1	83482
CTC-782O7.1	101927921
RP11-93B14.5	100127888
RP11-456K23.1	101927943
MIR4319	100422829
ZNF519	162655
LINC00395	100874157
CTSZ	1522
LINC00659	100652730
RNU6-81P	100873780
OGFR-AS1	101409261
TMEM249	340393
RTFDC1	51507
RP11-182N22.7	101930338
RP11-305P22.9	63930
SPINT1	6692
RP11-38G5.4	10588
GRIK1-AS1	642976
LINC01056	100144597
HAR1B	768097
ATP8B5P	158381
LINC00307	266919
HAR1A	768096
RP11-2E17.1	100996492
MIR548X2	100616302
MIR4704	100616205
MIR124-3	406909
EBF4	57593
MIR3196	100423014
LINC00927	283688
MIR4326	100422945
PCDH9-AS2	100874064
RP11-261N11.8	100130587
PCDH9-AS3	100874086
PCDH9-AS4	100874087
MIR4667	100616214
TUBB1	81027
RP11-331F9.4	101926948
CTD-3184A7.4	100505771
RMRP	6023
FGF7	2252
RP11-210M15.1	100133746
MIR941-2	100126339
RP11-379K22.2	101929586
MIR941-3	100126352
DNTTIP1	116092
TCEB3CL2	100506888
MIR1914	100302137
JAM2	58494
LINC00961	158376
MIR647	693232
SLC52A2	79581
LINC00176	284739
ATP5E	514
TCEB3CL	728929
RPS27L	51065
MIR4527	100616264
TCEB3C	101930171
RP1-278O22.1	101929395
LINC00266-1	140849
RP4-697P8.3	101929413
MIR5572	100847042
ATXN8OS	6315
MIR549	693132
TCEB3B	51224
MIR4475	100616289
MIR4327	100422891
FOXD4	2298
LINC00348	100885781
MIR4540	100616278
MIR4743	100616366
MIR4476	100616456
MIR4514	100616181
RP11-761I4.3	101929655
LINC00687	728450
RP11-220I1.1	100506710
RAB8B	51762
UBE2C	11065
RP5-1069C8.2	101929486
RNU6-79P	100873779
AP000251.3	150051
GCNT7	140687
RP11-157E14.1	100505515
SLMO2	51012
FBXL6	26233
RNU6-66P	100873770
ISM1-AS1	100505536
HDHD2	84064
ATP5J	522
ZBTB26	57684
FAM209A	388799
MACROD2-IT1	140848
LINC00381	100874151
DTWD1	56986
CPXM1	56265
MACROD2-AS1	100379174
LINC00347	338864
CATSPER2P1	440278
RHOV	171177
CTAGE11P	647288
FAM220BP	647044
FURIN	5045
NIPA2	81614
IER3IP1	51124
RP11-173B14.5	101927155
ADCK5	203054
FAM201A	158228
MIR4744	100616420
GABPA	2551
TFAP2C	7022
SNORD17	692086
MIR1539	100302257
ZNF831	128611
SNORD58A	26791
TNNC2	7125
VPS18	57617
SNORD58B	26790
APH1B	83464
MYCBP2-AS1	100874212
MIR1282	100302254
RP11-110H1.8	101928144
PIN4P1	728758
RABGAP1	23637
SCARNA17	677769
CTD-2173L22.4	101927475
MIR3665	100500861
EDNRB-AS1	100505518
LINC00851	440757
MIR3192	100422875
LINC00475	158314
EDN3	1908
DLL4	54567
RNF219-AS1	100874222
LINC00493	388789
TMEM239	100288797
RP11-379J5.5	101929526
LINC01069	101927176
LINC00446	100874175
ANKRD30B	374860
UBE2Q2P2	101929193
BMP7	655
LINC00652	29075
SKOR2	652991
C20orf141	128653
CPSF1	102466749
RP5-1068E13.7	100270804
RP5-1027G4.3	100130264
GPR21	2844
CBWD1	644019
LINC00331	100874126
SNORA84	100500918
FAM74A3	100996582
LINC00159	100551499
RBM26-AS1	100505538
SNORA80	677846
MIR4670	100616351
NDFIP2-AS1	100874208
LINC00382	101927195
PCED1A	64773
EIF3J-AS1	645212
PAXBP1-AS1	100506215
RP11-100J16.5	101927448
SMAD2	4087
RNU6-67P	100873771
LINC00333	100874128
RP11-204M4.2	654466
LINC00351	100874137
ATP8B4	79895
RNU6-72P	100873775
STRBP	55342
ANKRD19P	138649
SLC39A4	55630
FES	2242
NIPA1	123606
SPO11	23626
MIR4500HG	642345
CA12	771
MIR4500	100616182
LINC00397	101930749
LINC00945	101930746
FAM95B1	101928261
LINC00560	100861553
PHACTR3	116154
C9orf66	157983
ROCK1	6093
BMS1P14	101930147
CTD-2651B20.3	101928414
LINC00559	100874187
AC129778.2	101929583
CHAC1	79094
KRT18P27	693207
VPS28	51160
LINC01049	101927224
RP11-267C16.1	100287225
RNU6-75P	100873776
LINC00410	144776
LINC00380	101930747
LINC00379	100874150
AP000289.6	101928107
RP11-327I22.6	101929518
MIR17HG	407975
IL10RB-AS1	100288432
RP4-777D9.2	101929591
SNX21	90203
MIR548AS	100847092
RP11-202D1.2	101928167
GPC5-AS1	100873969
LINC00649	100506334
SNORA37	677819
RP11-125P18.1	100270679
TONSL	4796
CRB2	286204
RAE1	8480
RP5-828K20.2	101929663
RP5-1004I9.1	284788
CTD-2171N6.1	101927229
VPS16	64601
LINC00261	140828
GOLGA8I	101059918
MIR4529	100616290
RP4-788L20.3	101929685
RP11-214L13.1	101927273
RP4-753D10.5	101929707
IQSEC3	100996825
LINC00656	200261
RP11-475I24.8	101927827
RP4-737E23.2	100505664
APP	351
RP3-322G13.5	100505683
ACOT8	10005
INO80	54617
MIR147B	100126311
CST12P	100289308
CST13P	164380
RP11-598F7.4	574538
HMGN2P46	283651
SLC27A2	11001
FAM27E4	100289124
XXbac-BPG308J9.3	101929006
TUBA3C	113457
RP5-1100I6.2	400839
CTD-2008L17.2	642484
RP4-738P15.1	284798
MIR4291	100422927
RP11-53B5.1	101928014
RP11-231K24.2	101928040
MTRNR2L3	100462983
RP11-456O19.4	100505474
MIRLET7A1	406881
MIRLET7F1	406888
RP4-760C5.5	101926955
MIRLET7DHG	158257
LINC-ROR	100885779
CTD-2514C3.1	100996695
RBM38	55544
DOCK8	81704
DENND1A	57706
MIRLET7D	406886
FAM182A	728882
NCOR1P1	101930665
GREB1L	80000
RP11-307E17.8	100132077
RP11-111F5.5	387628
RP11-198M11.2	101928442
MIR663A	724033
CYYR1	116159
RP11-211N8.2	389741
SYCP2	10388
PCAT7	101928099
HDC	3067
RP11-211N8.3	100126582
MIR2278	100313780
RP11-54O15.3	101928119
TPTE2	93492
USP3	9960
FAM74A4	401508
ZBTB7C	201501
RP4-610C12.1	101930560
MIR23B	407011
MLLT10P1	100505874
MIR27B	407019
ADAMTS1	9510
MIR3074	100422842
LINC00310	114036
DEFB122	245935
LHX2	9355
LINC00028	140875
RP3-324O17.4	100101490
HM13-AS1	100874042
MIR3193	100422904
MIR122	100616357
RP1-310O13.7	101929636
ADAMTS5	11096
GOLGA8S	653061
TSPY26P	128854
MIR1825	100302183
MPHOSPH8	54737
PRRC2A	7916
RP11-262H14.1	100996870
EXD1	161829
BAK1P1	578
LINC00160	54064
AP000330.8	100506385
N6AMT1	29104
BPIFA4P	317716
RP11-262H14.3	403323
MIR802	768219
RP4-553F4.6	101929746
MAN2A2	4122
KANK1	23189
LINC00476	101930476
PSPC1	55269
RP5-1125A11.1	101926888
GOLGA6L2	283685
MIR4755	100616434
RP11-381O7.3	286297
RP11-752G15.3	283692
AP000688.8	100996609
AC105339.1	338963
LINC00092	100188953
RP11-752G15.9	283693
AP000688.14	100133286
MIR644A	693229
LINC01015	100507362
NEK6	10783
RP11-752G15.6	100505616
MIR499A	100616134
SCARNA15	677778
SNORD33	692092
DMRT1	1761
MIR3135B	100616218
GABPB1	2553
MKRN3	7681
CTIF	9811
TAPSAR1	100507463
MIR4515	100616404
CBR3-AS1	100506428
DMRT3	58524
ZMYM5	9205
FAM83C-AS1	140846
IGLL1	3543
MIR1289-1	100302125
LTN1	26046
RP11-535M15.1	100996557
MAGEL2	54551
NDN	4692
IFITM4P	340198
LINC00537	203274
RP3-477O4.5	140873
MIR4477A	100616194
ZSWIM3	140831
PSMB7	5695
NPAP1	23742
RP11-561O23.9	101929800
DMRT2	10655
HCG4	54435
ZSWIM1	90204
RP11-520B13.4	340508
CTCFL	140690
CHP1	11261
HYAL2	8692
SERINC2	347735
PGM5-AS1	572558
SPATA25	128497
MIR1299	100302167
NEURL2	140825
GOLGA2P7	101929847
RP11-439L8.3	149086
PGM5P2	595135
OACYLP	390858
C5orf30	90355
ANKRD18CP	100287922
RP11-439L8.4	284551
HCG4B	80868
AC011043.1	389831
OIP5	11339
C22orf43	51233
BX255923.3	101930570
HCG9	10255
RWDD2B	10069
LSM14A	26065
NR5A1	2516
SMAD7	4092
FAM217B	63939
HLA-DPB2	3116
PTPRA	5786
TUSC2	11334
PPP1R3D	5509
BRD2	6046
HLA-J	3137
SNRPN	8926
RP11-23J9.5	100499484
RP11-15J10.8	101930230
LINC00657	647979
MYOM2	9172
RP11-879F14.2	100130938
NR6A1	2649
RP11-234K24.3	100130373
NDUFAF4P1	100306975
MIR4716	100616332
RP5-977B1.7	101926987
CDH26	60437
RGL4	266747
CTSA	5476
RP11-378A12.1	101927815
CECR7	100130418
GABPB1-AS1	100129387
RP11-274B18.2	101927015
LINC00489	100861522
CECR5-AS1	100130717
RP4-640H8.2	100287792
MIR4712	100616396
OLFML2A	169611
CECR3	27442
C9orf135-AS1	494558
USP16	10600
HCG25	414765
ESCO1	114799
RP1-272J12.1	101926957
RBFOX3	146713
ZMYM2	7750
DCAF13P3	100132724
NUSAP1	51203
MIR3198-1	100423025
FBXL22	283807
LINC00528	200298
WDR38	401551
MIR4713	100616369
MAMDC2-AS1	100507244
SNORA71B	26776
SNORA71A	26777
SNORA71C	677839
ENPP7	339221
SNORA71D	677840
SMARCA2	6595
RPL35	11224
HLA-DOA	3111
RASSF1	11186
MIR3909	100500826
MIR204	406987
GOLGA6L5P	374650
CBX2	84733
DAXX	1616
ARPC5L	81873
C20orf197	284756
MIR5004	100847012
TTC3-AS1	100874006
MIR648	693233
CBX8	57332
SEMA3B-AS1	101928931
DSCR9	257203
CH17-351M24.1	644767
MIR4739	100616170
XXbac-B476C20.17	100192420
RP11-63P12.6	100507540
CTD-2116F7.1	100652929
SNHG11	677821
ZNF70	7621
RP11-23J9.4	57653
RP4-809F18.1	101927531
SNRPD1	6632
RP5-944M2.1	283435
VPREB3	29802
MIR1266	100302202
USP8	9101
CDH4	1002
RP11-151D14.1	101927258
GGT3P	100132705
ZNF716	441234
GOLGA1	2800
RP11-209K10.2	101928499
RP11-114G11.3	100653233
C22orf15	150248
PPP1R3B	79660
hsa-mir-219a-1	407002
ASIC5	51802
SNORA60	677837
HERC1	8925
MIR3147	100422939
MIR548O2	100616190
ABHD3	171586
RP11-171A24.2	101927358
RP4-705O1.1	339568
TDO2	6999
HLA-DPA1	3113
CHCHD10	400916
RP11-197P3.4	101927380
UBE2Q2P1	388165
PCK1	5105
RP11-101E14.2	100505663
GJA3	2700
CTSO	1519
DYM	54808
GJB2	2706
DSCR10	259234
RP1-1J6.2	101927117
UNC45A	55898
PIN4	5303
LINC00933	100506874
LL22NC01-81G9.3	100506241
PCA3	50652
MMP11	4320
KIFC1	3833
RP11-1096D5.1	100996669
PDE3B	5140
DGCR9	25787
VPS13A-AS1	100286938
GJB6	10804
RP1-63G5.5	101927035
RP11-466A17.1	101927422
DGCR10	26222
RP1-63G5.7	100506271
SCAI	286205
Z83844.1	101927051
CCT8	10694
RP11-139H15.1	101928527
MIR658	724028
RP1-232N11.2	101927159
MIR659	724029
MIR1302-8	100302223
TNKS	8658
RP4-753D4.2	101927138
MIR4534	100616146
TAF4	6874
DYX1C1-CCPG1	100533483
VLDLR	7436
ERCC6L	54821
MIR628	693213
RP11-165H23.1	101927450
CRYL1	51084
LINC00305	221241
DAPK2	23604
NDUFAF1	51103
RP11-146N18.1	284294
HLA-DPB1	3115
RP11-394O9.1	101927477
RP11-909B2.1	400654
SMARCB1	6598
RPS4X	6191
OSER1-AS1	100505783
C18orf32	497661
LINC00114	400866
HNF4A-AS1	101927219
CYP2R1	120227
SCAND2P	54581
RP11-154D17.1	101927502
MIR3646	100500813
MIR5011	100847002
RP5-1013A22.2	101927242
RP11-445H22.3	79015
SPATA31D5P	347127
GNRH2	2797
PPP6C	5537
RP3-434P1.6	101927183
RP11-638L3.1	643542
RP11-23B15.1	101928337
RTF1	23168
BAG6	7917
MIB1	57534
RP11-535C21.3	101928408
STK4-AS1	100505826
ZBP1	81030
DGCR11	25786
RP11-638L3.3	101927430
RP3-461P17.10	101927326
AC004463.6	100652736
FAM96A	84191
DERL3	91319
SPATA31B1	404770
KCNV2	169522
MIR3617	100500897
RNU6-39P	100873758
APOBEC3B-AS1	100874530
RP4-742C19.12	101927202
RPL17-C18orf32	100526842
MRPS26	64949
MIR4761	100616414
MIR185	406961
OXT	5020
AF064858.6	400867
SNORD83B	116938
SNORD83A	116937
LSM14B	149986
SNORD43	26807
USP50	373509
AVP	551
RABEPK	10244
PPAPDC1B	84513
AF064858.7	101928435
ACTG1	71
MIR3618	100500860
MKRN7P	7686
SLC35A2	7355
MIR1306	100302197
KIAA0020	9933
LINC00926	283663
XXbac-B444P24.8	284865
LINC00896	150197
RP11-41O4.2	101060542
MIR1286	100302118
IFT88	8100
RP4-591N18.2	101927257
RP11-323C15.2	101927355
BRWD1-IT2	257357
XXbac-B33L19.3	100996415
BRWD1-AS1	100874093
MIR3616	100500814
MIR4766	100616283
RP11-575L7.4	101927552
HSPA5	3309
CSPG4P12	440300
RP4-569M23.2	101927377
MAP3K7CL	56911
MIR1281	100302237
MIR7-1	407043
RP11-158D2.2	101927575
RP11-347D21.1	100505983
MIR33A	407039
RP11-347D21.3	101927457
RP11-347D21.4	101060004
MIR378I	100616259
PMEPA1	56937
MSRA	4482
LINC00634	339674
LINC00494	284749
IL17D	53342
SNX1	6642
NDUFA6-AS1	100132273
RP11-355N15.1	101928694
HCG17	414778
RP11-276H19.1	100506834
NAMA	100996569
RP11-50C13.2	101928668
SLC2A11	66035
RP11-276H19.2	440173
TRPM7	54822
TAPT1	202018
RP11-276H19.4	494127
HLA-L	3139
N6AMT2	221143
RPL17	100124516
PIM2	11040
RP11-30K9.6	101928725
ZFAS1	441951
PSMA7	5688
CTSL3P	392360
RP11-554F20.1	101928438
UBE3A	7337
Z83851.3	388906
HCG18	414777
RP11-60I3.5	441461
C8orf59	401466
MIR2116	100313886
SNORD12C	26765
SNORD12B	100113393
BACH1	100379661
SNORD12	692057
C20orf85	128602
RFX3	5991
MIR222	407007
RP5-1158E12.3	401585
TRERNA1	100887755
SERHL	94009
PLTP	5360
ITPKA	3706
RP11-112L6.4	101927541
ANKRD60	140731
XPO4	64328
RP11-290F20.1	284751
MIR4760	100616148
RP11-290F20.2	101927586
NKRF	55922
RRP7B	91695
UBOX5	22888
DSCAM-AS1	100506492
MIR645	693230
MIR1302-5	100302146
OTUD5	55593
MIR4289	100423015
hsa-mir-877	100126314
RP4-530I15.6	100506175
RP11-510D19.1	100505776
AGO2	27161
CYHR1	50626
RP11-723G8.1	101927537
CITED1	4435
RP5-914P20.5	101927631
RNU12	267010
MIR3153	100422936
MIF	4282
GATA6	2627
FASTKD5	60493
LINC00243	401247
MIR548AV	100847083
AL022476.2	100506679
RP11-676J15.1	100505797
MIR3194	100422889
RP11-406A20.1	101927847
MIR4640	100616237
RP5-1112F19.2	101927678
CTD-2354A18.1	100505817
RP11-406A20.4	286370
MIR4290	100422963
Z99756.1	101927447
RP11-158M2.5	101929679
DSCAM-IT1	100874326
HCG22	285834
RP4-723E3.1	101927700
MIR1276	100302121
LTK	4058
RP11-490D19.6	101928470
RP11-389K14.3	101927873
EFCAB6-AS1	100874197
GSTT2B	653689
LZTS3	9762
RP11-555F9.2	340515
CTAGE1	64693
RP11-231E4.2	101927606
PSORS1C3	100130889
LINC00323	284835
HCG27	253018
LINC00909	400657
RP1-30G7.2	101927574
CTA-397C4.2	101927526
GLIS3	169792
CALCA	796
LATS2	26524
DDTL	100037417
RP11-15M15.1	728805
RP11-704C2.1	100505853
LINC00207	388910
RP11-1O2.1	339298
PRSS55	203074
ZNF674-AS1	401588
LINC00229	414351
DDRGK1	65992
LINC00484	100129347
RP4-724E16.2	101927770
RP4-753M9.1	101927551
MIR548I4	100302191
DDT	1652
CTA-217C2.1	100506714
RP11-1055B8.4	100507520
LINC01149	101929111
RPS3AP6	6189
MIR1249	100302149
MIR3910-2	100500902
INE1	8552
SS18L1	26039
MIR4756	100616225
SAP18	10284
GC	2638
FAM90A10P	441328
SNORD83	692233
CTA-941F9.9	100506737
RP1L1	94137
MIR4762	100616253
SNORA38	677820
RP5-1010E17.2	101927796
UBE2DNL	100131816
MIR4646	100616230
SLC44A4	80736
C4B-AS1	102060414
RP11-219B17.1	101928784
MIR3118-5	100422890
C8orf74	203076
RP5-928E24.2	101928128
GRIK1	2897
LINC00587	414319
HCG23	414764
RP11-219B17.2	100996876
FAM66E	100132103
ITPA	3704
MIR3619	100500828
MIRLET7A3	406883
MIR361	494323
MIR4763	100616143
GAPVD1	26130
LIPG	9388
MIRLET7B	406884
SKA3	221150
RP11-259A24.1	101928850
SOX7	83595
SLC1A1	6505
MIR548AP	100847084
RP11-162I7.1	100506530
CITF22-49D8.1	339685
RAB33B	83452
LINC00898	400932
RP11-553E24.2	101929701
GSTT1	2952
RP11-643M14.1	101928907
RP4-813D12.3	101927820
MIR4325	100422883
RBBP8	5932
SNORA11C	100124540
RP11-191L9.4	284930
AGBL1-AS1	727915
SPPL2A	84888
HDDC3	374659
RAB22A	57403
DEFB109	641517
APOM	55937
MIR4769	100616147
MIR4532	100616353
RP11-341A22.2	101928496
WHSC1L1	54904
MIR3201	100422916
SNX22	79856
LINC00052	145978
MIR4535	100616415
GS1-251I9.4	100506365
CA13	100507258
CLDN17	26285
MRP63	78988
NTRK3-AS1	283738
WI2-81516E3.1	100128946
PINX1	54984
CLDN8	9073
MIR574	693159
MIR3667	100500882
APCDD1L-AS1	149773
RP11-299H22.1	255177
MIR4661	100616245
KRTAP24-1	643803
RP1-29C18.8	101927799
KIFC2	90990
RP11-97O12.2	101929743
KRTAP25-1	100131902
MIR5591	100847065
RP11-82L2.1	101928550
hsa-mir-7162	102466227
RCCD1	91433
MIR1179	100302235
RP11-472B18.1	401127
KRTAP26-1	388818
MIR7-2	100616238
PPIB	5479
UGDH-AS1	100885776
KRTAP27-1	643812
RP11-770E5.1	101929268
KRTAP23-1	337963
KRTAP13-2	337959
MIR296	407022
MIR1277	100302214
MIR3622B	100500871
SETD7	80854
MIR298	100126296
C6orf47	57827
KRTAP13-1	140258
GNAS-AS1	149775
KRTAP13-3	337960
XKR6	286046
KRTAP13-4	284827
MIR3197	100423023
RP11-770E5.3	101929217
RP1-309F20.3	101927932
KRTAP15-1	254950
TMEM154	201799
CHKB-AS1	100144603
RP4-562J12.2	101928287
ZDHHC20	253832
CTA-384D8.33	101928825
KRTAP19-1	337882
KRTAP19-2	337969
RPAP1	26015
AC000036.4	100506917
RP11-333E13.4	344967
UXT-AS1	100133957
MIR4287	100422828
VAPB	9217
KRTAP19-3	337970
LINC01029	101927715
MIR513C	100302114
CXXC1P1	392459
RP11-100L22.2	441369
KRTAP19-4	337971
LINC00111	54090
MTG2	26164
MIR513B	100313822
KRTAP19-5	337972
RP4-719C8.1	100506384
KCND1	3750
RP11-738G5.1	100507464
MIR513A1	574509
KRTAP19-6	337973
LINC00479	150135
AC195454.1	101060498
RPL23AP82	284942
MIR513A2	574510
KRTAP19-7	337974
ZNF252P	286101
RP11-217B7.3	101928579
MIR506	574511
KRTAP22-2	100288287
GPANK1	7918
MIR507	574512
TIGD4	201798
KRTAP6-3	337968
MIR4802	100616274
SPATA6L	55064
MIR508	574513
KRTAP6-2	337967
RALGAPA1P	26134
RP5-1043L13.1	729296
RPSAP15	653162
TBCK	93627
KRTAP22-1	337979
MIR548I3	100302186
MIR514B	100422847
LINC00535	642924
XRCC6BP1	91419
KRTAP6-1	337966
MIR509-2	100126301
CABIN1	23523
KRTAP20-1	337975
UCHL1-AS1	101410542
MIR509-3	100126337
RP11-567M16.1	284240
RP5-1139I1.1	101928336
MIR509-1	574514
SLC4A11	83959
KRTAP20-2	337976
RP11-567M16.3	284241
RP11-620J15.3	100506844
MIR510	574515
MIR646	693231
MIR190A	406965
KRTAP20-3	337985
MIR514A1	574516
MIR4533	100616362
KRTAP21-3	100288323
FAM85B	101930341
MIR4288	100422903
ATP10A	57194
MIR514A2	574518
MIR548AG2	100616440
MTMR9	66036
KRTAP21-2	337978
MICU2	221154
RP5-827L5.1	100506470
RP11-1069G10.2	101928955
EXTL3-AS1	101929402
KRTAP21-1	337977
RBFADN	100506070
KRTAP8-1	337879
MIR1257	100302168
ADAD1	132612
LINC00682	101927074
KRTAP11-1	337880
FAM86B3P	286042
MIR3688-1	100616303
SLC25A5-AS1	100303728
KRTAP19-8	728299
PRC1	9055
LPHN3	23284
SEPT6	23157
MIR766	768218
ARFIP1	27236
SNORA69	26779
POU4F2	5458
LINC00112	54089
LINC00925	254559
FMR1-AS1	100126270
COL11A2	1302
RP11-497K21.1	101928052
PPAPDC2	403313
ACAA2	10449
APCDD1L	164284
ZNF295-AS1	150142
FREM3	166752
FGF9	2254
MGST2	4258
PLCXD1	55344
RP11-109E24.1	101927095
AP001625.4	101930094
MIR9-3	407051
CDC37L1	55664
LINC00928	283761
AP001626.1	101928233
USP3-AS1	100130855
RP11-308N19.4	100996590
SUSD2	56241
AP001626.2	101928255
KRTAP9-2	83899
LDB2	9079
KRTAP9-4	85280
CSNK1G1	53944
TIAM1	7074
KRTAP9-9	81870
AP4E1	23431
SGCG	6445
RP11-328N19.1	100506827
HRH3	11255
KRTAP9-6	100507608
RP11-294O2.2	100505989
MIR422A	494334
SSX6	280657
KRTAP9-7	100505724
MAPKAP1	79109
KRTAP29-1	100533177
NKAPP1	158801
MIR378D2	100616169
TTC29	83894
GTPBP6	8225
RP11-366M4.3	100506013
RP11-508N12.2	340512
GRIA2	2891
AK3	50808
MAML3	55534
ATP6V1G3	127124
CSNK2B	1460
RP11-696N14.1	101929271
RP11-267M23.4	101926977
FOXH1	8928
GYPE	2996
CYP2W1	54905
MIR5094	100847059
RP11-22C11.2	100288748
MIR5009	100846993
PCNAP1	359806
PPP2R3B	28227
GABRB3	2562
MIR3174	100422841
RP11-363D24.1	101928720
LINC00589	619351
TNFAIP8L3	388121
GRIPAP1	56850
MYO5B	4645
GGT5	2687
AC145110.1	101929450
RP11-26M5.2	101929341
RPS18	6222
FHDC1	85462
KIAA0101	9768
RP11-588P8.1	101929353
SOD1	6647
EMCN-IT3	100874275
PTPRC	5788
C7orf50	101930223
MIR1255A	100302193
RCL1	10171
VPS33B	26276
LY6G5B	58496
PPP1R16A	84988
SCOC	60592
SHOX	6473
MIR3150A	100500907
AP001627.1	101928284
OSBPL2	9885
PNRC2	55629
CCR8	1237
SACS	26278
ZNF252P-AS1	286103
WDR89	112840
GPR146	115330
MIR5692B	100847013
GYPB	2994
LY6G5C	80741
STX16	8675
LINC00893	100131434
SGPP1	81537
GK3P	2713
CRLF2	64109
SRSF10	100996657
MIR578	693163
SLC25A38	54977
TRIM2	23321
C20orf194	25943
B3GALT4	8705
SLC6A11	6538
RP11-328K4.1	101929448
RP11-340B18.1	101928151
FAM198B	51313
CABLES1	91768
C2	717
RP11-94H18.1	101929470
RPSA	574040
SCAF4	57466
SLC35G5	646000
GALNT9	50614
PI4KAP1	728233
TNFRSF19	55504
KB-1047C11.2	100616530
AC004053.1	101929468
KB-1047C11.1	619344
IL2	3558
C8orf12	83656
HDAC8	55869
FAM183CP	286135
SPECC1L	23384
PBX3	5090
RP11-31K23.1	100500773
MIR4660	100616350
WDR46	9277
MIR32	407036
MIR3148	100422876
RP11-111E14.1	101928988
PCIF1	63935
LINC00322	100126693
AC004069.2	101929491
FAM167A	83648
CYP19A1	1588
CA1	759
AP001046.5	101928399
GPER1	2852
MIR3927	100500898
EDNRA	1909
AP001046.6	400870
JAK2	3717
LINC00319	284836
EEPD1	80820
RP11-10A14.5	101929128
MIR548M	100313772
SSX9	280660
MIR1272	100302184
RP11-387D10.3	101929765
LINC00313	114038
ABHD16A	7920
RP11-115J16.1	157273
RNU5A-1	26831
MIPEP	4285
PNLIPRP1	5407
RNU5B-1	26832
MND1	84057
TRIP4	9325
RNU6-19P	100873754
IL21	59067
PRC1-AS1	100507118
MIR4511	100616379
ZFAND2A	90637
MIR3672	100500869
BLK	640
AP001053.11	284837
AC068831.10	101926911
RNU105C	26766
PBX2	5089
RBPMS-AS1	100128750
MIR4311	100422905
RP13-895J2.7	101928416
ADORA2A	135
SCARNA14	692149
TYRO3	7301
RP11-661P17.1	101926928
TMEM144	55314
CLGN	1047
KB-1208A12.3	26775
PNLIPRP2	5408
LRRC37A5P	101930365
MIR4512	100616149
SNORD18C	595100
HUNK	30811
SNORD18B	595099
SNORD18A	595098
ZNF335	63925
MIR4668	100616114
BBS12	166379
SBF1P1	100133234
C1QTNF9B	387911
CHD3	1107
CSF2RA	1438
RP11-763K15.1	100507166
CAMKK1	84254
SLC6A1	6529
INSL6	11172
ZNF609	23060
CPA5	93979
RP11-10A14.7	101929167
MIS18A	54069
UPB1	51733
IQCH-AS1	100506686
INSL4	3641
RP11-205M3.3	100506085
FGF2	2247
ADRM1	11047
GATA4	2626
MVB12B	89853
GLDN	342035
CCDC11	220136
QDPR	5860
RLN2	6019
LINC00894	100272228
RP11-789C1.1	101928223
CPA1	1357
ARHGEF38-IT1	100874374
TMEM191A	84222
RP11-322J23.1	100506107
MRAP	56246
RLN1	6013
FAM225B	100128385
RP11-344G13.1	100506122
UNCX	340260
MIR597	693182
RP11-34F13.2	101929076
RP11-45L9.1	101929529
TMEM241	85019
RNU6-1	101954271
SNORD54	26795
POTEH	23784
BPTF	2186
FAM225A	286333
MANSC4	100287284
RP11-717H13.1	101928288
PLGRKT	55848
GPT	2875
RP11-710F7.3	101929577
LINC00599	406907
SDR16C6P	442388
XXbac-B135H6.15	101928891
CEP41	95681
LINC00930	100144604
THAP7-AS1	439931
MIR1302-6	100302140
GUCD1	83606
ZSCAN25	221785
TMEM184C	55751
TRIM27	5987
RP11-286E11.1	101929595
TUBA3FP	113691
NPEPL1	100652930
RN7SL2	378706
URB1	9875
LY6G6F	259215
KIAA0922	23240
MEGF11	84465
RP11-58E21.4	100506446
MIR649	693234
RP11-542P2.1	152586
CCL8	6355
P2RX6P	440799
RP5-842K16.1	401410
CD274	29126
MIR5692A2	100847066
PFDN6	102465501
RP11-300J18.1	101928791
MIR5692C2	100847017
ATRN	8455
LEF1-AS1	641518
RP11-58E21.3	100506499
KIAA0125	101926972
MIR455	619556
MICALL2	79778
LMX1B	4010
BCRP2	400892
LINC01146	283587
ASB9P1	728619
RP11-17A4.2	101929415
MIR2114	100313839
AC013394.2	100507217
GPSM3	63940
DNAJC5G	285126
MIR548T	100422849
USP46-AS1	643783
GMPS	8833
NUDT6	11162
MEST	4232
OR11H1	81061
PTGES3	10728
LINC00968	100507632
DANCR	57291
LETM2	137994
CCT8L2	150160
KDM7A	80853
SNRPD3	6634
MIR4449	100616436
PDCD1LG2	80380
XKR3	100996296
SNORA26	677810
ANAPC13	25847
IL3RA	3563
MIR3175	100422995
NEIL2	252969
ZNF311	282890
SV2B	9899
ESRRB	2103
MIR4312	100422971
RP11-752D24.3	152578
RPL34-AS1	285456
LY6G6D	58530
FRS2	10818
C10orf82	143379
AF196972.9	101927635
ZBTB43	23099
C1QTNF9	338872
CLMN	79789
PTCHD3	374308
MIR4330	100422930
LNX1-AS1	100873939
GLIPR1L1	256710
LINC00277	283673
NPFFR2	10886
RP11-78H18.2	8899
OR9A2	135924
GAB4	128954
SCFD1	23256
HSPA12A	259217
AL359736.1	542767
TTC14	151613
FAM230C	26080
OR6V1	346517
RP11-523L1.2	101928748
LNX1-AS2	100873955
PTPRG-AS1	100506994
SYP-AS1	100873921
KLHL42	57542
PIP	5304
RP11-317M11.1	100506444
RP11-284G10.1	101928775
ELMOD2	255520
LINC00474	58483
SPATA32	124783
C17orf58	284018
ZBTB34	403341
CCL13	6357
EVA1C	59271
PRMT10	90826
RPL21P44	402176
MIR3609	100500819
NOTCH4	4855
SLC25A6	293
ASTE1	28990
ZBTB12	221527
GABRA5	2558
PARP4	143
CA3	761
AC004893.11	101927550
HRH1	3269
SLCO3A1	28232
MIR3146	100422967
C3orf14	57415
MIR196A2	406973
GYPA	2993
SPATA5	166378
C6orf25	80739
KPNA2	3838
EGFEM1P	93556
HOXC-AS2	100874364
RP11-356K23.1	101928817
RP11-95M5.1	152274
TFE3	7030
LAMA5	3911
TAS2R39	259285
RP11-264C15.2	100128505
RERG-AS1	100873980
LRRC61	65999
FGD5-AS1	100505641
CLRN2	645104
HAND2-AS1	79804
ACOT13	55856
DMXL2	23312
ATP5G1	516
EFCAB3	146779
GDF2	2658
MYH16	84176
MIR4286	100422982
ARL14	80117
KCNH3	23416
XRCC6P5	442459
MIR599	693184
OAZ2	4947
MIR875	100126309
CA2	760
GDF10	2662
MIR4504	100616261
RXRB	6257
KDM1B	221656
TCF19	6941
RAB18	22931
MSRB3	253827
PPM1L	151742
MIR1273A	100302165
SNORA70C	100124538
BTAF1	9044
RP11-513O17.2	101929436
PTHLH	5744
MIR598	693183
AMZ2	51321
KIAA1432	57589
ZBED6CL	113763
AF131215.6	101929269
IL1F10	84639
MIR4471	100616451
FOXL2	668
SFMBT2	57713
RP11-500B12.1	101928797
MIR558	693143
LAP3	51056
MIR4765	100616219
CFB	629
BRI3BP	140707
DEFB133	403339
DNAJC9-AS1	414245
LINC00486	285045
RARRES2	5919
RP11-14C22.6	101929332
MIR5092	100847039
ASMTL	8623
IL17RA	23765
TCP10L	140290
EMX2OS	196047
WEE2-AS1	285962
RP11-152N13.5	101929112
SAMD14	201191
AP001055.6	101928576
AL121656.5	100271832
RP11-192P3.4	101929352
PCDHGC5	56097
SERPINE2	5270
DEFB114	245928
ZEB1-AS1	101930234
ANKRD22	118932
CEP63	80254
RP11-302J23.1	441374
ZNF514	84874
HNRNPA1P26	3178
ADAMTS3	9508
RXFP1	59350
RBPMS2	348093
LZTS2	84445
SLC25A46	91137
RALGPS1	9649
MMP9	4318
RP11-513O17.3	286177
IER3	8870
FEZF2	55079
USP27X-AS1	158572
LINC00588	26138
SLC47A2	146802
SP5	389058
SEC24B-AS1	100533182
RP11-192P3.5	100505502
UCP1	7350
PPP1R9B	84687
PPP1CB	5500
MIR224	407009
NLGN4Y-AS1	100874056
C3orf72	401089
AP001065.2	101928607
RP11-756K15.2	101929488
ERICH2	285141
RP11-472N13.3	101930664
MYADML	151325
RP11-420L9.4	101927867
MFSD3	113655
SNRPC	6631
MIR576	693161
LRRC3-AS1	100861510
GGT1	728441
RP11-257I8.2	101927421
RP11-257I8.1	401397
MIR452	574412
AC005062.2	101927668
NACAP1	83955
PRR23A	729627
OAS1	4938
CTD-2016O11.1	101928741
LY6G6C	80740
FDFT1	2222
ATG7	10533
RNU6-35P	100873750
ALDH8A1	64577
MIR147A	406939
PIK3R6	146850
ABCA5	23461
DNPH1	10591
RP11-5P22.3	101928769
KB-1562D12.1	101927172
ARMC3	219681
RP1-315G1.3	101928402
AF131216.6	101929290
BZW1	9689
CD300LF	146722
CTB-109A12.1	101927675
NBPF22P	285622
RP3-400B16.1	100507506
C21orf59	56683
CCL1	6346
GABRG3	2567
CECR6	27439
TDH	157739
MIR5680	100847001
MIR4279	100422874
STAMBPL1	57559
RP3-527G5.1	101927888
WASH4P	102466751
PTK2	5747
PIF1	80119
MIR551B	693136
RP11-570K4.1	101929535
TLR2	7097
B3GALNT1	8706
RGL2	5863
PNPLA1	285848
LAMB4	22798
MIR532	693124
MIR297	100126354
C17orf102	400591
MIR188	406964
LGALS17A	400696
CD81-AS1	101927682
RP11-368I23.2	100507661
MIR500A	574502
MRPS22	56945
GRM1	2911
MIR362	574030
CDKL3	51265
ADCY10P1	221442
MIR501	574503
CYP3A5	1577
ARHGAP10	79658
GSTM2P1	442245
MIR500B	100422911
CASP4	837
MIR660	724030
TMEM9B	56674
JUND	3727
RPL19	6143
MIR502	574504
KCNK7	10089
TMEM132E	124842
RP3-430A16.1	101927913
MIR5695	100847016
C11orf31	280636
AC105053.3	284950
IL22RA2	116379
RP11-428J1.5	100129461
MIR579	693164
P2RY8	286530
RP11-27I1.4	100288842
RNF175	285533
ATP12A	479
PLD1	5337
SCRN3	79634
DDAH2	23564
EN1	2019
MIR1538	100302119
LSM4	25804
CYP2A6	1548
TSPEAR-AS1	54082
COPG2	26958
AATK	9625
FBL	2091
MIR3691	100500900
PHLDA2	7262
TRAF3IP2-AS1	643749
RP1-232P20.1	101927972
TREML3P	340206
SLC22A25	387601
RPL21P75	100131205
SH2B1	25970
AACS	65985
PCMT1	5110
C6orf10	10665
RP11-347K2.2	101928436
MACC1-AS1	100874041
CTD-2218G20.2	340113
PNISR	25957
PSMD5-AS1	253039
NOS1	4842
MIR3607	100500805
TBC1D9	23158
AKAP17A	8227
SNORD94	692225
POLR3K	51728
AC005083.1	100506098
TREML5P	221438
KIR3DL2	727787
ST8SIA2	8128
MIR4421	100616189
MIR140	406932
AL773604.8	101928689
RP1-256G22.2	101927950
HILS1	373861
CTC-493L21.1	100505878
MIR641	693226
RP11-328M4.2	101060264
RP11-452L6.7	101928829
ITGB2-AS1	100505746
MIR4779	100616159
CCDC24	149473
PDXDC2P	283970
MIR548AD	100616475
GRAMD3	65983
BTN2A2	10385
RP11-893F2.6	101927230
ERMP1	79956
TAS2R40	259286
NBPF15	284565
SNRNP25	79622
KPNB1	3837
MIR4641	100616178
C1orf50	100129924
RP11-506B6.6	101927640
CYP2G1P	22952
CCDC61	729440
C6orf62	81688
RP11-164C12.2	100996663
MAP3K11	4296
AC015971.2	101928133
FAM24B	196792
MIR5683	102466866
FOXN3-AS1	400236
NRG1-IT1	100856811
RP11-693J15.5	100507616
RP11-434D9.1	101928858
MUC5AC	4586
PGPEP1	54858
LY86-AS1	285780
PPM1B	5495
AC006552.1	339978
PPFIA4	8497
FAM136A	100287852
CTD-3049M7.1	101927091
CAP1	10487
GSN-AS1	57000
RP11-364B6.1	100129138
MIR5192	100847087
OCA2	4948
REXO1L1P	100288562
MIR765	768220
RP11-13E5.2	101928495
XX-FW84067D5.1	729516
KCNAB1	7881
GAD1	2571
NRG1-IT3	100874286
ZEB2-AS1	100303491
REXO1L11P	101929627
PHKG1P1	5260
RP11-756H20.1	101927460
RP11-1023L17.1	100653061
CASP5	838
BTNL2	56244
GSTK1	373156
MIR4280	100422887
ATP6V0D2	245972
ASMT	438
RP11-251P6.1	101928476
AC010090.1	101928455
CTC-339D2.1	102546228
CYCSP52	360155
CYP2B7P	1556
GGTA1P	2681
KIF6	221458
RP3-429O6.1	101930126
RP11-115C10.1	101929427
SNORA77	677843
RP11-85G21.2	101928202
RP11-76E17.3	101927153
GRID1	2894
ZNF733P	643955
SRD5A3-AS1	100506462
CACNA1G-AS1	253962
KIRREL3-AS2	100874251
AC007391.2	101929542
CECR5	27440
CTD-2643K12.2	101927129
GDF15	9518
RP11-367G18.1	101927686
REPIN1	29803
TEX41	401014
GFRA4	64096
NRIP3	56675
CTD-2643K12.3	101927112
MMACHC	25974
MBD1	4152
RP11-1023L17.2	646652
DEFB113	245927
SOWAHD	347454
MIR761	100313892
MIR24-2	407013
SLC12A5	57468
MIR548I1	100302204
FAM24A	118670
MIR27A	407018
RPL39	6170
TIAL1	7073
RP1-249H1.4	285758
SFRP2	6423
LA16c-395F10.2	101929458
OR2L1P	26247
TIAM2	26230
DEFB110	245913
MIR23A	407010
RP11-137L10.6	101929145
RP11-345F18.1	644145
SCG3	29106
MIR181C	406957
HHIP	64399
RP11-544L8__B.4	285759
SPDYA	245711
MIR181D	574457
LINC00211	101929559
LA16c-329F2.1	101929480
TMEM51-AS1	200197
RHBDF1	64285
ANGPTL2	23452
AC009501.4	100132215
MIR3167	100422918
RP5-1120P11.1	101929705
C6orf222	389384
MIR3177	100423012
KCTD21-AS1	100289388
DIAPH1	1729
PIP5K1P1	206426
LRRC25	126364
KIRREL3-AS3	283165
OR2M1P	388762
MIR302B	442894
RP5-1120P11.3	101929683
CTD-2517O10.6	101929704
XX-DJ76P10__A.2	101929501
RP3-399L15.3	101927794
CTB-55O6.12	100507373
AF131216.5	100129129
CTD-2576F9.1	440311
CTC-228N24.1	728586
VAV3-AS1	100873946
RP1-302G2.5	101929726
RMDN2-AS1	101410544
HULC	728655
RP11-404O13.1	646268
KB-1639H6.4	379034
RP3-467K16.2	101927417
MIR367	442912
MIR302D	442896
RP11-314C16.1	100506207
MIR3151	100422992
MOBP	4336
PSKH2	85481
MIR302A	407028
RP11-74C13.3	101929441
MIR302C	442895
RP11-452H21.4	101928865
MIR4647	100616124
OR2W1	26692
TRIM15	89870
CTD-2536I1.1	400456
RP11-483I13.2	400768
MIR4642	100616352
RP11-318M2.2	101927343
SLC22A9	114571
MAP4K4	9448
RNU6-30P	100873747
RP11-843A23.1	101928896
OR2B3	442184
CYP1B1-AS1	285154
PGLYRP1	8993
UBE2Z	65264
PRDX1	5052
MIR586	693171
SLC37A3	84255
DEFB112	245915
RECQL4	9401
HRAS	3265
SLC30A5	64924
OR2J3	442186
LINC00924	145820
FAM211B	388886
CTB-22K21.2	101927253
IGFBP7-AS1	255130
XX-CR54.3	646627
OR2J2	26707
IFNGR1	3459
NAP1L4	4676
CTD-2337I7.1	101928921
LINC00208	83655
TSGA13	114960
SLC39A7	7922
HLA-DRA	3122
FAM124B	79843
CCDC120	90060
TFAP2D	83741
IGFL4	444882
PCNXL3	399909
CCT2	10576
TFAP2A-AS1	100130275
OR10C1	442194
RP11-795J1.1	101926898
MIR3124	100422879
CTD-2339F6.1	286178
LINC00487	400941
CCDC23	374969
CTC-228N24.3	101930640
DHRSX	207063
PCP2	126006
IL1RN	3557
ACD	65057
RP11-446F17.3	101926934
RP11-319E12.1	101928851
NR2F2-AS1	644192
IGFL3	388555
MIR105-1	406897
MT-RNR2	100616263
OR11A1	26531
PABPC1P2	728773
LINC00518	221718
MT-ND1	4535
ETAA1	54465
RP3-365O12.2	101926962
RP11-79C6.3	100506406
RP11-169K16.9	729614
MIR767	768215
MT-ND2	4536
TTLL11-IT1	401550
MIR105-2	406898
ARHGAP27	201176
CYP2A7	1549
ADAM33	80332
MT-CO1	4512
MIR580	693165
MIR1273F	100616156
MIR4478	100616312
MIR5095	100616458
DCHS2	54798
MT-CO2	4513
LEMD1-AS1	284576
MIR1273G	100616145
MT-ATP8	4509
SYNE2	23224
MT-ATP6	4508
VASH1	22846
MIR135B	442891
RP11-707M1.1	440040
MARCO	8685
MT-CO3	4514
OR2H1	26716
RP11-576D8.4	284577
PTPN20B	101930271
MIR5689	100846998
SYNJ1	8867
MT-ND3	4537
BTBD18	643376
MIR4277	100422966
ERAP2	64167
MT-ND4L	4539
HOXC-AS1	100874363
LINC00163	727699
MT-ND4	4538
U66059.29	730441
RP1-290I10.5	101928106
RP11-168K9.2	101929473
RP11-360O19.4	101928124
MT-ND5	4540
RAB32	10981
ZBED1	9189
MT-ND6	4541
COX18	285521
RP11-716D16.1	101929528
OR11H12	440153
MT-CYB	4519
RP3-486I3.7	100506496
LINC00162	378825
CASC2	255082
MIR4782	100616208
SPATA42	642864
RP11-421M1.8	100506379
RNF150	57484
RP11-480C22.1	101929497
PIWIL3	440822
CTC-548K16.1	101928845
TMEM161B-AS1	100505894
CTD-2194D22.2	101929034
MDGA2	161357
AC104653.1	101060091
RP11-276H7.2	101927479
NACA	4666
RASGRP2	10235
IFRG15	163590
RP5-1024G6.5	100507564
NELFE	100302242
SLC6A9	6536
MAS1L	116511
ERMAP	114625
POTEG	728378
AC105402.4	101928553
MIR1469	100302258
MIR639	693224
RP11-486A14.2	643339
CTA-134P22.2	100131825
ELOVL2-AS1	100506409
ANO7P1	101927507
AC004057.1	441502
RPS21	6227
STXBP2	6813
LINC01104	150577
SNORA10	574042
SCUBE2	57758
CLIC1	1192
SNORA64	26784
RP11-1007G5.2	101929517
RNF144A-AS1	386597
LYSMD2	256586
SGCA	6442
YBX3P1	440359
FOXN3-AS2	29018
AC010982.1	440900
RP11-834C11.14	3222
C1D	10438
STAC2	342667
SNHG9	677844
RP11-148L24.1	101928509
KIAA0895	23366
HLA-DRB3	3125
HSD17B8	7923
MIR615	693200
SCARNA2	677766
RIOK3	8780
RP11-834C11.3	440101
CNOT8	9337
CD99	4267
DEK	7913
AC093822.1	100996902
MCRS1	10445
SLC25A3P1	163742
NBPF16	728936
MIR4276	100423042
RP11-834C11.7	101928930
SNORD13	692084
PRAF2	11230
SUMO2	101929087
CSAG4	100130935
MIR197	406974
MIR1225	100188847
HSP90AB1	3326
HRASLS5	117245
GDNF-AS1	100861519
MYOG	4656
RNF17	56163
TSPY6P	7258
DPP10-AS3	101927591
RP11-25K19.1	100505501
AKR1A1	10327
CLUHP3	100132341
LINC00642	400238
CTD-2194D22.4	101929081
TRIM54	57159
BRD7P3	23629
CROCCP3	114819
MIR4516	101927469
MIR3180-5	100500916
TGFA	7039
RP11-304L19.5	100507303
DPP10-AS1	389023
KCNQ1OT1	101927338
MIR4781	100616315
GARNL3	84253
SNORD60	26788
TSEN2P1	80746
KIAA2026	158358
NPS	594857
RP11-834C11.6	100240734
RP11-210H10__A.1	100287632
SNORD90	692206
AC099342.1	101927769
KCNQ1DN	55539
RP11-125M16.1	101928309
MPG	4350
MIR4773-2	100616418
DBIL5P2	100169989
TTBK1	84630
RP11-355O1.11	101928954
LRRC56	115399
MIR577	693162
MIR548B	693128
SNORA54	677833
FOXI2	399823
SLC7A13	157724
MIR301B	100126318
ADORA1	134
FAM41AY1	100302526
RP3-417L20.4	101927020
MIR130B	406920
ADGB	79747
KCNC4-AS1	100873974
RP11-719J20.1	101927048
RP11-397G17.1	100505985
CTD-2207A17.1	101929745
LINC00698	285401
RP5-1074L1.1	440600
MIR4740	100616294
MIR548A3	693127
RNF41	10193
MIR3186	100422944
EGFLAM-AS4	100852408
7SK	101928885
MIR3144	100422951
CLRN3	119467
TMOD2	29767
SIPA1	6494
RP11-175K6.1	101927740
TSPY10	100289087
PRAMENP	649179
MRGPRG-AS1	283303
CASP1	834
CCT6B	10693
HLA-DRB1	100996809
RP11-574O7.1	101927392
INTS1	26173
AC125232.1	285074
LAMTOR5-AS1	101410535
TAPBP	6892
CADPS	8618
CYP2B6	1555
MIR600HG	693185
MIR4422	100616272
RNU1-1	26870
EGFLAM-AS2	100506475
LINC01108	102216342
MIR3184	100423003
BRAP	8315
LINC01133	100505633
ZNF691	51058
RP11-330A16.1	101928354
SGSM1	129049
METTL2A	339175
MYBPH	4608
RP11-163N6.2	100505532
AC008697.1	285626
CCDC39	101928882
MIR601	693186
TSSC2	101060060
UPF3B	65109
MIR1178	100302274
DCLRE1A	9937
SSBP4	170463
CROCCP2	84809
FAM66D	100132923
RING1	6015
HLA-DQA1	100509457
PPIAL4C	100996725
C15orf32	145858
RP11-536C5.7	729867
RP11-135A24.2	102031319
CYMP	643160
PAFAH1B3	5050
SPRY1	10252
JARID2-AS1	100506681
MLANA	2315
AC008703.1	285627
RP3-335N17.2	101927082
LIFR-AS1	100506495
C1orf132	407025
FAM231D	100996721
RP11-85O21.2	100505588
RP11-401E14.2	101928406
RP11-1236K1.8	392196
MIR206	406989
SPATA8-AS1	100652749
MIR4639	100616269
NUP155	9631
MIR133B	442890
GLIPR1L2	144321
FCGBP	8857
OR7E12P	10821
RP11-462L8.1	101929475
AC011343.1	101927766
NXF4	55999
RP11-532N4.2	101927990
RP11-470L19.2	440602
TERC	7012
HTR5BP	101929908
TRAM2-AS1	401264
FAM174B	400451
LGALS12	85329
RP11-284N8.3	3738
AC007246.3	728730
FCGR1A	2210
RP13-726E6.2	101927708
MST1P2	101930052
MYRIP	25924
RP11-510H23.1	7955
RP11-241G9.3	101928924
BX322557.10	642852
FGFR1	2260
CABLES2	81928
C10orf88	80007
PLRG1	5356
FAM86JP	100125556
RP5-1051D14.1	100506899
RP1-152L7.5	730101
NPRL3	8131
ANKRD50	57182
UHRF1BP1	54887
WAPAL	23063
RP11-385M4.1	100509303
RP11-379K17.4	100128164
PLEKHO2	80301
LINC00309	150992
RP11-378I13.1	101929757
CHI3L1	1116
CTC-498M16.2	102546226
RP1-293L8.2	643623
WDR45	11152
RP11-544M22.1	101928372
CECR1	51816
COL6A4P1	344875
DDR1	780
GABBR1	2550
LINC00316	388830
RP11-848G14.5	101929573
IGF2BP2	10644
PDZD7	79955
TRPC2	7221
AADACL2	344752
ZNF775	285971
SLC2A1	6513
ZNF2	7549
LSM2	57819
RP11-122C5.1	101926904
RP11-744N12.3	101929538
ANAPC10	10393
COL18A1-AS2	100874236
PTPRE	5791
GUSBP3	100049076
MIR5187	100847090
RP11-372M18.2	101929476
LYRM9	201229
SENCR	100507392
COL18A1-AS1	378832
CHIAP2	149620
MIR588	693173
FAM90A2P	729689
NUP85	79902
TMOD3	29766
MIR181A2	406954
DAB1-AS1	101930545
MIR548A1	693125
CCDC150	284992
IGFL2	147920
RP11-373E16.3	101928583
MIR181B2	406956
MIR205HG	406988
RP11-454C18.2	101928142
MUC5B	727897
PRR19	284338
LRP11	84918
CTD-2147F2.2	101927286
VPS52	6293
RANBP6	26953
MIR569	693154
MIR708	100126333
MIR4433	102465833
MIR5579	100847000
LINC00167	440072
CTD-2078B5.2	101926940
RP11-461F11.3	101927310
SYNPR-AS1	100874016
MIR1972-2	100422922
NR3C2	4306
RP11-1078H9.5	101928909
PRR23B	389151
UCN	7349
RP11-73B2.2	101929050
LINC00483	55018
HLA-DQB1	101060835
OLIG3	167826
XG	100132596
FAT4	79633
HSPA7	3311
PRR23C	389152
CCDC148-AS1	554201
ZNF330	27309
TMEM145	284339
RP11-686G23.2	101928944
KLF14	136259
RP11-661G16.2	101928883
MIR940	100126328
PDE7B	27115
TBC1D7	51256
IGFL1	374918
CTA-293F17.1	101927811
MIR3677	100500812
DUSP14	11072
MIR4717	100616241
AC005042.4	100129029
THOC7-AS1	100874039
IL33	90865
SNORA11B	100124539
TRMT61B	55006
RP4-592A1.2	204
TNFAIP3	7128
POU5F1	5460
RP11-179A16.1	101928989
HERC2	101930157
MIR548AG1	100616450
RBBP8NL	140893
ABCA17P	650655
LINC01135	100131060
CHD2	1106
RP11-423C15.3	51145
RPL31P11	641311
CTB-41I6.1	101928235
RP4-625H18.2	100506885
ANKDD1A	348094
SNORD70	692110
RP11-574K11.28	729096
ASXL2	55252
MIR4300	100422823
RP11-806K15.1	101928590
ESPNP	284729
ALDH1L1-AS1	100874204
SNORD11B	100113392
RP11-85B7.2	101928266
RP11-343J18.1	101929116
HIST2H2BF	440689
SNORD11	692058
NLK	51701
CCNY	219771
WDR92	116143
NRON	641373
ETV7	51513
MIR4260	100422894
ALDH1L1-AS2	100862662
RHOB	388
RP1-28O10.1	101930244
RELA	5970
COPB2	9276
DDX21	9188
CUL3	8452
RP11-890B15.2	100507431
MIR1470	100302127
RPL23P8	222901
BMS1P4	9790
MIR146A	406938
RP11-71E19.1	644662
SERTAD4-AS1	574036
HIST2H3D	653604
MIR4654	100616386
PARD6A	50855
NAA10	8260
MIR556	693141
PPT1	5538
PGCP1	441897
RP11-103C16.2	101928140
RP11-71E19.5	100506907
AC093901.1	100506797
HIST2H4A	554313
AC009506.1	643072
RP11-470E16.1	729467
HS1BP3	64342
WWP1	11059
GNAS	2778
MIR3142	100422938
LEO1	123169
C11orf35	256329
RP11-296I10.6	100506060
NHLRC2	374354
RP11-347H15.5	441601
SNHG8	100093630
ATP2A1	487
MIR4711	100616409
RP4-782L23.1	101926944
SNORA70E	100379250
RP11-109J4.1	285629
OAS3	4940
RAB30-AS1	100506233
MIR4785	100616364
CASC15	401237
TPD52L3	89882
LINC01099	101928656
MIR4714	100616432
RP11-436K8.1	101926964
PAXBP1	94104
HMCES	56941
MPV17	4358
TRIM26	7726
RP11-267N12.1	101928404
HLA-DQA2	3118
MIR4633	100616175
AC013275.2	101927734
MIR4460	100616325
TMEM211	255349
HSP90B2P	7190
LINC00461	645323
AC009299.3	100996579
AC011526.1	100505495
AC016738.3	101927142
LINC00467	84791
RP11-267N12.3	8490
HIF3A	64344
GATA5	140628
CHIT1	1118
SNORA65	26783
MIR3911	100500872
LINC00290	728081
LINC01160	100129269
FAM85A	619423
RP5-833A20.1	645030
CASC14	729177
MGA	23269
MIR3960	100616250
MSH5	4439
RP11-430G17.1	414927
GPR155	151556
NEK11	79858
CEP170P1	645455
RP11-715J22.2	729652
RP11-104D21.3	101926971
FAM212B-AS1	100506343
HIST2H2AA3	723790
MIR3178	100422974
RP11-299H21.1	100506286
KIAA1671	100996283
AHCTF1P1	285116
SNORD89	692205
SKIV2L	6499
UHRF2	115426
MIR3116-2	100422946
MIR5696	100847007
MEGF8	1954
RP11-727A23.5	100506282
MIR3675	100500876
KCND3-IT1	100874295
POTEM	641455
USP48	84196
U1	101927806
GYG2	8908
RP11-354K1.1	101929499
FBXL20	84961
ISYNA1	51477
CDY1B	253175
FAM183A	440585
SLC8A1-AS1	100128590
AC007365.1	339807
HBZ	3050
PSMD6-AS2	100507062
PITPNC1	26207
PSMC4	5704
RP11-122M14.1	91548
TMEM139	135932
ANLN	54443
RAET1E	135250
SLC25A1P2	100506447
HMGA2	8091
MIR4672	100616429
RP11-129B22.1	100652759
MAPK6	5597
RP11-506O24.1	100505795
RP11-230B22.1	400756
LINC00994	100287879
RP11-380J14.1	400743
LRRC14	9684
KLF17	128209
MIR3972	100616188
RN7SK	125050
FAM66A	100133172
PRICKLE2-AS2	100874242
ZBTB22	9278
AC022182.3	100130298
SLC2A8	29988
COL1A1	1277
HLA-DQB2	3120
HBM	3042
CENPJ	55835
PRICKLE2-AS3	100874243
DNM1P46	196968
MERTK	10461
TOB1-AS1	400604
LINC00603	102467077
RP11-351I21.6	649352
MIR3122	100422947
DEFB109P1	245912
LINC00466	199899
MIR4772	100616157
TRIM51HP	440041
CRYBB3	1417
KRT8P3	3856
LINC00965	349196
C1QL2	165257
AC108142.1	101928703
SNF8	11267
MIR3202-1	100422987
RP11-15I11.3	101929541
MIR5685	100847075
RP11-426L16.8	100996702
RPS16P5	647190
RP11-280O1.2	400794
MIR4470	100616484
CTC-378H22.1	100505622
WDR52	55779
MIR718	100313781
AC007880.1	101927438
MIR4498	100616179
MIR4687	100616453
RP11-280G9.1	101929610
RP11-529H20.5	4287
SNORD72	619564
SNORA70F	100337591
ABCE1	6059
RP11-834C11.4	400043
GIMAP8	155038
DUSP8P5	2749
RP11-80G7.1	101927813
PXN-AS1	100506649
MIR4323	100422980
C20orf166	128826
PSTK	118672
SNORA16B	692157
AC034228.3	101927693
RP11-705O24.1	101929628
CYP2A13	1553
MIR4283-1	100422917
CTC-378H22.2	100505639
AKR7A2P1	246182
CMAHP	8418
CRYBB2	1415
RP11-395P17.3	100289019
RP11-61J19.3	101929565
SLC16A1-AS1	100506392
EBNA1BP2	102465439
LYZL6	57151
AC007386.2	400958
TAP2	6891
LIPE-AS1	101928003
BCL2L10	10017
HIST2H2BE	8349
PTPLA	9200
HBA2	3040
OR4N2	390429
OXCT1-AS1	100874002
MIR199B	406978
AGBL3	340351
SNORA70	26778
FAM110C	642273
NRBP2	102466748
EPHB1	2047
MIR3154	100422893
BX936347.1	158960
TTC21B-AS1	100506134
HBS1L	10767
RP11-31F15.2	100996251
SIGLEC1	6614
STEAP3	55240
LINC00630	100287765
RP11-23F23.2	100506082
CENPVP1	441495
PDLIM4	8572
OR4Q3	441669
RP1-27K12.2	101927136
RP11-174G17.2	101927876
OR4M1	441670
RP11-466F5.6	440700
POLR3A	11128
BTG2	7832
NASP	4678
AC007383.4	100329109
CTC-340A15.2	102546299
OR4K2	390431
GIMAP7	168537
MIR548H5	100616455
HIST2H2AC	8338
SNORD51	26798
OR4K5	79317
FLVCR1-AS1	642946
DMAP1	55929
RP11-24J23.2	101927034
P4HA2-AS1	100861518
SNORA41	619569
LRP5L	91355
STAM	8027
RARRES3	5920
OR4K1	79544
HIST2H2AB	317772
RP11-339B21.11	81605
CYP2F1	1572
ACAD10	80724
OR4K15	81127
MIR4794	100616338
MIR4695	100616120
RP11-345L23.1	101927171
SNORA36A	100847052
GLIPR1	11010
MIR219-2	100616335
MIR1290	100302276
FMOD	2331
OR4K14	122740
SLC22A7	10864
RP1-43E13.2	101927895
INTU	27152
CECR2	27443
MIR548AJ1	100616191
SNORA56	677835
OR4K13	390433
XIRP2-AS1	100874011
BMS1P20	96610
RP11-411K7.1	101927189
MIR921	100126349
BOLA1	51027
MIR1183	100302122
DSP	1832
LINC01013	100507254
OR4L1	122742
AC104654.1	388942
hsa-mir-335	442904
HNF1A	6927
RP11-182I10.3	101927084
GDF7	151449
ACTA2	59
GNB5	10681
AC074391.1	101927533
COPG2IT1	53844
OR4K17	390436
MLIP-IT1	100874282
PYGM	5837
MIR1184-1	100422985
IL15	3600
OR4N5	390437
RPS14P3	644068
HIVEP2	3097
HRASLS2	54979
MIR3130-1	100423002
OR11G2	390439
SLCO4A1	28231
AP4B1-AS1	100287722
DUSP19	142679
OR11H6	122748
MIR3671	100500854
MIR2355	100423036
AC034220.3	553103
AL592528.1	100129027
RP3-522P13.3	101928663
MIR101-1	406893
MIR4774	100616356
UBXN10-AS1	101928017
RP5-1073O3.7	101928846
OR11H4	390442
CERS6-AS1	100861402
PLA2G16	11145
AC007879.2	101927865
LINC01141	339505
AC006050.2	101927093
PRSS3P2	154754
PRELP	5549
NMD3	51068
CCDC91	55297
RAET1G	353091
RLF	6018
ADRBK2	157
SOCS2-AS1	144481
AC007879.5	101927887
MIR3936	100500865
USP45	85015
TAAR3	9288
GTF2H2B	653238
MCM3AP-AS1	101928862
GLDC	2731
RP11-545E17.3	100506100
PINK1-AS	100861548
CPEB3	22849
AC068535.3	101927331
HIST1H2APS1	387319
RP11-529K1.2	100506083
IGHV3-11	100293211
MIR1302-4	100302130
POM121L1P	25812
RENBP	5973
MAFG-AS1	92659
DCLK2	166614
RP11-397C12.1	101927139
AC004041.2	101930600
RP11-1018N14.1	101927274
OPTC	26254
SNORD101	594837
ZSWIM8-AS1	100507331
RP11-20I23.13	645644
SNORD100	594838
IGHV3-13	101930405
SH3YL1	26751
MIR1256	100302155
SNORA33	594839
MIR3117	100422871
SLC9A3R1	9368
RP11-1018N14.2	440446
MTFR2	113115
FMO9P	116123
ATL3	25923
VGLL4	9686
NCOA5	57727
RP11-946L20.4	101927487
C2orf43	60526
LINC01102	150568
MIR4775	100616361
TAF11	6882
EIF1B	10289
SV2A	9900
RP11-247A12.2	101930611
RP11-750B16.1	101927337
LINC01103	101927360
TFB1M	51106
ARSD	414
RASSF7	8045
RP5-1071N3.1	100506801
AC004237.1	101927783
RNU4ATAC	100151683
CTD-2313P7.1	101927835
RP11-384K6.6	101926918
LINC00326	285735
LINC00210	100885798
GNG12-AS1	100289178
BTN2A3P	54718
TMCO2	127391
RP11-344B5.2	101929331
RP11-152L7.2	101929631
CLK1	1195
NIFK-AS1	254128
SYNE3	161176
RP11-384K6.2	101930466
RP1-283K11.3	101928164
KAT5	10524
PXT1	222659
WDR43	23160
C18orf8	29919
SLC25A18	83733
RP11-224O19.2	728463
MAPKBP1	23005
MIR1305	100302270
NUP35	129401
EPPK1	83481
WDR65	149465
SPATA41	388182
MIEF2	125170
MIR1262	100302279
MIR2053	100302225
RP11-203B9.4	101927211
NABP2	79035
C2orf76	130355
SNORA11E	101340250
CYP2S1	29785
ENKD1	84080
FAM92A1P2	403315
BPY2B	442868
RP11-1140I5.1	101927570
ULBP2	80328
RP11-135J2.3	101929648
AC068057.1	101927383
HBQ1	3049
RP11-526I2.5	441733
ENTPD3	956
RP11-95P13.1	101929689
TFAP2B	7021
AC010240.3	11017
WWC2-AS2	152641
RP11-12L8.1	101928995
RP4-662A9.2	154089
LINC00640	283553
RP11-863K10.2	101929622
LINC01114	284998
HMGA1P7	387065
HCG11	493812
WWC2-AS1	101928734
PRIM2	100996481
CD40	958
LINC00536	100859921
RP4-694A7.4	101927220
RP11-863K10.4	728024
TLK2	11011
ZMPSTE24	10269
MIR215	406997
ATP1A1OS	84852
LRRC24	441381
MIR194-1	406969
KCTD20	222658
PABPC3	5042
RETN	56729
MIR3926-2	100500870
RP1-224A6.3	101928043
ZNF79	7633
RP11-33B1.1	101926979
FRMD6-AS2	100874185
RP11-252C15.1	340357
CYP21A2	1589
MIR3198-2	100616400
SNORA36B	100302234
LINC00339	29092
RP11-367N14.2	389247
MIR148B	442892
ZNF830	91603
AMER2	219287
RP4-655J12.4	101929023
ATP2B4	493
AC141586.5	652276
SPG21	51324
DENND5A	23258
MIR4771-1	100616370
RP11-280K24.4	101927598
RP11-707A18.1	401134
MARCH5	54708
KIF3C	3797
PIN1P1	5301
LINC00838	100505583
LINC00681	101409254
RP11-277B15.2	101928484
RP11-453F18__B.1	286467
MIR650	723778
C19orf59	199675
AC007277.3	100130256
MIR4418	100616433
RP11-366L20.2	101927810
LINC00963	100506190
ADAMTS12	81792
AC083900.1	101927912
RP11-457M11.5	101929855
MIR4684	100616391
MSH5-SAPCD1	401251
AC007405.4	101926913
RP11-290F5.2	728175
AC002480.3	100506178
MIR4253	100422914
GUSBP2	387036
RP11-807H7.1	100144602
GMNN	51053
MTMR6	9107
ARSE	415
PARD3-AS1	100505601
RPL12	6136
CARS	833
LINC01010	154092
MIR3115	100422866
MIR548AC	100616384
C16orf86	388284
RP11-862G15.2	101929002
MIR4419A	100616177
MIR320B1	100302117
ADD2	119
C8orf82	414919
RP5-952N6.1	101927244
ANKS1A	23294
FGB	2244
ITPK1-AS1	319085
OR6W1P	89883
NTSR1	4923
LUC7L	55692
CTD-2201E18.3	648987
RP11-557H15.4	101928304
TMEM236	101928799
PERP	64065
TMEM97	27346
LINC00152	541471
LIMS1	100288695
H1FX	8971
HERC2P4	100289574
FBXW4P1	26226
RP11-10C8.2	101930286
MIR1269A	100302177
MIR186	406962
ULBP1	80329
MIR3611	100500890
P2RX1	5023
ERVK13-1	100507321
MIR1255B2	100313835
LINC00240	100133205
MIR548U	100422884
ITIH5	80760
CTSB	1508
IDH1-AS1	100507475
TRAPPC5	126003
RP11-584P21.2	101927237
MRC1	101928757
PSMB8	5696
ZRANB2-AS2	100852410
RAP2C-AS1	101928578
EFCAB12	90288
SYNRG	11276
GFOD2	81577
RP11-27K13.3	101929099
C21orf62	56245
RP1-287H17.1	101928277
RP11-343D24.2	101927293
RP5-886K2.3	100506963
LINC00867	100506126
RP11-295M18.2	101929730
MIR942	100126331
ANKRD36BP1	84832
MIR3143	100422934
ANKRD13A	88455
SRRM2-AS1	100128788
MRGBP	55257
YTHDF3-AS1	101410533
LIG3	3980
ATP6V1E1	529
HLA-AS1	100873924
TTC5	91875
UBA6-AS1	550112
MIR557	693142
AOAH	313
RP5-968D22.1	100505918
MYO18B	84700
STXBP5	134957
CTD-2035E11.4	101927030
VN1R10P	387316
BTN3A1	11119
RP11-421L10.1	400804
MIR548A2	693126
MIR378F	100616492
RP11-483H20.6	101929437
AL157902.3	100996263
OLIG2	10215
RP13-516M14.4	101929511
CTB-7E3.1	102557615
FCER2	2208
HS6ST2-AS1	100874102
ZNF204P	7754
ANKRD17	26057
CLDN20	49861
AC093818.1	101929947
RP5-968D22.3	101928565
ARSH	347527
CTC-264O10.1	101927908
RP11-191N8.2	101929771
CRIP3	401262
TSLP	85480
NEGR1-IT1	100852409
ALDH3A1	218
CARD16	114769
LINC00271	100131814
AC018737.3	101927801
AC025171.1	153684
AC007038.7	101928020
RP11-10N16.2	284632
POM121L14P	101930227
KIAA1244	57221
ABCC3	8714
DIP2A-IT1	100862692
SLC39A12	221074
RAPGEF4-AS1	91149
OGFR	11054
CDH22	64405
LINC00680	100996497
RP4-594I10.3	100506985
AL390877.1	100996626
OLIG1	116448
RP11-262K1.1	339468
LINC00626	79100
TMPRSS11GP	644759
CCL16	6360
IKZF5	64376
AC093609.1	100506047
NOX3	50508
MLK7-AS1	339751
LINC00970	101978719
CASP2	835
ARSF	416
CMBL	134147
RAET1L	154064
AIMP1	9255
RP4-598G3.1	101927295
ARHGAP39	80728
MIR4425	100616365
C7orf49	78996
TMLHE-AS1	101927830
RNU4-2	26834
CARD17	440068
MEF2C-AS1	101929423
RP5-1018K9.1	101928596
RP11-378J18.3	100506161
AXL	558
RTN3	10313
PHRF1	57661
RP1-206D15.3	101930556
RANBP10	57610
SLC35B2	347734
ANGEL1	23357
SYT14L	401135
ADAM5	255926
RP11-418J17.1	101929147
CARD18	59082
RP11-340I6.8	101930193
MYO5C	55930
FTLP10	100130017
AC004603.4	100289650
RP11-887P2.5	101928731
RP11-394G3.2	101928326
RP1-117P20.3	101928628
BAG3	9531
CDK15	65061
PSG10P	653492
SFXN3	81855
NPC1	4864
GIMAP4	55303
HSPA12B	116835
RP11-701P16.1	643036
PSD4	23550
CTB-78F1.2	101927885
RP13-143G15.3	644135
NUPL1	9818
RP11-701P16.5	731424
MIR3119-1	100423010
CCL14	6358
MIR3945	100500818
TBKBP1	9755
KSR2	283455
RP11-236P13.1	101927007
HAO2-IT1	100874270
MXRA5	25878
CLEC4G	339390
LINC01093	100506229
WDR36	134430
MIR4683	100616500
MIR3917	100500808
LINC01142	284688
FXR1	8087
CEACAMP10	284344
AC018470.4	285084
SNORD45C	692085
FAM151B	167555
MIR4455	100616111
SNORD45A	26805
ARRDC3	57561
IFNAR2	3455
C4orf46	201725
SNORD45B	26804
SH3BP5-AS1	100505696
RP11-550H2.1	101927342
RP11-576I22.2	101928650
SF3B4	10262
OR7E5P	219445
KDM4C	23081
RP11-386B13.3	101928905
GIMAP6	474344
PRKX	5613
RP11-700N1.1	100996694
hsa-mir-511	574445
RP11-231P20.2	101928303
LRSAM1	90678
CTB-178M22.2	101927862
OR7E2P	8587
GRIA4	2893
COL9A2	1298
DOCK10	55619
NOL11	25926
RGMA	56963
XXbac-BPG308K3.6	401242
H3F3AP4	440926
MIR363	574031
RP11-736K20.6	100506368
ETFDH	2110
MIR92A2	407049
MIR4270	100422868
LNPEP	4012
MIR103A1	100302238
MIR1295A	100847009
MIR19B2	406981
OR4F13P	390651
MIR3134	100422990
MIR20B	574032
MIR18B	574033
RP11-579E24.1	286184
MIR106A	406899
MAFK	7975
MAGOH2	100506898
MIR563	693148
RP11-355K23B.1	101930469
ULBP3	79465
DAZ3	57055
GLYCAM1	644076
SNORD62A	692093
HCG14	414760
MIR933	100126350
LINC00966	100130155
CTC-297N7.5	101101775
RP11-706O15.1	101930102
SLC25A31	83447
DPPA2P2	100128023
PSMB9	5698
INPP4B	8821
MIR1976	100302190
DXO	1797
RP11-504P24.4	100287497
HCFC1	3054
PRIM1	5557
LINC00690	100996597
RNASEH2C	84153
ADAMTS9-AS1	101929335
RP3-325F22.3	101928461
TRIM39	202658
HSD3BP4	128102
ZSCAN12P1	221584
HOXD-AS2	100506783
AIG1	51390
MIR124-2	406908
LAX1	54900
MBD4	8930
ADRB1	153
MIR3714	100500913
RPL14	9045
RP11-365O16.3	101927143
DBI	1622
NRCAM	4897
RP11-365O16.6	101927164
HCG16	101929874
MIR548F2	100313771
AP003025.2	101929653
NEXN-AS1	374987
TMEM184A	101927064
MIR320B2	100313769
ALDH7A1	501
MIR10B	406903
USP9Y	8287
LINC00622	644242
RP11-55K22.5	100294720
F11-AS1	285441
PPP5C	5536
MIR3166	100423040
COL9A3	1299
C12orf76	400073
MIR4742	100616468
ZSCAN16-AS1	100129195
RABEP2	79874
MKX	283078
RP11-3N2.13	442319
HOXD-AS1	401022
AP003039.3	101929637
GRM5-AS1	100873989
NLGN4X	57502
CTC-558O2.1	101927969
VWA7	80737
RNU6-16P	100873753
RP11-547D23.1	101927620
GORASP2	26003
MIR548AW	100846992
ZNF192P1	651302
NTM-IT	100874281
TOLLIP	54472
RP11-183M13.1	149047
RNU4-1	26835
PHKA1	5255
TMEM125	128218
MIR218-2	407001
MIR214	100422882
RNU6-48P	100887744
PRSS30P	124221
DNM3OS	100628315
ELL	8178
OTUD4	54726
RP11-356I2.1	100507406
RP11-448P19.1	646522
MIR4778	100616464
MIR199A2	406977
INPP5F	22876
PPID	5481
MEIS1-AS3	730198
AP5B1	91056
MIR4697	100616119
HSPA4L	22824
FAM181A-AS1	283592
ZDHHC8P1	150244
MIR5580	100847076
MEIS1-AS2	100873998
RP11-114O18.1	101929178
RAB10	10890
RP11-713P17.3	100128239
AZI1	22994
RP11-356I2.4	100130476
RP11-406O16.1	101928280
CTB-174D11.1	101927927
MTFMT	123263
OVOL1	5017
AC007392.3	100507073
MIR4308	100422984
MIR4506	100616140
NAALADL2-AS3	100862679
AC002480.2	401312
ERI3	79033
PLEC	5339
BCLAF1	9774
LINC00521	256369
PROM2	150696
MIR4789	100616395
IL10RB	3588
ZNF546	339327
SCARNA1	677774
LLPH	84298
ZC3H11A	441155
ADAMTS9-AS2	100507098
RP11-296O14.3	101928673
HIST2H2BA	337875
OR5V1	81696
TOB2P1	222699
NUDT16	131870
LINC01116	375295
AP000344.4	101929374
C1orf210	149466
FAM161A	84140
RP11-343N15.1	100873165
RP11-627G23.1	283177
GJD4	219770
RP11-462G2.1	101928353
AP000345.1	388882
RP11-138B4.1	339975
ZNF619	285267
PPP1R14C	81706
RP5-887A10.1	101927412
ITPKB-IT1	100506443
GAS5-AS1	100506046
ATP8A2	51761
TBX21	30009
MIR3145	100423001
AC007403.2	101060019
VCX3A	51481
CFL1	1072
SPEF2	79925
TAP1	6890
RP11-390P2.4	441172
ARID1B	57492
AC092162.1	101930299
MYO15B	80022
SF1	7536
CELP	1057
ATP2A3	489
RP11-565A3.2	100506272
AC005682.5	101927841
SNHG3	8420
LDLRAD2	401944
GIMAP2	26157
FZD8	8325
FNIP2	57600
RP5-837I24.2	101927434
SNORA73B	26768
GUSBP11	91316
TMBIM4	51643
AC023115.2	101930566
SLC35C2	51006
LA16c-325D7.2	101929566
TIE1	7075
CCNB1IP1	57820
SNORD93	692210
IFT20	90410
MSANTD4	84437
LINC00514	283875
SLC22A4	6583
SPTSSB	165679
HDHD1	8226
SNORA19	641451
RP13-638C3.4	3607
IFNAR1	3454
PBOV1	59351
MIR4525	100616196
MIR4444-2	100846999
RP11-388C12.1	101929552
RP11-485M7.3	100506102
MIR3128	100422824
SNHG12	692073
ACADSB	36
RPL23A	26809
DKK2	27123
PNO1	56902
AC074286.1	100130691
RP11-56L13.1	100507221
RFC5	5985
NAT9	26151
C20orf27	54976
ITFG3	83986
RP11-170N11.1	101927498
LRBA	987
BCL2L13	23786
RP11-417J8.3	101927209
AC019048.1	101929452
RP11-413G15.1	101927542
RP11-17M15.2	390705
RP11-473M20.5	100128770
GAS5	692197
CCDC17	149483
RP11-475O6.1	101927587
MIR4435-1	100616499
SSX8	280659
CXXC1	30827
C10orf118	55088
CCL15-CCL14	6359
ZBED6	100381270
RP11-12A2.3	645434
AC144521.1	101929587
LINC01158	100506421
ABO	28
ZNF503-AS1	253264
FKBP8	23770
LINC00472	79940
SNRPE	6635
UCA1	652995
LINC01060	401164
HEBP2	23593
IYD	389434
MIR3118-1	100423008
MARCH6	10299
SNX32	254122
ZNF847P	401983
RP5-899B16.1	100132735
SNORD99	692212
CTD-2029E14.1	102467074
OTOL1	131149
AC093616.4	101930107
TOP3A	7156
COCH	1690
GIMAP1	170575
STS	412
RNU11	26824
MIR5008	100847072
ZNF251	90987
RNU6-23P	100873755
C4orf45	152940
SNORD111B	100113402
SNORD111	692214
RAD21-AS1	100500914
MIR1289-2	100302134
HSPG2	3339
UOX	391051
AC013460.1	100506274
VAC14-AS1	100130894
IRF7	3665
PMEL	6490
MIR3620	100500810
MSRB2	22921
MIR30C2	407032
NFKBIE	4794
MIR30A	407029
PAPSS1	9061
MAGI1-IT1	151877
BASP1	10409
MAGI1-AS1	100873983
TMEM41B	440026
MTMR11	10903
AC009948.5	101927027
WIPF1	7456
PKHD1	5314
RBP2	5948
MED28	80306
MIR3668	100500879
MIR4465	100616180
RP3-437I16.1	101928460
RP11-278I4.2	101927513
STK19	8859
CD209	30835
NUP210P1	255330
MAL2	114569
KCNQ5-IT1	100507381
SEZ6L	23544
MIR4282	100423005
SOX13	9580
MIR4666A	100616308
MIR3661	100500905
SI	6476
AC104655.2	101927492
RAPGEF2	9693
VCX	26609
MIR3660	100500825
RP11-111I12.1	101929406
KCNQ5-AS1	100873997
ARMC4	55130
HSPA1L	3305
SLC39A5	283375
TTN-AS1	100506866
RP11-61G23.1	101929495
GIMAP5	100527949
RP11-756P10.2	101930449
RNA5S1	100169768
AC078941.1	644838
LINC00661	126536
GEMIN5	25929
FAM129B	64855
LINC01019	285577
MATN1-AS1	100129196
SLC22A5	6584
PLEKHM1	9842
FAM184B	27146
HBBP1	3044
RP11-215P8.4	102546229
TMEM261	90871
RP11-440G9.1	153910
IFNGR2	3460
PSMG3	84262
ZNF34	80778
RP11-589F5.3	101929812
AC005355.2	101927934
CDH18	1016
PNPLA4	8228
SLC51B	123264
HSPA1A	3304
MIR4420	100616164
RNA5S9	100169760
DAAM2	23500
RP11-462G22.1	101928971
RP11-439L18.3	100507489
RP11-121L11.2	102467075
IL21-AS1	100996941
RP11-432I5.1	100132529
SNORD24	26820
RP11-782C8.5	101930284
ARL1	400
RP11-713M15.1	101927543
RP1-65J11.5	400748
SNORD103A	692235
SNORA70D	100379141
LINC00905	148231
SNORD85	692200
INO80B	83444
AC104389.28	282763
SNORD36A	26815
RBP1	5947
RP11-670E13.3	246754
DUSP5P1	574029
MIR585	693170
IDE	3416
SNORD36C	26813
CNFN	84518
IPO7	10527
MIR4783	100616187
MIR3614	100500827
RASL12	51285
MIR450B	100126302
VCX2	51480
MIR450A1	554214
HAS2-AS1	594842
MIR450A2	574505
RP11-279F6.1	145837
TAMM41	132001
MIR542	664617
FAM138E	100124412
RP11-88I21.2	101927123
SNORD78	692198
KRR1	11103
MIR503HG	494336
SNORD71	692111
RNF126P1	376412
MIR4461	100616209
BRSK2	9024
DBH-AS1	138948
RP11-553A21.3	101928489
AF146191.4	728339
APOB	338
MIR378E	100616498
AC092580.4	101929531
DCAF16	54876
VCX3B	425054
LINC01091	285419
HLA-F-AS1	285830
MUS81	80198
STK38	11329
MIR1302-11	100422919
VARS	7407
RP11-463J17.1	101930513
RP11-554D15.1	101928516
MIR5700	100847031
MIR383	494332
AP000479.1	101927120
KAZALD1	81621
LINC00094	266655
GPBP1L1	60313
MIR4776-2	100616472
C6orf48	50854
KRT19P2	574449
RP11-399K21.11	101929189
ANKRD34B	340120
RP11-436I24.1	285740
CTC-276P9.1	101927953
LIPE	3991
MYCT1	80177
MIR4780	100616447
CTNND1	1500
KBTBD13	390594
MIR4438	100616375
TLCD1	116238
CTB-114C7.3	257358
UBAP1L	390595
RNF144B	255488
MIR4423	100616481
RP1-234P15.4	100506804
RP11-286M16.1	101927504
LINC00593	414926
ANKRD29	147463
ELFN1	392617
MIR4254	100423028
RP11-552D4.1	101927532
ADAM3A	1587
DUX4L9	554045
AC015969.3	101927723
NCAPG	64151
RP11-563K23.1	101928397
CTD-2270F17.1	101928033
MIR629	693214
CTC-349C3.2	340073
MORF4L2-AS1	340544
SHISA2	387914
VIP	7432
EPHA1-AS1	101929942
VWC2L-IT1	100885780
MIR5585	100847018
RP11-435B5.4	101927648
CTD-2161F6.3	101929153
KAL1	3730
ANKRD30A	91074
SPEF1	25876
FAM83A-AS1	100131726
RP11-543E8.1	101927553
MIR4463	100616389
ELMO1	9844
RP11-213H15.1	729040
RP11-415D17.4	101928540
KIAA1279	26128
TRIM51BP	399940
ZNF318	24149
MIR130A	406919
LINC00298	339788
MIR4454	100616234
MIR4663	100616260
GPKOW	27238
LINC00675	100289255
RP11-93I21.3	101927087
TMEM151B	441151
RP11-374P20.4	100130548
C11orf84	144097
RP11-222A5.1	101928751
MYO5A	4644
KY	339855
RP11-118E18.2	101927557
MTMR9LP	339483
LUCAT1	100505994
CLCA3P	9629
RP5-858B6.3	101927604
RP11-118E18.4	101927539
RP11-963H4.3	101928325
RNF6	6049
LL0XNC01-116E7.2	100128594
RP11-545I5.3	100507557
NHSL1	57224
ETNK2	55224
LINC00299	339789
SCARNA3	677679
AC139099.4	101929650
CCNB1	891
RP11-435B5.5	101927345
RP11-318I4.1	101927109
RP11-195C7.1	101930532
MIR1182	100302132
PLK4	10733
MIR548D1	100500863
TMEM176B	28959
PLGLA	285189
SPICE1	152185
DYNLL1-AS1	100506668
RP11-159D12.2	645460
FSTL5	56884
RP11-715G15.1	101928661
DHFR	1719
HLA-DOB	3112
AC139099.5	100505909
RNU6ATAC	100151684
TMEM87B	84910
KATNBL1P6	729176
RP11-673C5.2	101929196
SNRPD2P2	645339
TMEM50B	757
AC139099.3	101930151
MCTP2	55784
SRSF3	6428
RP11-59J16.1	101927149
PLA2G4B	100137049
RP11-295G20.2	101927626
ZNF780B	163131
STXBP5-AS1	729178
MIR4669	100616236
MPL	4352
MIR488	574441
FER1L6-AS1	439941
PDCD7	10081
CCDC8	83987
LINC00607	646324
RP4-612B15.2	101930666
RNVU1-1	101954273
RP11-89K21.1	100130502
CTC-321K16.4	340074
ZNF804A	91752
DENND3	22898
LINC00582	100287814
RP11-473E2.4	100506532
FER1L6-AS2	157376
DNAJB8-AS1	285224
PNMAL1	55228
RP11-728G15.1	101928300
RP11-704M14.1	101930401
HMGN3-AS1	100288198
MED1	5469
RP11-63B19.1	101928778
RP11-475N22.4	101927167
MAD1L1	8379
PPIL3	53938
HLA-DMB	3109
RP5-865N13.1	101927660
IFT81	28981
MIR5692C1	100847082
RP11-159D12.10	101927666
MSX2P1	55545
RP11-88L24.4	101927055
CD8BP	926
MIR548V	100422850
NNT-AS1	100652772
RGS11	8786
FAM9A	171482
RP11-66A2.2	101927683
RP11-37N22.1	101927588
TMEM140	55281
LINC01140	339524
RNF220	55182
BZRAP1-AS1	100506779
MAGIX	79917
GOLGA8G	100132565
TMEM69	51249
TSNAXIP1	55815
SIX3-AS1	100506108
RPS24	6229
OSBPL7	114881
RP11-806O11.1	101930275
PPP5D1	100506012
MIR3689C	100616333
OAS2	4939
MIR4427	100616390
LINC00993	101929520
MIR4700	100616329
MIR3689A	100500846
RP11-566E18.3	150967
TMEM132B	114795
RNF139-AS1	101927612
MIR3689D1	100616131
RNVU1-3	101954274
FBXO5	26271
ZNRD1-AS1	100507399
MIR3912	100500831
VTRNA2-1	100126299
MIR3126	100423030
RP4-544H6.2	100505768
MIR503	574506
CENPB	1059
LINC00629	100506757
ADAT2	134637
RP11-71G7.1	100505547
CXCL17	284340
MIR3689B	100500906
NMNAT3	349565
SMAD5-AS1	9597
MIR3689D2	100616344
MIR4671	100616380
FGA	2243
BID	637
CDK8	1024
AZGP1P1	646282
MRPL3	11222
C6orf229	101928603
MIR29B1	646329
IPP	3652
LIX1	167410
ZNF780A	101929205
AC009014.3	389332
RP11-255G21.1	101928684
MIR3689E	100616460
FAM9B	171483
MIR3689F	100616212
RNF113A	7737
FGF10-AS1	101927075
MIR3605	100500853
CTD-2547L16.1	101929066
AC073321.3	101928232
RP11-76N22.2	101927891
RP11-415J8.5	101929464
KBTBD3	143879
PMCHL2	5370
LINC01121	400952
RP5-827C21.4	101927765
LINC00501	100820709
UBD	10537
RP3-473B4.3	340581
NDUFA1	4694
DNAJC28	54943
RP5-855F14.1	100506795
CTD-2297D10.2	101929176
LINC00623	728855
WDR91	29062
RP11-250B2.5	101928714
RP11-664H17.1	100506393
TMEM242	729515
MIR331	442903
SNORA36C	100124535
RP11-85L21.4	101805489
PLEKHG1	57480
MIR3685	100500802
MIR548AN	100616144
MIR744	100126313
SMAP2	64744
LINC00184	100302691
OR2H2	7932
SSR3	6747
TLX1NB	100038246
CDC20	991
FSIP2	401024
GTF3C3	9330
GLRX5	51218
SERPINA13P	388007
LINC00670	284034
RP4-781K5.4	101927787
CDKN1A	1026
RP5-1007G16.1	402779
RP11-53O19.1	100506674
RP11-162J8.2	100128176
MIR25	407014
RP4-620F22.3	729930
ID4	3400
MIR93	407050
LINC00087	644596
REN	5972
MIR106B	406900
EFEMP2	30008
ASPHD2	57168
TLX1	3195
SLC3A1	6519
AC011747.7	100506299
LINC01132	100506810
LINC00633	101928677
AC005358.3	101928418
FAM65B	9750
DEFB136	613210
RP5-991C6.3	101928770
RP1-111D6.3	101928709
PPP1R26-AS1	100506599
MIR4658	100616439
AKAP14	158798
AASDHPPT	60496
TCP11	6954
MIR4803	100616377
TCL1B	9623
RP11-568K15.1	730102
CDC25B	994
MIR3173	100422981
DEFB135	613209
MIR874	100126343
MRC2	9902
ZNF143	7702
RP11-426A6.5	101928525
RNVU1-4	101954265
MIR552	693137
DICER1-AS1	400242
RXFP3	51289
CEACAM1	634
LRRC10	376132
MIR1258	100302172
PLAU	5328
LBX1	10660
C4A	721
DEFB134	613211
GATS	352954
RP11-98L5.2	100130954
GBP1P1	400759
HEXA-AS1	80072
CCL26	10344
DMRTC1B	728656
RP11-244H3.1	653160
MIR4662A	100616255
AC062029.1	101928403
STXBP1	6812
NPY6R	4888
CCNC	892
RASAL2-AS1	100302401
RP11-640M9.1	101929438
SNORA14B	677802
LINC00964	157381
MBOAT1	154141
MIR4753	100616224
SAMD5	389432
TNXB	7148
DEFB130	100133267
CLCN1	1180
RP11-1080G15.1	100128993
HMX3	340784
CTD-2024D23.1	100130964
LINC00083	400797
MIR630	693215
AC104820.2	101927156
RP11-420A23.1	101927184
CDH12	1010
HSD17B6	8630
RP11-244K5.8	100652739
KCNAB3	9196
ZNF705D	728957
MIR4424	100616328
KLHL7-AS1	100775104
TBL1X	6907
RP11-428K3.1	646976
RP6-191P20.4	101928335
HMX2	3167
ZNF205-AS1	81854
WDR70	55100
MIR4437	100616213
RGPD4-AS1	729121
CCL24	6369
RP11-417F21.1	100506142
RP11-130C6.1	101927259
ZDHHC14	79683
BTRC	8945
BEST3	144453
MOG	4340
USP17L2	645836
GUCY1A2	2977
RP11-473M20.14	100507458
ANKRD36BP2	645784
MAST2	23139
RPS2P32	256355
RP11-399K21.14	101929234
PCBP1-AS1	400960
RP5-1007M22.2	400761
MIR4673	100616242
RP11-15A1.3	100505715
SKA1	220134
PTPRD	5789
ADPGK-AS1	100287559
RAET1K	646024
RP11-15A1.7	101928063
KISS1	3814
C14orf166B	145497
MIR606	693191
HPS4	89781
MIR4674	100616301
AC073283.4	101927043
RP11-519M16.1	101927282
MTRF1L	54516
RHBDD2	57414
RP11-611D20.2	101928483
DDX11L9	100288486
AC084219.4	100379224
WBP1	23559
RP11-81N13.1	101927111
BUB3	9184
TMEM187	8269
KTN1-AS1	100129075
TCTE1	202500
RP5-943J3.1	101927975
SASH1	23328
GOLT1A	127845
RP11-265D19.6	100506790
EPC1	80314
CD19	930
OR1F2P	26184
CTD-2324F15.2	401172
MARK2	2011
GEMIN8P4	492303
GSTTP2	653399
CTD-2089N3.2	100287592
LZTS1-AS1	100874051
LINC00086	399668
RP11-30P6.6	101928820
TIMP4	7079
HLA-DMA	3108
RP11-251M1.1	101928612
MREG	55686
PPP3R1	5534
AC079586.1	151121
GTF3C2	2976
RP11-8P11.3	101929221
RAB19	401409
TCFL5	10732
NEK8	284086
FAM86B1	653333
MIR1537	100302139
KB-318B8.7	101929399
CTA-392C11.1	100996474
GART	2618
RP4-665J23.1	149351
ZNF620	253639
BCYRN1	618
TLK1	9874
RMDN1	51115
OTUD7B	56957
WASF3	10810
MIR4255	100422898
TCL1A	8115
MIR559	693144
MIR5003	100847029
MIR126	406913
LOXL1-AS1	101929252
AC079776.2	389033
TIPARP	25976
UBE2B	7320
PLEKHA6	22874
FAM179A	165186
ELOVL1	102466723
MIR652	724022
LINC01137	728431
MIR3978	100616491
LCORL	254251
CTD-2314G24.2	642366
PTF1A	256297
SNHG7	677824
FGG	2266
MIR5581	100847010
SNORD96B	692226
LINC01018	255167
LGALS8-AS1	100287902
RP5-1180C10.2	100527964
POM121L9P	29774
TDGF1P3	6998
RP11-385F5.5	101927925
MIR548AO	100847068
SNHG5	692088
NEU1	4758
RPL8	6132
MAPK4	5596
MIR3121	100423032
CNRIP1	25927
RAB6C-AS1	100131320
KXD1	79036
SNRNP48	154007
CTSW	1521
RP11-21C4.1	401463
MIR4428	100616141
CDHR5	53841
C10orf67	256815
RP11-193H5.1	100130331
RP11-421P23.1	286114
RP11-725G5.2	101929080
GPR12	2835
ZNF621	285268
LINC00341	79686
MKRN1	23608
HDAC3	8841
CWF19L2	143884
CTC-308K20.1	100268168
SRGN	5552
GVINP1	387751
GRK5-IT1	101927868
RANBP2	5903
MIR4681	100616398
FAR2	55711
LINC00890	401613
ANKRD52	283373
RP11-326G21.1	101929787
MIR4791	100616291
TMEM37	140738
RP11-324J3.1	100506238
IRAK1	3654
USP12	219333
SEC22B	101060309
MIR302E	100313774
GPR143	4935
DAZ4	57135
MIR3659	100500801
CCDC28A	25901
CTD-3025N20.2	286186
CTD-2311M21.2	102466872
RP11-24P4.1	101929172
RPP21	79897
RP11-214L19.1	339442
AC007557.2	101928305
SIDT1	54847
HNRNPUL1	11100
CTD-2516F10.2	100506258
RP11-540K16.1	101928973
LINC01139	339535
PABPC1L2B	645974
MIR4682	100616322
FAR2P1	440905
SMAD1	4086
MIR3136	100422859
RP11-153K16.1	101928441
CEACAM22P	388550
SCTR	6344
ADORA2A-AS1	646023
RP11-380B22.1	100287948
C12orf43	64897
NAGLU	4669
UBL7-AS1	440288
CENPH	64946
CCDC183-AS1	100131193
TMEM132C	92293
RP11-458D21.1	101928979
MOCS1	4337
LINC00967	100505659
RP11-460N16.1	101927152
WDR11-AS1	283089
AC079807.2	100506235
JMJD7	100137047
IRAK3	11213
RP11-10O17.1	101929333
PPARG	5468
SNORD21	6083
CXCR2P1	3580
CHRM3-AS1	100873984
MIR320A	407037
CDKN2AIPNL	91368
SNORA66	26782
RP11-346I3.4	100505676
RP11-614F17.2	101927305
PPP1R15B	84919
CTC-347C20.2	102477328
GS1-122H1.2	400799
RNVU1-6	101954276
DIDO1	11083
ARHGDIG	398
MIR4513	100616183
CTD-2530N21.4	100507071
GAREML	150946
PLEK	5341
RPS7P5	645884
PEX3	8504
CTD-2044J15.1	100505625
RP11-494M8.4	283299
PNMAL2	57469
PTTG3P	26255
SNORA74B	677841
APOC1P1	342
NFATC2IP	84901
MIR4292	100422860
RP11-61L23.2	154761
MIR4479	100616480
SNHG6	641648
CCT4	10575
CTD-2366F13.1	257396
AC021016.6	101928513
MIR1273C	100422821
TMEM176A	55365
RP11-69E11.4	728448
LIN28AP1	79727
RP11-521D12.5	100996549
LINC00272	388719
TRIM53AP	642569
FIBP	9158
MIR26B	407017
ZFP69B	65243
GNRHR2	114814
RP11-723O4.2	653712
KCNIP3	30818
MIR548AE1	100616305
STRN3	29966
MIR1202	100302259
RP11-317P15.4	284648
YWHAEP1	649395
RP11-142C4.6	283194
SNORD63	26785
ECT2L	345930
CYP3A7	100861540
AC007966.1	101927196
GIP	2695
SHROOM2	357
MRPS36	92259
CALM3	808
RP4-717I23.3	101930643
POM121L10P	646074
NKAP	79576
WI2-925H4.1	101929780
SPIC	121599
MIR4466	100616154
LINC00608	151300
RP11-443A13.5	101929328
JADE2	23338
CCL23	6368
OR5E1P	26343
PDZK1P1	728939
MIR486	102465696
PIK3C2B	5287
MIR4329	100423009
RP11-80B9.4	100506929
MIR142	406934
POR	5447
SNORA55	677834
RP11-87E22.2	101929237
FAS	355
AC097500.2	101927217
MIR375	494324
CLPX	10845
MIR3621	100500811
AC097468.4	100129175
SMG7-AS1	284649
SULT1C2P1	151234
HCCAT5	283902
BTN3A3	10384
TNFAIP1	7126
MIR3131	100422957
AARS2	57505
RIOK2	55781
PLP2	5355
MIR330	442902
MIR3692	100500899
RP11-140I24.1	100506172
PDIA2	64714
MIR642A	100500845
TMEM212	389177
MIR631	693216
ZFP69	339559
AP001258.4	101927204
MOGS	7841
CDK7	1022
CCDC59	29080
SNORD48	26801
SNX9	51429
SNORD52	26797
DISC1FP1	101929222
LINC00578	100505566
USP38	84640
MIR581	693166
AC002365.1	100288814
ABCC10	89845
MIR602	693187
SYNJ2-IT1	100874300
MRO	83876
MIR3123	100422856
RPL21	6144
RPL13AP3	645683
XXbac-BPG181B23.7	101929072
RNVU1-7	100312957
MIR4490	100616186
SLIT2	9353
MIR1261	100302228
IRF2BPL	64207
MIR769	768217
RP11-600K15.1	100505718
HCP5	10866
RP11-236J17.5	101927917
RP11-732M18.3	101930415
LINC00520	645687
AC009120.4	101928035
MIR4459	100616233
TMEM92	162461
PHLDA1	22822
RP11-188C12.3	100133077
MIR934	100126324
SRRD	402055
TATDN2P2	102465694
SNORA74A	26821
GS1-120K12.4	101929069
LINC00892	100128420
MIR3918	100500851
AC007682.1	730100
EZR-AS1	101409257
CTB-43P18.1	51247
RGS17	26575
WWC3	55841
CIPC	85457
MIR4261	100422929
SNORA3	619562
MAP2K6	5608
SNORA45	677826
OSTCP1	202459
MTHFD1L	25902
MED8	112950
RP4-565E6.1	101929292
DNM1P35	100128285
MIR4804	100616152
PRICKLE3	4007
OASL	8638
RP11-744J10.3	100505739
AC006262.5	645553
ARPP19	10776
RP11-24M17.4	101929408
SH3RF3-AS1	100287216
NAF1	92345
SDR9C7	121214
HADHA	3030
SNORA80B	100302743
MIR4265	100422863
NFYC-AS1	100130557
MIR4736	100616220
LEKR1	389170
MIR30E	407034
AC006262.6	93429
MIR30C1	407031
EXO5	64789
RP5-1033H22.2	100129046
RP11-112H10.4	101927688
CENPT	80152
CTD-2296D1.2	101929261
MIR4266	100423027
MIR4313	100423035
PIK3R3	8503
RP11-13P5.2	101929122
SPNS1	83985
RP11-159H10.3	101929759
RDH16	8608
MIR760	100126348
RAB44	401258
TMEM53	79639
CTB-35F21.2	101929696
GS1-279B7.1	100288079
MRPL10	124995
ULK2	9706
MIR561	693146
PTGIR	5739
LAMA3	3909
MIR1245A	100616324
C2orf71	388939
LINC01153	101927889
NR2F1-AS1	441094
RP3-393E18.2	401281
SNORD61	26787
MIR3129	100422908
MTRNR2L7	100288485
DACT3-AS1	100506068
CILP	8483
CPNE5	57699
GS1-204I12.1	101929093
SNORA20	677806
ELMO2	63916
ATE1-AS1	100130887
SNORA29	677812
CYP21A1P	1590
UST	10090
AIRN	100271873
MIR3941	100500866
GNG8	94235
RP11-288H12.3	729603
SGMS2	166929
ZNF248	57209
CYP3A4	1576
DMBT1P1	375940
RASL11A	387496
NPY1R	4886
MIR4469	100616115
TNXA	7146
MAP3K10	4294
RP11-875O11.2	286059
VPS26A	9559
MRPL53	116540
SCARNA13	677768
DACT3	147906
PECR	55825
RP11-1070N10.4	100506999
TRAPPC1	58485
TFIP11	24144
IRF1	3659
RP11-593F23.1	101929439
ACP1	52
RP11-148B18.3	100505940
RP11-261C10.3	101929966
TMEM9B-AS1	493900
MIR3162	100422880
RP11-333A23.4	101926892
AP000442.1	101927226
TYRO3P	7302
ENTHD2	146705
MAP7	9053
MRPL22	29093
CELA3B	23436
RP11-1090M7.1	100128006
AC003090.1	101927945
RP11-1149O23.3	389641
VPS45	11311
MIR1269B	100616494
MIR5691	100847015
GID8	54994
MTRNR2L2	100462981
KRT8P41	283102
LINC01057	101928079
RP11-564D11.3	399815
MIR1284	100302112
CPNE3	8895
MIR3713	100500855
AXIN1	8312
PARP16	54956
GTF3A	2971
LPAL2	80350
SNORA23	677808
OSBPL5	114879
RP11-480D4.1	729506
KLHL29	114818
C14orf132	101929186
DPRXP4	503645
MIR4677	100616343
PTRH1	138428
FBXO48	554251
NPY5R	4889
RP11-177H13.2	100507156
CYP2U1	113612
PPP2R3A	5523
MSH3	4437
MIR378G	100616321
SNORA35	677816
HLA-DRB6	3128
ZNF684	127396
GFOD1	54438
AC006111.1	101929751
RP11-278H7.1	339529
CTA-221G9.11	100128531
CELA3A	10136
TKTL2	84076
RP4-639F20.1	729970
LINC00877	285286
MIR764	100313838
MKI67	4288
RP11-307C19.1	101929457
PGAM1P5	100132594
LINC01024	100505636
MIR1912	100302144
OPRM1	4988
CTA-221G9.10	50861
MAP4K2	5871
CLIP4	79745
SLC17A9	63910
NR2F1	7025
RP11-313A24.1	101928098
MIR1298	100302153
TSPAN1	10103
MIR4436A	100616399
SCARNA9	100158262
RP3-462D8.2	101929416
IGF2BP1	10642
RP11-307C19.3	253044
MIR1911	100302222
RP11-95P2.1	100507501
SNORA25	684959
CYP26B1	56603
RP11-57H12.3	101928118
SNORA32	692063
RP11-9G1.3	101927359
SNORD6	692075
RP11-245G13.2	101929733
SNORA1	677792
CCDC85B	11007
SNORA8	654320
SLC2A1-AS1	440584
CTD-2632K10.1	101929478
CTNNB1	1499
TMA16	55319
SLC45A2	51151
TMEM198B	440104
AC005356.1	101926896
RP4-586O15.1	100996630
CLCN4	1183
TUBA4B	80086
MIR454	768216
RP11-14O19.1	101928169
FAM214A	56204
HNRNPU-AS1	284702
PARP2	10038
FAM157B	100996541
SAR1B	51128
FOSL1	8061
SZT2	23334
TTC9B	148014
IGDCC3	9543
SLC15A4	121260
PFN1P8	767846
HSD17B7P2	158160
RP4-617C6.1	440594
RGMB	285704
KIF4B	285643
PRPF40B	25766
PRKD2	25865
LINC00861	100130231
SZT2-AS1	102465440
AC062028.1	285150
RP11-286B14.1	100996635
MIR153-1	406944
AC013271.3	440895
GAB1	2549
CRYBB2P1	1416
OTUD1	220213
RP11-540A21.2	440028
NBPF13P	728989
MAB21L2	10586
PHF1	5252
C1orf228	339541
CCL18	6362
MMAA	166785
MIR4464	100616109
RP11-114H24.2	645752
SBF2-AS1	283104
RP11-313C15.1	101926908
PCDP1	200373
MIR3132	100423039
RP11-463J7.2	440704
CDC42	998
HADH	3033
C9orf117	286207
TMEM63C	57156
RP11-180I22.2	101929310
MIR4643	100616174
RP5-898J17.1	101928241
SGCD	6444
CASC6	101929083
SNORA68	26780
DDX3Y	8653
RP11-65D17.1	101927657
MDM4	4194
RP11-184I16.4	101929592
MCMBP	79892
MPP7	143098
DSEL	92126
TYRP1	7306
RFFL	117584
CNTD2	79935
BMP6	654
RIMS3	9783
RP11-89K10.1	101927679
RP11-541F9.1	100652834
MIR301A	407027
RP11-337C18.8	100505794
SPTBN5	51332
CTA-407F11.8	100996404
OPN4	94233
FHIT	2272
RPS3A	8944
C11orf68	83638
MIR3188	100422833
DPYD-AS1	100873932
LINC00613	100507528
PCAT1	100750225
MIR4268	100422959
PDIA3P1	171423
MIR4729	100616204
RP11-7O11.3	101929609
DPCD	25911
REPS1	85021
RP11-567L7.6	101927728
PRNCR1	101928577
ANO4	121601
SEPHS1P1	7697
MIR3189	100422943
XYLT2	64132
MYO1F	4542
CSN1S2AP	286828
TAB2	23118
RP11-690C23.2	255654
CCAT1	100507056
AP5S1	55317
TTC16	158248
MICAL3	57553
MIR21	406991
MIR4458HG	100616142
DPYD-AS2	100873933
FCAR	2204
CASC8	101930033
MIR4426	100616345
MARCH1	55016
MIR98	407054
RP11-439E19.1	101928139
PPIL1	51645
HLA-E	3133
MIRLET7F2	406889
MRPL28	10573
RP11-624J12.1	101927690
MIR920	100126320
FUCA2	2519
AC002321.1	100996390
MIR137HG	100616452
CCL3	6348
CASC11	100270680
ADAMTS10	81794
SLC5A8	160728
RP11-785F11.1	729307
DRAP1	10589
MTIF3	219402
DTX1	1840
FZD7	8324
BHLHE23	128408
SYP	6855
OTX2-AS1	100309464
CTD-2308L22.1	729770
LINC00624	100289211
MIR1278	100302163
C10orf55	414236
LINC01031	101929184
SON	6651
PVT1	100302185
CAMK4	814
SUPV3L1	6832
YTHDF1	54915
NAP1L2	4674
MIR640	693225
RP11-1H15.2	101928008
RP5-1070A16.1	729987
IGDCC4	57722
RP5-896L10.1	100129620
SNORA11	677799
CDX4	1046
DLK2	65989
RP11-439E19.3	149134
ERI3-IT1	100874278
NELFCD	51497
RP11-143A12.3	101929284
KIAA1217	56243
ZNF518A	9849
MIR5584	100847089
SNORD5	692072
RP11-413P11.1	101928270
RNU5F-1	26828
AC079354.1	100652824
SNORA18	677805
RNU5D-1	26830
MIR1304	100302240
CLEC4M	10332
MRVI1-AS1	100129827
TXNDC5	81567
LINC00336	401253
MID1	4281
CHIC1	53344
SNORD55	26811
CCT6P3	643180
SNORD46	94161
RHOXF2B	727940
LINC00663	284440
NYAP2	57624
MIR3934	100500873
GPR182	11318
SNORD38A	94162
POMGNT1	55624
LURAP1L	286343
AC084018.1	338799
LINC01016	100507584
RP11-685M7.5	692223
SLC6A10P	653562
CHD1	1105
CTD-2313F11.1	102467081
RP11-685M7.3	101928053
ALKBH8	91801
MIR4735	100616363
RP11-622A1.2	728040
MIR1205	100302161
CRIM1	101929500
MIR148A	406940
CLSTN2	64084
MANEA-AS1	101927288
MIR548L	100302275
RPL32P3	132241
MIR1207	100302175
BIRC7	79444
MIR1208	100302281
RHOXF1	158800
LNX2	222484
IRS1	3667
MIR448	554212
RP3-468B3.2	100653005
RP11-89M16.1	101927774
ACTL9	284382
ERGIC2	51290
MFSD8	256471
SLC17A5	26503
LINC01014	100874330
RP11-434I12.2	101926926
MIR3916	100500849
OR2Z1	284383
MIR4636	100616326
RP11-305E17.6	100506007
MIR1275	100302123
MIR553	693138
C4orf51	646603
TCL6	27004
RHOXF2	84528
SLC45A4	57210
ZFP57	346171
XXyac-YX155B6.5	100506011
LINC00977	728724
PPBPP2	10895
LONRF1	91694
STAU2-AS1	100128126
LDB3	11155
BLNK	29760
IFT122	101927266
TMEM8A	58986
RCOR2	283248
MIR548H3	100302287
ZCCHC13	389874
CPNE4	131034
HELB	92797
TPST2	8459
COX10-AS1	100874058
RHBDD1	84236
SYNJ2	8871
POLR1D	51082
LINC00616	641365
RPS15AP10	728963
SIRT5	23408
OSGEPL1-AS1	101409258
LINC00570	100874055
RP1-104O17.1	101927314
TOR2A	27433
CWC15	51503
RP11-84O12.4	100128787
RP11-407P15.2	100509620
SLC16A2	6567
MAVS	57506
MIR181A1HG	100131234
RP11-44F21.3	100507388
ZBTB33	10009
TSGA10IP	254187
MIR3686	100500839
RP11-44F21.2	101928702
RP11-561E1.1	101929342
MIR3655	100500820
SLC7A11-AS1	641364
MIR181B1	406955
RP11-140K17.3	101929243
VTRNA1-1	56664
ME2	4200
MIR181A1	406995
NAP1L1	4673
MIR4431	100616431
LINC00856	100132987
RP11-44F21.5	100505946
RP11-421L21.2	148867
WSB2	55884
RP11-495P10.5	101929325
BDKRB2	624
CTD-2201E9.1	101929338
TEKT4	150483
MED15P9	285103
LRRN2	10446
MIR2277	100313887
MIR2113	100302164
CHL1	10752
ONECUT1	3175
RP11-421L21.3	102606465
AC110781.3	100128374
NKAIN4	128414
RP4-533D7.5	101929626
MIR449A	554213
C2orf66	401027
FAM172A	83989
GSX1	219409
APLF	200558
MIR449B	693123
GDNF	2668
MIR449C	100313923
VTRNA1-2	56663
LINC00499	100874047
VTRNA1-3	56662
METTL25	84190
AKT2	208
PDX1	3651
SNHG18	100505806
GCSAML-AS1	148824
RP11-382E9.1	400800
HCCS	3052
MIR548AI	100616347
RP11-542G1.3	441025
CTB-33O18.3	285593
FTSJ2	29960
SPATS1	221409
CBWD3	101060578
RP5-1109J22.1	729041
LINC01123	440894
MIR5194	100847051
RBM5	10181
AC067945.4	101927336
ZC3H15	55854
MIR5687	100847019
ZNF827	101927707
RLIM	51132
RP4-575N6.4	101928370
RNF138P1	379013
RP11-630D6.5	101928809
RASAL1	8437
HLA-F	3134
MIR3682	100500850
CTB-43E15.3	101928136
ZBTB39	9880
CRYBB1	1414
MIR4429	100616469
FAM131B	9715
FAM53B-AS1	101927944
PAX8	7849
TMEM255A	55026
CDX2	1045
SART1	9092
RP1-93I3.1	101927352
RP5-1109J22.2	101929651
CTB-43E15.4	101928154
MCHR2-AS1	728012
NFYC	4802
AP4S1	11154
SNORD123	100113384
LRAT	101927965
MKNK1-AS1	100507423
TMEM169	92691
RNVU1-14	101954266
URAD	646625
WDR72	256764
WNT4	54361
NCR1	9437
RAB3IP	117177
MECP2	4204
EFCAB14-AS1	100130197
PCDHB18	54660
MIR5690	100847048
AC013401.2	100506993
VCL	7414
MIR4296	100423041
RP3-510O8.4	285847
RP1-257A15.1	101929239
LINC00862	554279
CRYBA4	1413
CYP4Z2P	163720
PCGEM1	64002
LINC00595	414243
PGAP1	80055
DNAJA1P5	94236
MOB2	81532
NUDT1	4521
RPL23AP32	56969
WEE1	7465
TDRD1	56165
RNVU1-15	101954267
PCDHB19P	84054
KIAA2022	340533
RP11-92G12.3	101929224
NAA40	79829
CAHM	100526820
MIR4267	100422994
ARSG	22901
POLL	27343
CTD-2143L24.1	285692
TIMD4	91937
HPYR1	93668
TAC3	6866
MIR320E	100422913
MIR4436B2	100847033
ELAC1	55520
AC005618.6	101930113
RP11-360P21.2	101928739
RNVU1-16	101954270
MIR3925	100500885
AC004889.1	101060696
CTD-2031P19.3	441072
GLT1D1	144423
AC090103.1	100507236
GTF2H4	2968
SYNPR	132204
CNTROB	116840
MIR548J	100313914
LAP3P2	101154753
MIR3191	100422899
WISP1-OT1	8840
FLT3	2322
RECQL5	9400
NIF3L1	60491
RP4-545C24.1	101928605
RP11-167P23.2	139629
NAPA-AS1	100505681
ARHGAP6	395
ZBTB40	9923
LINC00473	90632
GPR141	353345
SNORD23	692091
AC106875.1	100506405
MN1	4330
RBM46	166863
EXOC6B	23233
RPS10P7	376693
PCDHGB8P	56120
MIAT	440823
NKAIN1P1	642691
TGFB1	7040
XRCC5	7520
AC012456.3	101929752
CTD-2024I7.13	100505658
RP1-153P14.8	100505530
PRORSD1P	344405
UBA52	7311
NME4	4833
IPO9-AS1	100873949
LINC00116	205251
RP1-153P14.3	100505550
KIF2C	11004
EHD4	30844
MIR548S	100422862
MIR5191	100847050
EPDR1	54749
RP11-622K12.1	550643
MIR1231	100302158
SH3D19	152503
RP11-14N7.2	100996735
MIR4262	100422996
LINC00577	100113403
RP4-655C5.4	101929297
AC018799.1	101927406
LINC00853	100874253
FAR2P2	100288897
CCNL1	57018
RP1-18D14.7	101930541
CTC-241F20.3	100505812
ZMIZ1	57178
BVES-AS1	154442
FOXD2-AS1	84793
PITPNB	23760
MIR4462	100616413
COQ10A	93058
MIR4733	100616266
SH2D3C	10044
RP11-1223D19.1	100507334
CDK12	51755
AC006196.1	101927431
RPS6KA2-IT1	100874353
MIR1913	100302141
ABCB7	22
MIR504	574507
CTD-2309H9.3	101927798
BTBD9-AS1	101929425
MIR4724	100616248
MIR193A	406968
HAVCR1	26762
RP11-157E21.1	101927822
FGF13-AS1	100129662
RPS6KA2-AS1	100861523
MIR4725	100616449
GIN1	54826
MIR365B	100126356
ARFGAP1	55738
RP11-543D5.2	388630
ZFAT-AS1	594840
MGMT	4255
AMACR	23600
CNGB3	54714
PTPRVP	148713
TBC1D3P1-DHX40P1	653645
GPR20	2843
MIR548H4	100313884
MIR3939	100500857
CACNA1F	778
NPY2R	4887
SEC1P	653677
CCDC97	90324
NME8	51314
RP1-207H1.3	100131047
TRIM61	391712
MIR3135A	100422901
LRRC46	90506
SKINTL	391037
SGOL1-AS1	100874028
SMARCA5	8467
MAP3K5	4217
PTP4A3	11156
OR10V2P	81343
UNC13C	440279
AC107622.1	101927829
SH3GL1P1	6458
FAM218A	152756
SUMO4	387082
RP11-351J23.2	401286
MIR4634	100616202
VENTXP7	391518
CTC-281M20.1	441116
RP1-60O19.1	100422737
ZNF517	340385
AC020571.3	101927482
PLEKHO1	51177
NR2F2	7026
SWAP70	23075
CTB-60B18.10	101059948
TRIM60	166655
MLLT4-AS1	653483
SRD5A1P1	6719
RP11-61I13.3	100505635
NLRP7	199713
ZNF826P	101929933
LINC00477	144360
AC005592.2	101926941
IL5	3567
DUSP8	101927562
ELMOD1	643923
SMAD4	4089
CYP4F62P	646802
EIF1AD	84285
LINC00301	283197
STARD4	134429
RP11-141A19.2	101929721
FOXD4L3	286380
CRLF1	9244
KIF25-AS1	100505879
AGBL4-IT1	100874313
CEACAM8	1088
MAP9	79884
TMEM192	201931
DONSON	29980
CHRNA1	1134
RNVU1-17	101954269
MIR505	574508
DPP8	54878
COX8A	1351
CTD-2275D24.4	102503429
MIR587	693172
ZC3H12D	340152
CTD-2275D24.2	101929082
TDRG1	732253
MIR4324	100422979
FAHD2A	51011
RP11-503C24.4	101929420
RP11-403I13.4	100293748
C6orf89	221477
PROKR1	10887
CYP3A43	64816
AC010524.2	101928295
MIR1270-1	100423024
TRAF4	9618
SPATA8	145946
IPCEF1	26034
COL4A4	1286
RP11-252A24.3	440386
SNORD32A	26819
LINC00951	401260
RP1-90L6.2	101929539
RP11-252A24.7	2734
SNORD34	26817
PCAT6	100506696
RP11-552E20.4	101929515
SNORD35A	26816
DECR2	26063
KRTAP5-1	387264
AMELX	265
LINC00870	201617
MIR4488	100616470
PRDM9	56979
RP3-495K2.2	101929460
KRTAP5-2	440021
ZMIZ1-AS1	283050
RP11-443N24.1	732360
FCF1P6	51077
OR2A20P	441295
RP11-855O10.2	101927495
C4orf29	80167
OSTM1-AS1	100287366
PSG3	5680
ZNF25	219749
RP11-417E7.1	101929484
CYP4F30P	100132708
LINC00869	57234
RPLP0P2	113157
DENND2A	27147
PAN3	255967
EHMT2	10919
C19orf60	55049
LEF1	51176
RP11-417E7.2	101929504
TMEM199	100616388
LINC00923	91948
CTA-992D9.6	284898
CDC5L	988
ULK4	54986
AC016700.5	100133985
RP11-467L20.10	26070
TMEM91	641649
SNORA7B	677797
ARRDC4	91947
MIR1285-2	100302268
CRHR1	1394
EPHA8	2046
RASSF8-AS1	100506451
TEX36-AS1	100169752
PGM5	5239
CNTN6	27255
RP11-844P9.2	643201
LINC00222	387111
XXyac-YR29IB3.1	101928833
TMCC1-AS1	100507032
OTUB1	101927673
MIR320D2	100302169
RP11-480I12.7	148709
LINC00242	401288
TTC28	23331
BANF1	8815
LINC00574	80069
MIR611	693196
ARHGAP26-AS1	100874239
MIR1908	100302263
PHACTR2	9749
KLHL2	11275
LAT	27040
AC156455.1	100506691
RP11-124K4.1	101926950
CTA-929C8.6	100507657
LURAP1	541468
FBLN7	129804
RNVU1-19	101954277
RP11-810P12.5	100507521
RP11-38O14.5	401980
TGFA-IT1	100874273
BLOC1S5	63915
RSL24D1	51187
RP5-1086L22.1	154449
RP11-308D13.3	101927490
SUMO1	7341
RP5-894D12.5	285804
TMTC2	160335
RP11-384O8.1	440934
RP5-894D12.3	401289
SBF2	81846
MRPL27	51264
RP11-392B6.1	101927516
FAM169B	283777
LSM6	11157
ATAD2B	54454
TMEM59L	25789
PLA2G4E	123745
MIR4644	100616430
MARCH10	162333
EBF3	253738
RP11-425I13.3	100129858
ARHGAP25	9938
LINC01136	730227
RP11-331F4.4	100506281
SNORA57	692158
MEN1	4221
MSL3	10943
CST6	1474
TTC28-AS1	284900
HAVCR2	84868
KIF11	3832
AC007040.7	101927750
RAD54L	8438
RNVU1-20	101954268
CCDC162P	221262
RP11-357C3.3	92249
AOC1	26
MIR30B	407030
RNU2-2P	26855
MIR30D	407033
SCT	6343
BDKRB1	623
KCNJ16	3773
RP11-1057B8.2	101927845
CATSPER1	117144
MIR1271	100302203
RP11-362F19.1	100507639
KRTAP5-3	387266
RP11-452N4.1	286094
LINC00293	497634
IGF1R	3480
SLN	6588
DRD4	1815
MIR5197	100846991
PHAX	51808
MIR4450	100616299
RP11-214O1.2	84815
MIR548AH	100616254
IL1R2	7850
CCDC141	285025
PSG8	440533
CCDC125	202243
KRTAP5-4	387267
MIR4281	100422962
PEX5L-AS2	101928790
KRTAP5-5	439915
LINC00617	100507043
SEC23IP	11196
ZBED5-AS1	729013
SPANXA2-OT1	619455
RP1-171K16.5	645188
PPIL4	85313
AC013264.2	101927596
ATG2B	55102
ANKRD44-IT1	101927547
C17orf97	400566
KRTAP5-6	440023
CCL4	6351
AC005772.2	101928475
APBA2	321
CDRT7	94150
SNHG1	23642
TRIM43	653192
IFITM10	402778
CDRT8	94151
ZNF33A	7581
THAP11	57215
MIR4731	100616125
FAM101B	359845
E2F3	1871
CCDC138	165055
RP11-238K6.1	401478
PARP10	84875
PLA2G4D	283748
ZNF7	7553
GAL3ST3	89792
RAB11FIP3	9727
HIST2H2BC	337873
MIR3139	100423017
PPIP5K2	23262
GLRX3	10539
CDK9	1025
MIR4299	100423026
RP11-375B1.3	102577424
SLC35F2	54733
RAB27A	5873
CRYZL1	9946
ZYX	7791
NUTF2	128322
LINC00568	100874054
SEC24A	10802
SMARCA5-AS1	100128055
MPDZ	8777
PRR7-AS1	340037
COL4A3	1285
RAD50	10111
CTD-2236F14.1	101929109
MIR5681A	100847091
NLRP2	55655
MIR151A	442893
MIR4257	100422997
SATB2-AS1	150538
DEAF1	101927373
LINC01094	100505702
FLT1	2321
LINC00958	100506305
RP11-349A22.5	379025
GUSBP5	441046
SNORA47	677828
TRIM42	287015
CASC9	101805492
KIAA1456	101927137
LRFN2	57497
GPR26	2849
AC004947.2	100506289
RP11-712B9.2	101929295
SLC10A7	84068
MIR3199-2	100423034
RP11-1277A3.2	202181
NEUROD2	4761
MIR5096	100616427
MIR217	406999
SF3B2	10992
MEX3C	51320
MIR216A	406998
MIR216B	100126319
AP3M1	26985
RP11-178C3.2	101927755
AC073043.1	101927687
AC011306.1	101927165
UNC5CL	222643
LINC01111	101926978
RMST	196475
MROH5	389690
RP11-126K1.6	101927886
C17orf89	284184
B4GALNT2	124872
RP11-420J11.2	100505609
MIR4439	100616207
FAR2P4	440910
LINC01088	100505875
EGFLAM	133584
ZFHX4-AS1	100192378
HLA-G	3135
KLHL26	55295
MIR554	693139
GUCY1A3	2982
AC007743.1	100129434
RP11-96P7.1	101928203
TJAP1	93643
HOTAIRM1	100506311
MIR4719	100616172
CPXM2	119587
RP11-231N3.1	101928132
ZDHHC22	283576
CTSD	1509
LRRC41	10489
GGA3	23163
PIGB	9488
MIR5702	100847053
EME1	146956
CTD-2023N9.3	100996645
SPON1	10418
MIR1260B	100422991
LINC00989	100506035
JRKL-AS1	100874053
ZNRF3-AS1	100874123
SLC25A36	55186
RP11-423H2.1	728554
ANP32E	81611
C1QA	712
ALK	238
ALMS1-IT1	100874291
SNTN	132203
TMEM104	54868
CDK2	1017
RP11-98D18.9	101927929
RP11-234K19.1	101928918
SNORD59A	26789
RP11-383C5.3	283038
ALMS1P	200420
RP11-478P10.1	101928539
CNKSR3	154043
RP11-594N15.2	101927003
PACRGL	133015
ZNF334	55713
PCAT4	118425
SNORD125	100500833
CTD-2037L6.2	101928569
MIR5703	100847081
AC097374.2	101927527
NBPF18P	441908
MIR150	406942
NGB	58157
RFPL1S	10740
C1QC	714
RP11-383C5.4	399821
PLA2G4F	255189
DGUOK-AS1	100874048
EVI5L	115704
CTD-2561J22.5	101928983
CCDC142	84865
FAM189A1	23359
OPN1LW	5956
PSG1	5669
POU5F2	134187
PRRT1	100507547
CAPN15	6650
HYI	81888
MIR1468	100302115
HECTD1	25831
RP11-27N21.3	101930651
BOLA3-AS1	100507171
LINC00664	400680
SLC38A10	124565
MIR632	693217
EDRF1-AS1	101927983
FLG-AS1	339400
EDC4	23644
PTOV1-AS1	100506033
C1QB	713
RP11-26J3.1	101927040
CTD-2383M3.1	100128386
MIR4749	100616313
TEP1	7011
PGPEP1L	145814
CAMLG	819
ITGAV	3685
HLA-C	3107
MIR3920	100500823
MACROD1	28992
FGF3	2248
CTA-85E5.10	101929664
COL20A1	57642
MIR548AE2	100616339
RP13-1039J1.2	100288570
MIR5708	100847056
MIR1251	100302289
ROPN1L	83853
RAB39A	54734
MIR135A2	406926
HADHB	3032
MIR4750	100616314
KIAA0825	285600
RP11-626H12.3	101928443
MIR4751	100616483
RP11-243A14.1	101927009
PEX5	5830
ANO1-AS2	100009613
VSIG10	101928274
NDNL2	56160
AKAP12	9590
KIAA2018	205717
CCDC7	79741
MIR4484	100616327
FNDC3B	101928615
MIR582	693167
NFASC	23114
ZC3H8	84524
RP1-13P20.6	101927988
UQCRH	440567
ALDH2	217
SERAC1	84947
MSMO1	6307
DLC1	10395
RP1-140J1.1	101928009
GBA	2629
DCTN1-AS1	100189589
VTN	645832
SYNM	23336
POMT2	29954
RP11-315O6.1	101928424
C16orf11	146325
TSNARE1	203062
CD109	135228
RP11-100N20.1	101928942
AC007131.1	101927285
CCPG1	9236
STRN4	29888
WTAPP1	100288077
NOP58	51602
CNTN4	152330
NAA50	80218
PART1	25859
PANK2	80025
CTD-2037K23.2	728769
PRSS48	345062
EPHB2	2048
OR9Q1	219956
MIR583	693168
RP11-809O17.1	101927963
LARP1B	55132
CTD-2126E3.1	400710
ACTR3BP5	399746
EEF1E1	9521
NSUN4	387338
OR7E14P	10819
KCNH2	3757
FRMPD4	9758
CTD-3064M3.1	731779
GRIP1	23426
CTD-3193O13.9	80164
CTD-2126E3.4	101928432
RP11-1016B18.1	643711
GP6	51206
AKAP10	11216
RP1-130H16.16	85371
CTD-3064M3.4	401480
B9D2	80776
SCAMP1	9522
SNORD14A	26822
SPR	6697
RP11-678G14.4	101929007
ALB	213
AC096670.3	400997
VWA2	340706
RP11-876N24.4	100505564
OCSTAMP	128506
RP4-539M6.22	646513
C5orf48	389320
PIGQ	9091
RPS8	94163
MIR4472-1	100616268
NPIPB11	728888
LINC00051	619434
SDC4P	376844
HLA-A	3105
RP11-127B20.3	101928963
NAPSB	256236
ZBTB2	57621
RP11-420K14.6	641367
UTY	7404
FAM160A1	729830
RP11-345J4.5	552900
MIR4435-1HG	101930489
FPGS	2356
POMP	51371
AC145123.2	101928087
LINC00691	152024
CDKAL1	54901
PRPS2	5634
SOX2-OT	347689
TJP1	7082
MED7	9443
THRB-AS1	644990
P2RX7	5027
LRRC8E	80131
FLRT1	23769
MIR4792	100616448
MIR4737	100616210
AOX2P	344454
MIR3200	100422912
CTC-436P18.1	101928630
CHN1	1123
MORC2-AS1	150291
RMND1	55005
CTD-2319I12.1	645638
MIR5698	100847024
KCNQ4	9132
TEX28P2	101060234
MIR190B	100126346
FAAH	2166
BCKDHA	593
CTD-2292P10.4	100288181
BOLA2	654483
SLC46A3	283537
PACS1	55690
PPP2R2B-IT1	100874361
C15orf65	145788
TANC2	26115
TUG1	55000
RP11-165P7.1	101928646
LMNB1	4001
ITK	3702
RP11-575H3.1	101926969
PPT2	80864
C8orf86	389649
PNPLA8	50640
RP11-350G8.5	101928101
RP11-273G15.2	100133669
PEX7	5191
ANKRD33B	651746
MMP12	4321
RP11-350G8.9	126669
RNU6-45P	100873759
STIP1	10963
RP11-373N22.3	102546294
OR6Q1	219952
LBX2-AS1	151534
CDC42P3	100128627
CA14	23632
OR9I1	219954
GNL1	2794
RNF24	11237
MIR4258	100423020
RASGRF2	5924
OR9Q2	219957
RP11-307C12.11	100505666
SESTD1	91404
AC007163.3	100507140
SLC13A3	64849
HHEX	3087
OR1S2	219958
ZNF37A	101929740
EPS8L2	64787
MAP2K7	5609
MIR584	693169
OR1S1	219959
SFRP4	6424
DYX1C1	161582
FANK1-AS1	101410540
RP11-345M22.1	101928248
ATP2A2	488
MIR92B	693235
OR10Q1	219960
FAM189B	10712
AC104135.4	101927861
IL17A	3605
RNU6-31P	100873740
AC027612.6	654342
OR10W1	81341
ABRACL	58527
ADK	132
OR5B17	219965
CDC42BPG	55561
OR5B3	441608
RP11-345M22.2	102467146
OR5B2	390190
OPN1MW	101060233
LINC00601	101101772
RNU6-36P	100873757
MIR5000	100846995
MIR4495	100616287
OR5B12	390191
GINM1	116254
BEST4	266675
MIR4303	100422924
GUCY1B3	2983
OR5B21	219968
CUL5	8065
CPE	1363
MTUS2	23281
MRGPRG	386746
CHEK2	11200
SLC9A7P1	121456
PEX26	55670
NHLRC4	283948
GBAP1	2630
CHRNA4	1137
SCRN2	90507
TMPO-AS1	100128191
DCC	1630
HECA	51696
MRGPRE	116534
TLR7	51284
LPXN	9404
PET112	5188
EMX1	2016
GNGT2	2793
DDX46	9879
ACPP	55
hsa-mir-892c	102466721
MIR890	100126303
MIR4432	100616473
RP11-423H2.3	100128340
MIR888	100126306
FAM222B	55731
MIR892A	100126342
GRIN2C	2905
STAG3L5P	101735302
STARD3NL	83930
DMBX1	127343
MIR892B	100126307
SCAMP3	10067
TBC1D3B	414059
EXOC6	54536
SCAF8	22828
MIR891B	100126304
MIR891A	100126341
RP11-2O17.2	101928651
TXLNB	167838
MIR3928	100500901
RP11-1E3.1	102546227
RP11-313J2.1	441666
SMOX	54498
RP3-400N23.6	101929760
PRDM13	59336
PPP1R1B	84152
AC010733.4	400957
PLK3	1263
RAB40C	57799
STAG3L5P-PVRIG2P-PILRB	101752399
OARD1	221443
SAA3P	6290
YTHDC1	91746
TLR8	51311
CCNYL2	414194
OVCH1	341350
TMEM132D	121256
AC017002.1	101928173
KNCN	148930
PYGO1	26108
CTD-2170G1.2	100506526
RNU6-28P	100873756
TLL1	7092
PI16	221476
MCHR2	84539
AC012613.2	101927031
TMSB4X	7114
RDH13	112724
TUBA8	51807
RP11-31I22.1	100506677
CTD-2545M3.8	100506114
GMCL1P1	64396
FAM186B	84070
LINC00575	439934
PVRIG2P	101752334
CTC-457E21.1	101929124
AC098823.3	151475
HOXA-AS2	285943
SLX1B	548593
CTC-457E21.2	100128139
CRTC1	23373
SLC35B3	51000
LINC00839	84856
RELL2	285613
MIR143HG	728264
ACAT1	38
ZNF195	7748
FIGLA	344018
MIR575	693160
TACC1	6867
MIR3159	100423016
PRTG	283659
PTPRF	5792
RP11-31I22.4	147004
SNORD88B	692203
ZNF37BP	100129482
SNORD88A	692202
GTF2H5	404672
AC016747.3	339803
TAF9	102157402
PCOLCE-AS1	100129845
CTC-457E21.3	440518
AC015922.6	101928567
SNX8	102465503
ZC3H6	376940
AACSP1	729522
SIM1	6492
THAP9-AS1	100499177
CCDC22	28952
RP13-582O9.5	100507316
MIR555	693140
ADM	133
CLEC4F	165530
AC012507.3	151484
SPTY2D1-AS1	100506540
HKDC1	80201
BAI1	575
MYBPC1	4604
LRRC73	221424
POU5F1P4	645682
MYO1A	4640
EHD1	10938
KCNJ2	3759
IL17F	112744
USP18	11274
ANKRD32	84250
SLC7A1	6541
WFIKKN1	117166
PEBP1	5037
RHPN1-AS1	78998
ADCK2	90956
AC011516.2	374890
MIR1288	100302124
CLK2	1196
SCARNA20	677681
SYT8	90019
NOL7	51406
RP11-450K4.1	100507066
CITED4	163732
KLC2	64837
TULP4	56995
MSL2	55167
ASH1L-AS1	645676
SLC35D3	340146
AP1B1P1	23782
ZZEF1	23140
KCNQ2	3785
ATP6V1A	523
C6orf211	79624
RP11-119F19.2	101060691
MBD2	8932
FAM9C	171484
RP11-429J17.2	286076
KATNA1	11104
LACTBL1	646262
FERMT3	83706
C16orf13	84326
ABI3	51225
SNORA53	677832
EIF2B4	8890
C1orf234	729059
C1QTNF3	114899
MIR4664	100616318
IL20RA	53832
FAM83H-AS1	100128338
TTC39C	125488
LRRC16A	55604
MARCH3	115123
FRMD8P1	83957
ORC2	4999
TMEM177	80775
ATF6B	1388
IL5RA	3568
ARL5A	101929356
ZFP91	80829
AC006004.1	101928700
TRAK1	22906
CTPS1	1503
COMMD5	101928879
RP11-8L2.1	101928978
AC073869.20	401010
SEMA3F	6405
SULT1A4	101929857
MIR548F4	100313895
SLITRK3	22865
MIR937	100126338
MIR4693	100616457
AC005518.2	100507538
CITED2	10370
ASCC3	10973
MIR661	724031
DAP	1611
APH1A	51107
ADRA1D	146
HCN3	57657
CTD-2568A17.5	284365
AKR1C2	101930400
KDM1A	23028
RAB5B	5869
MIR4784	100616378
MCM3	4172
RP1-149A16.3	339666
MKNK1	8569
KLKP1	606293
ZNRD1	30834
FAM211A-AS1	692106
PPIF	10105
AC093838.4	150776
PKLR	5313
PSG6	5675
EIF3B	8662
RP11-693N9.2	643733
BTN2A1	11120
TTC31	64427
STRA8	346673
SLC6A15	55117
BMPR1A	657
SNORA42	677823
CTD-2201I18.1	101929215
SCARNA4	677771
POLR1C	9533
UBL3	5412
BCHE	590
CFLAR-AS1	65072
DGCR6	8214
COMP	1311
ATXN3L	92552
MIR548H2	100313773
CNTF	1270
CD207	50489
NREP	9315
SPATA3-AS1	348761
MIR9-1	407046
RP11-485G7.6	101927071
C8orf48	157773
NMBR	4829
OPLAH	26873
MIR4442	100616477
C4B	100293534
TCTEX1D4	343521
CTD-3088G3.6	101927131
RAD51D	5892
PTPLAD1	51495
SNORA70B	100124537
MTCH1	23787
MIR223	407008
GLYAT	10249
FZD10	11211
AMPD3	100130460
SGCZ	137868
CTD-3187F8.14	101928517
VPS39	23339
BCAR4	400500
FAM195A	84331
CIRH1A	84916
BTBD19	149478
RAB1B	81876
MIR5586	100847088
CS	1431
MIR143	406935
SIGLEC17P	284367
CTD-2272D18.1	101927141
TGFBR3L	100507588
COMMD1	150684
EGFL6	25975
MIR4777	100616317
LINC00273	649159
PPAPDC1A	196051
TMEM105	284186
MIR145	406937
TKTL1	8277
IL1R1	3554
CTD-2144E22.8	100505948
RP11-18F14.1	101928276
CTB-89H12.4	1452
SNORA75	654321
SNORD20	6082
MIR4764	100616295
SNORD82	25826
WDFY3-AS2	404201
MIR1228	100302201
LINC00471	151477
SNAPC2	6618
AC079922.3	400999
RP11-165M1.3	101927227
FAM150B	285016
LARGE-AS1	100506195
RP11-314O13.1	100996425
CABYR	26256
PIWIL1	9271
MIR378A	494327
CDH10	1008
TTC23	64927
TMEM181	57583
GLYATL2	219970
CCDC170	80129
MIR4451	100616349
MIR4718	100616195
RP11-1055B8.7	57597
RGMB-AS1	503569
ZNF250	58500
KATNAL1	84056
AC079354.3	729224
FMNL3	91010
EXOSC5	56915
CNOT4	4850
RP11-215E13.1	101927239
RP11-317J10.2	100996348
CTD-2291D10.2	101929164
U91319.1	101927287
CTD-2291D10.1	101929144
CNIH2	254263
PSG7	5676
LRRC59	55379
CTC-367J11.1	102546298
RP11-406H4.1	101928937
NEDD4	4734
FCHSD1	89848
SPSB4	92369
PAX8-AS1	654433
CTC-512J14.5	441089
REXO1L2P	100288527
SUPT3H	8464
PTPN4	5775
GOLGA2P5	55592
ATG2A	23130
PRNP	5621
RP11-680E19.1	101928535
NPAT	4863
NAV2-AS5	100874012
C19orf47	126526
NAV2-AS4	399876
LTV1	84946
TTTY9B	425057
TUSC3	7991
MIR4486	100616118
ZBBX	79740
CNTN2	6900
RP11-15H20.5	100132815
MIR1471	100302126
RP11-359E10.1	100126784
MIR4694	100616426
VTA1	51534
MIR562	693147
MIR4720	100616150
TRGC1	445347
WDR11	55717
ECEL1P2	347694
TRNT1	51095
SPECC1	92521
TMEM120A	83862
ERAL1	26284
PTCH2	8643
ANKRD40	91369
RP11-960L18.1	101928342
PRND	23627
SOX9	6662
EPS8L1	54869
HLA-B	3106
AFAP1L2	84632
DYNLT1	6993
TNNI2	7136
ENG	2022
YIF1A	10897
MIR616	693201
AL391005.1	387720
RP11-778J15.1	101929064
RN7SKP54	140453
RNY5	6090
MIR4452	100616463
MIR4653	100616117
FAM71B	153745
TCEANC	170082
CTXN1	404217
TCERG1L	256536
RASSF2	9770
FAM25C	100133093
DNAJC19	131118
AKR1C3	8644
IL7R	3575
TRPT1	83707
TAOK3	51347
RP11-182L21.6	642361
KCNIP4	80333
MIR5001	100847037
RPL34	6164
WDR90	197335
RP11-1379J22.2	101928445
MIR1237	100302280
RAB9A	9367
LATS1	9113
ACTR3BP2	440888
SLC39A11	201266
AP003774.5	101927738
CTD-2135D7.5	101927311
POTEKP	440915
WAC	51322
SPOCK3	50859
CTD-2135D7.4	101927348
EEF1A2	1917
NRN1L	123904
MIR5705	100847027
TIMM44	10469
ITSN1	6453
SLFNL1	200172
MARCH4	57574
DDX52	11056
THOC7	80145
MIR192	406967
MIR194-2	406970
B3GNT8	374907
RP11-65J21.3	100129781
ANKRD44	91526
TRAPPC2	6399
MIR193B	574455
MIR365A	100126355
SYTL3	94120
SNTB2	6645
UBE2MP1	606551
C3orf83	100129480
ARC	23237
HEATR5A	25938
RNY4	6086
PSKH1	5681
RNY3	6085
RNY1	6084
AKR1C4	1109
LUC7L3	51747
PPP2R2D	55844
RP11-536C10.7	642426
SLC22A20	440044
RP11-673E1.1	101927636
OSTC	646567
MOB3C	148932
UCN3	114131
RUNX2	860
TMEM81	388730
FBXW7	55294
RP4-800G7.2	155060
PDGFC	56034
MKRN2	23609
TMEM151A	256472
FKRP	79147
TUBAL3	79861
FDXR	2232
AGPAT1	10554
TMEM18	129787
SMARCAL1	50485
CRBN	51185
BTN1A1	696
CTB-113P19.1	101927096
ATP5SL	55101
CD248	57124
LRRC28	123355
HHIP-AS1	646576
RBBP5	5929
NFIB	4781
ART5	116969
MIR4304	100422931
UPF1	5976
PSCA	8000
CYB561	1534
PGRMC2	10424
PLD3	23646
MIR4264	100422888
RP11-395L14.4	101929886
SMIM5	643008
RP11-571M6.8	116986
RIN1	9610
RAD17	5884
TMTC1	83857
HMGB1	3146
NEAT1	693197
SMAD1-AS2	101927659
VWA9	81556
ESR1	2099
SNORA22	677807
MIR26A2	407016
VARSL	57176
ACSM4	341392
RP11-197N18.7	100507091
ATM	472
ATPAF1	64756
ZC2HC1B	153918
LY6K	54742
MALAT1	378938
CTB-12O2.1	101927115
CYP26C1	340665
RP11-22H5.2	101928446
CTC-459I6.1	102524628
CTD-3253I12.1	101928417
SSSCA1-AS1	254100
POLI	11201
LINC01095	100505545
MIR4690	100616292
SMCR8	140775
PRODH	5625
MIR4489	100616284
RANBP9	10048
CCL3L3	414062
MIR3182	100422853
GUCY2D	3000
HMGN4	10473
PPDPF	79144
ART1	417
SCMH1	22955
LINC00269	100996279
FAM138B	677784
HSCB	150274
CTNND2	1501
OFD1	8481
CKMT2-AS1	100131067
HOXA-AS3	100133311
MTRNR2L8	100463486
SPN	101929889
RNF141	50862
OVOL1-AS1	101927828
MIR676	100500887
NFE2	4778
CHRFAM7A	101930361
MIR548G	100313938
SCARNA5	677775
MBL1P	100288974
SCARNA6	677772
UPRT	139596
ACPL2	92370
CYP26A1	1592
METTL8	79828
hsa-mir-8072	102466877
PSG2	5670
AC012075.2	100507201
QPRT	101929880
MIR1302-3	100302128
MIR4799	100616246
GSKIP	51527
UBXN2A	165324
RP11-132A1.3	101927721
GLYATL1	100287413
RP11-132A1.4	101927746
LINC00174	285908
CD163L1	283316
PTK6	5753
WASH2P	100288778
LINC01007	100506527
ETNPPL	64850
STARD3	10948
TSPO2	222642
RAF1	5894
RP11-867G23.10	100505504
C1orf54	79630
ZNF16	7564
CTB-92J24.3	100505851
RP11-24I21.1	101927849
RP11-710E1.2	101929090
C16orf54	101929877
SMIM6	100130933
GHSR	2693
DNAJB3	100286922
SLC1A5	6510
CCDC117	150275
EIF2B3	8891
GRINA	2907
ABT1	29777
FOXP3	50943
C5orf63	401207
CHRNA10	57053
CCL4L1	388372
KDM4A	9682
HOXA10-AS	100874323
BNIP3	664
ZG16	653808
BRMS1	25855
NUDT22	84304
AC098817.5	1720
DSTYK	25778
STARD6	147323
SHMT1	102466733
LSP1	4046
HOXA11-AS	221883
ALOX15B	247
FAM126B	285172
RP11-10L7.1	101929118
AC010744.1	101928031
EFCAB14	9813
B3GNT2	10678
RP11-620J15.2	283387
PPP2R5B	5526
TNFSF10	8743
SFXN5	94097
TP53RK	112858
RNU6-33P	100873748
FAM13A-AS1	285512
RP11-505K9.1	729887
JAKMIP3	282973
AKR1CL1	340811
CTRL	1506
ABCC6P2	101927428
FAM111B	374393
RP11-124O11.1	101929445
CYFIP2	26999
MIR3179-1	100423006
AC084125.4	100287098
AK1	203
MIR5100	100847014
C18orf54	162681
MIR3670-1	100846994
LIFR	3977
MIR3180-1	100422956
EZR	7430
SUMF1	285362
EDAR	10913
PCCB	5096
RP11-958N24.1	101060429
PPP1R11	6992
USPL1	10208
ANKRD20A8P	440482
CTD-2517M14.5	101928953
PSG5	5673
CHST15	51363
HK1	3098
FRMPD2	101930006
RP11-67M1.1	644248
HAVCR1P1	100101266
SLC2A10	81031
KIF22	3835
PLEKHA2	59339
AMPH	273
RP11-73G16.1	100505685
LINC00662	148189
RP11-37B2.1	101929709
XBP1	7494
CTD-3074O7.5	101928069
OSBPL1A	114876
RP11-18H21.1	100996286
GLRB	2743
TMEM80	283232
MIR4285	100422858
FAM111A	63901
TEX38	374973
JADE1	79960
VEPH1	79674
DYNAP	284254
GNAT1	2779
SPACA6P-AS	102238594
RNF39	80352
MIR99B	407056
NDUFB2	4708
THEM6	51337
MEGF10	84466
RNF5	6048
APOBEC2	10930
BDNF-AS	497258
ATXN7	6314
MIR3163	100423029
AC091969.1	101927134
DNAJC4	3338
RP11-461L13.2	102191832
RAB27B	5874
SPACA6P	147650
MIR3140	100422896
ZDHHC21	340481
MIR4453	100616193
LYVE1	10894
ARHGAP21	57584
PSMB10	5699
SRMS	6725
GPR126	57211
LINC00534	100874052
GPR113	165082
B3GNT1	11041
NOS3	4846
SLC23A2	9962
NFYA	4800
PDZRN3-AS1	101927249
DOC2GP	390213
AB015752.3	101930237
LINC01030	101937451
ALOX5AP	241
MIR548O	100313829
TRIM31	11074
RP11-68L18.1	100506351
EYA2	2139
ZCCHC24	219654
PRR3	80742
RP11-508O18.1	101927346
FAM174A	345757
MIR1229	100302156
PPP1R3F	89801
MSL3P1	151507
SOX4	6659
RFX7	64864
LINC01087	101927994
FOXO6	100132074
CER1	9350
TMCC2	9911
GPM6B	2824
NCEH1	57552
NUP43	348995
SLC16A6	9120
MIR340	442908
DTX4	23220
GPHA2	170589
MEDAG	84935
ATF2	1386
AF186192.5	100996662
AK7	122481
RP11-363G15.2	101929210
EDN2	1907
CYP4B1	1580
AC010148.1	101927896
SLC29A2	3177
CDH9	1007
RP11-168E14.1	100507012
C1orf51	148523
AGAP1-IT1	100506749
TEX26	122046
RNU6-34P	100873749
ZNRF3	84133
GPR125	166647
C11orf85	283129
SP6	80320
STYXL1	51657
RP1-156L9.1	101928067
ARAP3	64411
ZNF385B	151126
TMEM254-AS1	219347
LCAT	3931
LOC440461	440461
DNAJC13	23317
RP11-451H23.3	100652782
TMEM87A	25963
MIR610	693195
FAM171B	165215
DLG3-AS1	100873930
C6orf99	100130967
OR2AE1	81392
MIR4491	100616330
TEX9	374618
NUAK2	81788
PLAGL1	5325
RP11-794P6.1	100132078
LINC00857	439990
SP2	6668
MIR34B	407041
MIR34C	407042
CTD-2311B13.5	101929948
CNBD1	168975
RP11-794P6.6	101928666
ZNF33B	7582
MIR5090	100847073
MSR1	4481
MIR4467	100616367
LINC00847	729678
ST6GALNAC6	30815
LRRN1	57633
AC105760.3	93463
PSMD6	9861
FREM1	158326
RP11-767I20.1	101927653
TALDO1	6888
MIR663B	100313824
THAP5	168451
TRIM40	135644
PPIHP1	10465
EIF5AL1	143244
RGPD8	729540
BMS1	101929959
C8orf33	65265
PPP1R12C	54776
C22orf31	25770
LUZP1	7798
SAP30BP	29115
CCK	885
AC006272.1	101928542
VEGFB	7423
CTC-429C10.2	101928571
RSPH3	83861
RHOT2	89941
HCCAT3	101669766
FAM201B	100132249
KLHL33	123103
HIVEP3	59269
CERS1	10715
SFTPA2	729238
SETMAR	6419
RP11-933H2.4	339874
NPAS4	266743
EPB41L4A	64097
RP11-356J5.12	100506870
KREMEN1	83999
MNS1	55329
ATP1B4	23439
HSPH1	10808
VAX2	25806
SERPINI2	5276
BATF2	116071
GEMIN8	54960
HTR1D	3352
TRIM10	10107
C20orf195	79025
MFSD2B	388931
KLHDC8A	55220
AC016909.1	101928185
RP11-65M17.3	101928823
MAPKAPK5	8550
SAP30L-AS1	386627
MRVI1	10335
CTC-338M12.2	102577426
RP11-488I20.3	283914
LYZL4	131375
RP11-65M17.1	387810
AC010890.1	101928161
COPZ1	22818
MIR1294	100302181
OSGEP	55644
AGER	177
ABCF1	23
RP11-629G13.1	101928847
ELAVL1	1994
PHOSPHO1	162466
TMEM230	29058
ZNF32-AS3	414201
SNX17	9784
TRIM4	89122
MRPS21	54460
NUP98	4928
SOX2	6657
MIR3141	100422950
ZNF32-AS1	414197
LBX2	85474
MIR1303	100302284
OAT	4942
ZNF32-AS2	414208
MIR643	693228
AC004941.3	101928733
MIR378H	100616306
CACNB4	785
FKBP2	2286
AC096574.4	101927958
DCAF4L2	138009
GLRA2	2742
C19orf69	100170765
HOTTIP	100316868
CDH6	1004
HECTD3	79654
ARL2	402
MRPL11	65003
HELZ2	85441
LINC01107	151171
PKD1P6	339044
MIR3679	100500878
DGCR2	9993
PCGF1	84759
CEACAM21	90273
MIR4638	100616342
PPP1R2P3	153743
NUDT16P1	152195
GRAMD1C	54762
HNRNPR	10236
MMP16	4325
AC114788.2	401039
SNORD96A	619571
CCL25	6370
DDX11L2	84771
GS1-124K5.4	100289098
CCNT2-AS1	100129961
SNORD95	619570
EMID1	129080
MIR3908	100500909
GAGE10	643832
hsa-mir-3180-4	100500852
DCAF17	80067
MIR4297	100422873
ATP11B	23200
TAGAP	117289
GAGE12J	100132399
CTAGE7P	119437
LEMD1	93273
GUCA2B	2981
C2orf44	80304
GAGE13	645051
ATP6V1B1	525
TMEM17	200728
MIR378C	100422867
GAGE2E	100101629
TCERG1L-AS1	101927489
TRIM52-AS1	100507602
GNAI2	2771
SPATC1	375686
YIPF3	25844
GAGE12I	26748
FLNA	2316
RP11-80F22.15	100130700
CYP4A11	284541
IPO8	10526
MIR5590	100847069
EXOSC4	54512
GAGE2C	645037
RP11-996F15.2	100506606
ACSF2	80221
VIPR1	7433
CTD-2184C24.2	101927702
GUCA2A	2980
MEF2A	4205
AC005616.1	101927210
BMPR2	659
MIR128-1	406915
GPAT2	150763
CTD-2568P8.1	101927729
PDDC1	347862
AC011893.3	100507600
FAM86DP	692099
PPP1R14B	26472
TTTY14	83869
SNTG2	54221
SSTR2	6752
ST6GALNAC4	27090
ST8SIA4	7903
CCDC68	80323
GAGE12C	729428
JAZF1-AS1	100128081
MIR548P	100302288
ZDHHC15	158866
INGX	27160
PELI3	246330
GPAA1	8733
MMRN2	79812
CEACAM4	1089
FGF20	26281
AC093391.2	101928243
FUNDC2P2	388965
CHST12	55501
FKBP1B	2281
SH3RF3	344558
MPEG1	219972
OR14J1	442191
OFCC1	266553
OR5AN1	390195
SCARNA18	677765
SLC24A1	9187
FANCB	2187
OR5A2	219981
ZNF280D	145783
LINC00492	100861468
OR5A1	219982
CAPSL	133690
OR4D6	219983
AC138035.2	101930209
ANXA10	11199
SUOX	6821
LINC00491	285708
OR4D10	390197
RP11-399J13.3	29907
FOXJ3	22887
MIR4440	100616397
PRPF3	9129
OR4D11	219986
P2RX4	5025
LFNG	3955
OR4D9	390199
DPYSL4	10570
MICU3	286097
ZNF322	79692
LINC00618	145249
MIR4441	100616493
SCLT1	132320
CEACAM7	1087
MIR4269	100423043
PNPO	55163
MIR2467	100616360
SLC12A4	6560
NCAM1-AS1	100288346
MIR4786	100616417
LINC00278	100873962
OSBP	5007
COG1	9382
AL589743.1	440157
CTD-2506J14.1	101929241
MIR149	406941
LAMP2	3920
RHBDD3	25807
CAPN10-AS1	101752400
RP11-76E12.1	100129345
SLCO4C1	353189
PLCB3	5331
AC011298.2	285191
ARHGAP11B	100288637
FBN3	84467
TTC39B	158219
SF3B5	83443
EHBP1	23301
MIR4301	100422855
AC104809.4	200772
CH25H	9023
CKMT2	1160
5S_rRNA	400533
C5orf24	134553
MOSPD2	158747
RP11-60H5.1	100996478
CCDC42B	387885
CTB-113D17.1	100506497
GJC3	349149
HTRA4	203100
TMEM194A	23306
WDR49	151790
MCTP1	79772
MIR5188	100847004
B3GALTL	145173
SF3B14	51639
STX11	8676
RP11-64D24.4	101928940
PIP5KL1	138429
EPHA1	2041
LINC01165	100128830
RHBDL1	9028
CDK18	5129
SNORA58	677836
LINC01166	101927590
BRAT1	221927
CYP4X1	260293
RP11-137H2.4	101929574
ZNF436	80818
CEACAM5	1048
LINC01168	399829
NUP205	23165
MIR5704	100847040
RP11-171N4.3	100505784
GAGE2A	729447
ZNF767	79970
TBC1D3P2	440452
FNDC1	84624
GMEB2	26205
PATL1	219988
MIR202HG	101927671
HIPK4	147746
GAGE1	2543
FAN1	22909
WT1-AS	51352
RP11-364P22.1	340017
FBXW4	6468
C1orf213	148898
TM2D2	83877
LIPA	3988
AP2S1	1175
BRAF	673
SFTPA1	653509
CLIC5	53405
PCNA	5111
UGT2B15	7366
DPP3	10072
ZDHHC2	51201
DDX54	79039
LINC00900	283143
MIR484	619553
TXNDC15	79770
BMP10	27302
RXFP2	122042
GSTZ1	2954
CSTF3-AS1	338739
HNF1B	6928
TCEA3	6920
ZNF816-ZNF321P	399669
PRX	57716
TSPAN19	144448
RIMKLA	284716
CAND1	55832
DNAJB9	4189
CYP4Z1	199974
ZSWIM2	151112
ZNF702P	79986
UGT2B10	101929773
DPM2	8818
PAGE1	8712
CWC22	57703
KAT6B	23522
FLOT2	2319
ARHGAP35	2909
RP11-597D13.9	101929911
STUB1	10273
SAC3D1	29901
RIMBP2	23504
DDX60	55601
RIPK2	8767
CD163	9332
ZMYND12	84217
ASB9	140462
GKN2	200504
MIR3944	100500911
TBC1D3C	729877
HNRNPA3P1	10151
TREML1	340205
UROD	7389
MCUR1	63933
LINC00619	414260
RP11-108K14.4	619207
CNOT7	29883
COL12A1	1303
MIR151B	100616247
RP11-402P6.7	101928194
ADAM9	8754
LINC00906	148145
MIR342	442909
RP11-47I22.2	101927780
TAS2R60	338398
LINC00840	100506835
DTD2	112487
HIF1A-AS1	100750246
TAS2R41	259287
APEX1	328
TLX2	3196
IMPACT	55364
MIR3133	100422942
SERTAD1	29950
BOK-AS1	100379249
NPAS1	4861
CTD-2081K17.2	100505835
C11orf65	160140
RP11-646J21.5	101928440
RAI14	26064
GPR33	2856
CTAGE15	441294
RET	5979
MIR345	442910
LINC00311	197196
FRY	10129
MYOF	26509
MIR5093	100847022
PAPOLA	10914
AC114730.3	101927206
IL13	3596
TMEM72-AS1	220980
ZNF652	22834
FAM102A	399665
CTC-525D6.1	284395
LINC00643	646113
MIR1910	100302261
EWSR1	2130
RPL19P12	100129424
AC131097.3	101927289
MIR1324	100302212
DQX1	165545
FAM117B	150864
NUBPL	80224
GKN1	56287
PPCS	79717
FAM115C	101930379
DENND4A	10260
ST3GAL3	6487
OSGIN2	734
CALCRL	10203
PDZK1IP1	10158
MFF	56947
PSG4	5672
BCORP1	286554
ITPR1	3708
ASB11	140456
NDUFB3	4709
TMEM160	54958
AC093642.5	101930257
AZGP1	563
NAALADL1	10004
NPHP3-AS1	348808
FAM87A	157693
AC011525.2	101927277
PAGE4	9506
SERTAD3	29946
RP11-402L6.1	101927455
ZC3H4	23211
TNNT3	7140
LINC00939	400084
SF3B1	23451
LINC00960	401074
UTRN	7402
TAL1	6886
PAQR8	85315
STPG2-AS1	101410545
ZNRF2P2	646762
AC098973.1	100996624
PHKA1-AS1	101928259
PRR15L	79170
SEPT10	151011
SNAPC3	6619
PRICKLE2	166336
ZBTB38	253461
IKZF4	64375
WFIKKN2	124857
MIR4273	100422955
NAIF1	203245
MIR1343	100616437
ERICH1-AS1	619343
BAD	572
BLVRB	645
RP4-607I7.1	100507144
SPPL2C	162540
USP27X	389856
RP11-77I22.2	645485
ATP5O	539
LINC00941	100287314
EPT1	85465
UGT3A1	133688
LINC00693	645206
FAM228B	375190
OR4F5	79501
TNNT1	7138
ASAP3	55616
AL627309.1	101929819
TOB1	10140
FAM226B	653687
ABLIM1	3983
RP1-172N19.1	100129407
PIGA	5277
OR4F29	729759
EFHC1	114327
ACE	1636
NBN	4683
RP11-958N24.2	399491
CLCN5	1184
SOD2	100129518
IL1RL2	8808
RTEL1	51750
SCUBE3	222663
PHB	5245
MIR3684	100500867
MDH2	4191
MTMR10	54893
DGCR14	23617
JMJD8	339123
RP11-568J23.6	101928557
MAGEE2	139599
EVPLL	645027
ZKSCAN1	7586
CTR9	9646
TREM2	54209
SLCO6A1	133482
DPY19L2P3	442524
PBDC1	51260
SARM1	23098
CTD-2281E23.1	286083
RP4-756H11.3	100996437
CTC-360P9.3	100996665
TMEM116	89894
SAMD11	148398
LINC01082	100506542
CCDC30	728621
RP11-416O18.1	100996490
MAZ	4150
GTF2IRD1P1	729156
PTX3	5806
ECT2	1894
LINC01081	101154687
RP11-666I19.2	100507435
AUP1	550
AC011518.1	101927411
MAGEE1	57692
RP11-514D23.1	146513
TMEM40	55287
SLC25A25	114789
MFSD4	148808
TREML2	79865
MIR550A3	100616354
DDX11-AS1	100506660
MRPS33	51650
LINC00917	732275
BMS1P18	101101776
TXLNG2P	246126
C4orf33	132321
VPS41	27072
UGT2A3	79799
CYB5D2	124936
GPR84	53831
RP11-551L14.1	100509445
C3orf55	152078
ZAR1L	646799
STIL	6491
FIGF	2277
MRPS6	64968
LINC00644	101954204
STK32C	282974
FKBPL	63943
MAPT	4137
AP000770.1	101929011
PSIP1	11168
GPR137	56834
CTD-3074O7.11	582
GSC2	2928
RP11-863H1.1	101927719
SPTBN4	57731
COPE	11316
SAE1	10055
CTD-2336O2.1	101927752
OBP2B	29989
VPS37A	137492
ATRX	546
SLC5A3	6526
PSG9	5678
MIR596	693181
NKX1-2	390010
C7orf66	154907
ZNF385A	25946
SLC25A1	6576
TCF4	6925
BRCA2	675
ZNF100	163227
PIR	8544
CDS2	8760
PCBD2	84105
KCNE2	9992
ELK4	2005
PRRT2	112476
CTD-2245F17.3	101930624
WDR24	84219
TP53I3	9540
ZNF818P	390963
APOBEC1	339
RPRD2	23248
IL1RL1	9173
IMMP2L	83943
LHPP	64077
SMIM11	54065
MAP2K4P1	139201
ACAD11	84129
TMPRSS4-AS1	100526771
LRRIQ1	84125
FAM90A27P	646508
MIR3973	100616311
BFSP2-AS1	85003
ADAMTS9	56999
TCF12	6938
CFLAR	8837
LINC00523	283601
TSIX	9383
WTAP	9589
RP11-134O21.1	101927836
RP11-139K4.1	401103
SCGN	10590
SNORD7	692076
GRIK2	2898
SLC45A3	85414
HRH4	59340
PRL	5617
TPM3P9	147804
XIST	7503
C21orf140	101928147
PAGR1	79447
DDX60L	91351
AP000322.53	3753
RP11-64I17.1	101928536
FBXL16	146330
TREML4	285852
LSMEM2	132228
AC007773.2	400684
ALOX12B	242
TPO	7173
RP11-158I9.5	101929133
PREPL	9581
MIR4492	100616376
SLURP1	57152
PRRC1	133619
RAB11FIP5	26056
RPL37A	6168
DROSHA	29102
RPL23AP64	649946
FENDRR	400550
ANKRD26P1	124149
MIR550A1	100500883
LYPD2	137797
CUL4B	8450
AC006978.6	222161
OR10V1	390201
MIR3656	100500840
NUCKS1	64710
GAS2L1	10634
PCDH10	57575
BMX	660
N4BP2L1	90634
ZNF521	25925
MEG3	55384
MVP	9961
AKAP4	8852
KDELC2	143888
METRN	79006
RP3-446N13.1	101927464
PTGES2	80142
CNOT2	4848
LRRN3	54674
MIR512-1	574459
CTD-2015G9.1	101928614
MIR1323	100302255
LYNX1	66004
MIR498	574460
TFPI	7035
MIR520E	574461
RP11-453A12.1	101927877
MIR515-1	574465
MIR519E	574463
STX3	6809
CMPK1	51727
LINC00888	100505687
RP11-134D3.1	440390
CEBPA-AS1	80054
IFRD2	7866
ITGB1	3688
AC005154.6	101928623
MIR520F	574464
MIR633	693218
MIR519C	574466
STX2	2054
LGALS9C	654346
RP11-899L11.1	101928708
MIR1283-1	100302265
SNCG	6623
EIF4G2	1982
MIR520A	574467
MIR526B	574468
CEACAM6	4680
MIR519B	574469
RP11-178L8.5	101928682
PABPC4L	132430
SLC37A4	2542
MIR525	574470
MIR523	574471
MIR518F	574472
CTD-2329C7.2	100996681
MIR520B	574473
RCAN1	1827
MIR518B	574474
CSGALNACT2	55454
ACAT2	39
MIR526A1	574475
CDK5RAP3	80279
DPY19L2P2	349152
MIR520C	574476
MIR518C	574477
RNASEH1P2	246243
MIR524	574478
MIR517A	574479
FAM173A	65990
ZNF76	7629
MIR519D	574480
MIR521-2	574481
MIR520D	574482
MIR517B	574483
RBMS3-AS3	100873979
MIR520G	574484
IQCE	23288
CD177	57126
MIR516B2	574485
CCDC171	203238
MIR526A2	574486
RASL10A	10633
MIR518E	574487
FNDC8	54752
MIR518A1	574488
PCDH18	54510
PROKR2	128674
MIR518D	574489
MIR516B1	574490
ZCCHC9	84240
MIR518A2	574491
MIR517C	574492
YPEL5	51646
FAM53B	9679
MIR520H	574493
AC116035.1	101928015
MIR521-1	574494
RAB7L1	8934
ALOXE3	59344
MIR522	574495
MIR519A1	574496
CEACAM3	1084
MIR527	574497
SUDS3	64426
ICA1L	130026
HDGFL1	154150
GPCPD1	56261
UGT3A2	167127
MTMR7	9108
KCNK4	50801
TMEM178B	100507421
MIR3156-1	100422988
CDCA5	113130
GBA3	57733
EPB41L5	57669
TTTY23B	100101121
SHOX2	6474
CTB-107G13.1	101927870
RP11-771K4.1	101929027
ZMYND8	23613
ADRA2B	151
ACE2	59272
FOXE3	2301
DUPD1	338599
N4BP2L2	10443
COL25A1	84570
ADIRF	10974
ANAPC7	51434
FOXD2	2306
FAM21FP	100288690
CEND1	51286
TM4SF20	79853
EXPH5	23086
ARHGAP5	394
CCDC78	124093
MAPK8	5599
LCN2	3934
DDX49	54555
TBC1D3F	101060421
MRPL16	54948
JPX	554203
IGFBP2	3485
YBX1	4904
CLIC6	54102
LBH	81606
TNFRSF6B	8771
NRSN1	140767
AGK	55750
HIST1H2AA	221613
MIR516A1	574498
RP11-178L8.7	101928659
SS18	6760
MIR1283-2	100302205
MIR516A2	574499
HIST1H2BA	255626
MIR519A2	574500
RAN	5901
RP11-482M8.1	101928737
DUSP13	51207
CTAGE6	340307
CERS4	79603
RP11-329J18.2	101927102
GDF3	9573
PPARGC1A	10891
RP11-115C21.2	100287015
AP1B1	162
AGFG1	3267
CTD-2541M15.3	100507530
FAM86C2P	645332
MIR371B	100616185
DPPA3	101060236
SLC17A4	10050
GIF	2694
ZNF807	100129800
RP11-244H18.1	100508046
LYPD4	147719
FAM115A	101930003
MIR373	442918
DCUN1D1	54165
ARFRP1	10139
RP11-863P13.4	400553
SCGB1B2P	643719
SLC5A9	200010
APC	324
SLC41A1	254428
TCP1	6950
BBC3	27113
CYBRD1	79901
NOC2L	26155
PCDH1	5097
SLC7A11	23657
LA16c-444G7.2	101928880
TEX40	25858
C7orf73	101930655
RNU6-46P	100873760
SRRM3	222183
DDX10	1662
CCNB3	85417
DECR1	1666
NAB2	4665
ZFPL1	7542
RUNX1	101928269
NLE1	54475
SCGB2B3P	100130342
ZSWIM5	57643
CLTCL1	8218
CTC-523E23.4	400685
LY6D	8581
C9orf92	100129385
DMRTC2	63946
TCN1	6947
PDS5B	23047
CCDC9	26093
RAB11A	8766
XPO5	57510
GML	2765
SLC25A22	79751
RP11-407A16.3	100996671
ANKFY1	51479
ESRRA	2101
SLC13A4	26266
SEC22C	9117
IL4	3565
TMEM27	57393
ALDH3B1	221
TMBIM6	7009
C9orf16	79095
CGNL1	101930349
LHFPL3-AS1	645591
OSBPL10-AS1	100874206
LINC00943	100507206
MIR935	100126325
AC012314.8	101928780
GLUD1	2746
CNPY2	10330
FTX	100302692
CYP11B1	1584
HPDL	84842
PALLD	23022
CD320	51293
CATSPER3	347732
LCLAT1	253558
DPEP3	64180
TARS2	102465529
CA5B	11238
PM20D1	148811
DHRS13	147015
PRR24	255783
BNC2	54796
RP11-325F22.2	101927902
TNNI3	7137
GANC	2595
RP11-523L20.2	101927132
RP11-202A13.1	100507210
CLEC4C	170482
C5AR1	728
MIRLET7I	406891
IFIT2	3433
AC140542.2	100507534
PGAP2	27315
C5AR2	27202
BBS10	79738
TMEM55B	90809
MIR4659B	100616372
ZGPAT	84619
LINC00858	170425
TMSB4Y	9087
SLC7A2	6542
MYB	4602
ANKRD53	79998
KLHL17	339451
HNRNPKP3	399881
RPS19	6223
ZRSR2	8233
SURF6	6838
TMEM262	100130348
HIST1H2BJ	8970
PRTFDC1	56952
RASGEF1A	221002
DHX34	9704
LINC00904	100652909
MCTS1	28985
E2F2	1870
RNF182	221687
RP11-181F12.1	101929624
MRPL18	29074
RP11-475D12.1	101929646
CTC-523E23.6	100652911
LMBRD2	92255
HAGHL	84264
HIST1H2AG	85235
ENPP4	22875
NANOGNB	360030
GS1-24F4.2	100652791
CDIPT	10423
MIR670HG	100507261
RP11-475D12.2	101929662
HPN-AS1	100128675
MIR670	100313777
RP11-113E21.1	101929684
RPS26	101929876
MIR129-2	406918
CYP11B2	1585
TFAP2A	7020
RFPL1	5988
AP1S2	8905
ID3	3399
HIST1H2BK	85236
HSPB1	3315
TRMT112	51504
CCRN4L	25819
RP11-458F8.4	644794
NEFH	4744
ENPP5	59084
DPEP2	64174
PAM	5066
ASTL	431705
IGFBP5	3488
SEC14L1P1	729799
ADAM32	203102
SPATA6	54558
DEFA8P	449491
OOSP2	219990
ALX1	8092
ALKBH3-AS1	100507300
C11orf87	399947
RITA1	84934
DRC1	92749
VPS51	738
DEFA9P	449492
VCY	353513
TREM1	54210
CHAD	1101
HACE1	57531
PNLDC1	154197
MIR4691	100616403
SETD4	54093
RASSF9	9182
MIR548H1	100313830
DEFA10P	449493
NANOG	79923
CNTLN	54875
PLEKHN1	84069
CALB1	793
NOTO	344022
ZC3H12C	85463
RNA18S5	100008588
RNA5-8S5	100008587
RNA28S5	102464835
STAG1	10274
LY6E	4061
DUSP2	1844
MIR4448	100616127
SLC26A9	115019
MS4A3	932
NUTM2B	729262
MIR5196	100847070
GRPR	2925
PITX1	5307
CD79A	973
ITGA5	3678
BHLHE40	8553
KL	9365
TNP1	7141
AC068858.1	221122
CAND2	23066
CTD-2193G5.1	102467212
HMGB3P13	100616281
MAGEB17	645864
PRDX5	25824
RP11-554A11.6	101928200
RP4-583P15.15	54923
RP11-430H10.1	101928812
MIR3164	100422846
HSD17B1	3292
NCR2	9436
THOC5	8563
RP11-554A11.8	338694
RPL11	6135
IFIT3	3437
MICA	100507436
RP11-430H10.2	399886
SHROOM4	57477
SMYD5	10322
PRSS16	10279
TACR2	6865
AKAP6	9472
KIF3A	11127
PFN4	375189
FGF8	2253
ELF2	1998
HYAL3	8372
MIR4650-1	100616331
FAM104A	84923
CTPS2	56474
IQCD	115811
CLDN19	149461
MED22	6837
ZBED5	101928029
LINC00944	387895
PMS2P4	5382
NDUFA7	4701
MAS1	4142
ZDHHC24	254359
TTTY10	246119
TTL	150465
DYRK2	8445
ABCC6P1	653190
MRPL23	6150
STARD13	90627
OSBPL8	114882
DENND5B-AS1	100874249
AC008746.5	101929807
MCCC1	56922
HOMER3	9454
MIR548K	100313770
AC002511.1	100128682
GALNT18	374378
ARL8B	55207
TEX261	113419
ZSCAN21	7589
YWHAG	7532
PDGFRL	5157
AC018359.1	101929859
CTD-2210P24.1	100507384
STARD7	56910
C1orf170	84808
CIZ1	25792
SHANK2-AS1	100874198
LRRC27	101927515
ERBB3	2065
AGBL4	84871
SRCRB4D	136853
C5orf66	100996485
SHANK2-AS3	220070
TTTY1B	100101116
SLC17A1	6568
SLC2A4RG	56731
MIR3664	100500844
C1GALT1C1	29071
NARFL	64428
SRRM4	84530
AP002387.1	399923
NLGN4Y	22829
KIAA0141	9812
SPAG9	9043
AD000090.2	100506469
FAM228A	653140
LINC00485	283432
RPS28	6234
ACTN3	89
DNAAF3	352909
CT47B1	643311
TRAM2	9697
CSNK2A3	283106
LILRP2	79166
DCDC2	51473
DYNC1I2	1781
CT47A12	100507170
SH3GL2	6456
RDX	5962
PNP	4860
TRPM1	4308
POU6F2	11281
ARPC3	10094
MGAM	8972
GCOM1	100820829
IGF2R	3482
FAM72A	729533
ABCC5-AS1	100873982
RP11-189E14.4	101927228
KIR2DP1	101929821
SEC24B	10427
APOBEC3A	100913187
IL18R1	8809
DEFT1P	100287083
BEND5	79656
PDCD10	11235
TMEM64	169200
RAB9BP1	9366
TRA2B	6434
RSAD1	55316
DEFA11P	724068
LEPRE1	64175
TTTY21B	100101115
STAT6	6778
CBR1	873
NIPSNAP1	8508
CTD-2313N18.5	285407
S100G	795
SHKBP1	92799
CCDC88B	283234
TTTY7	246122
FAM180A	389558
RSRC1	51319
EDEM1	9695
AVPR1B	553
ACER3	55331
MIR346	442911
TEX101	83639
DIRC3	729582
HES4	57801
SYAP1	94056
DHX15	1665
OSMR	9180
C1orf186	101929219
SLC2A14	144195
TTTY8B	100101118
RP11-983C2.2	440117
CBR3	874
B3GNT6	192134
SLC46A1	113235
DOCK4	9732
USP47	55031
MIR421	693122
MIR374B	100500807
C2orf83	56918
TSPAN15	23555
C20orf196	149840
CAPRIN2	65981
IFIT1B	439996
RCAN2	10231
MIR5189	100847057
MIR545	664614
ISG15	9636
DUS2	54920
ZBTB46	140685
NECAB1	64168
MIR374A	442919
SNAI3-AS1	197187
TBC1D28	254272
CTXN3	613212
IFIT1	3434
CTSE	1510
CD83	9308
ARTN	9048
CAPN5	726
RP11-778D9.13	101930555
MIR4722	100616167
TM7SF2	7108
SLC19A3	80704
MICB	4277
H2AFY	9555
CTC-254B4.1	102467213
WIPI1	55062
FXYD4	53828
LYPD3	27076
CHGB	1114
RFC3	5983
RP11-420K10.1	79871
DOPEY2	9980
ARHGEF1	100505585
AL158091.1	100509861
SEZ6L2	26470
OR2F2	135948
ABHD16B	140701
OR12D3	81797
RP11-575F12.1	101927592
OR2F1	26211
AGRN	375790
OR6B1	135946
OR12D2	26529
MS4A2	2206
NPAS3	64067
MAGT1	84061
IFIT5	24138
RPL32	6161
TXLNG	55787
MTUS1	57509
SFTPD	6441
MUTYH	4595
MTPN	767558
CAPN3	825
NPM3	10360
ELAVL4	1996
CCL20	6364
SYNE1	23345
POLR1B	84172
MIR1224	100187716
CYP39A1	51302
IFNG	3458
ADAMTSL1	92949
TPCN1	53373
HSPB8	26353
NTS	4922
TRMT6	51605
RP11-849H4.4	100128494
GULP1	51454
MIR3165	100422953
RP11-311P8.2	101060322
LYSMD4	145748
TPD52L2	7165
SNORD66	692107
SLC12A2	6558
STH	246744
FOXD4L1	200350
RP5-1142A6.2	100289580
MIR128-2	406916
RP11-329B9.4	100505710
LINC01023	100652853
PAN2	9924
RP5-1142A6.8	339059
RP11-329B9.1	101928992
ANTXR1	84168
RBMY2EP	159125
OTX1	5013
C8orf31	286122
FGFR2	2263
TCEB3	6924
DAW1	164781
KLF13	51621
ECM1	1893
CCDC60	160777
STAG3L4	64940
CHRM2	1129
TMEM127	55654
SRGAP2	653464
CDRT15L2	256223
MS4A6A	64231
LINC00304	283860
STAM2	10254
C8orf88	100127983
NAT6	24142
C17orf80	55028
MGAT4C	25834
GRM7	100996542
CCDC144NL	339184
TNS1	7145
IPO13	9670
PPP1R10	5514
RP11-520P18.5	101928108
OTUD7A	161725
MSLN	10232
MGARP	84709
CTD-2587M2.1	285638
PHLDB3	653583
EHHADH-AS1	339926
LY6H	4062
TTYH3	80727
ADAMTS17	170691
KIAA1147	57189
RBBP7	5931
AC008268.1	101926959
ADAM18	8749
RABL2A	11159
PITHD1	57095
RP11-702F3.3	101928894
HNRNPF	3185
TMEM55A	55529
SS18L2	51188
FAM66B	100128890
ZP3	7784
SNORD126	100113391
RPPH1	85495
DNAH5	1767
MIR4688	100616368
CBR4	84869
NF2	4771
TCAP	8557
MIR3160-1	100422827
KANSL1	101929776
MIR5582	100847020
SNORD67	692108
PSMA8	143471
LRP4-AS1	100507401
MORC3	23515
YAE1D1	57002
ATP6V0E2-AS1	401431
MIR5588	100847054
FNDC9	408263
CCDC109B	55013
USP22	23326
PGAM5P1	100289673
ZNF286B	729288
MIR548F3	100302159
RP11-17G12.3	101928943
NDUFC1	4717
PNMT	5409
FAHD2CP	729234
JARID2	3720
MCM8	84515
SUGP2	10147
CTSF	8722
DNAJC5	80331
UPK1A-AS1	100862728
DMRTA2	63950
RP11-46C24.3	400558
RP11-14J7.6	254028
MIR4487	100616222
OTOF	9381
MYCBPAP	84073
GPR133	283383
LYPLA2	11313
GPIHBP1	338328
FOXP4	116113
PIDD	55367
RP11-169D4.1	101928555
CTD-2587H24.5	101930593
MIR3161	100423000
MIR139	406931
RP11-104N10.1	101927863
OTUD6B	51633
NKTR	4820
ADAM19	8728
ZNF513	130557
ITSN2	50618
VPS9D1-AS1	100128881
OR2A5	393046
BMS1P1	728053
ZFP41	286128
OR2A25	392138
MIR4692	100616410
OR2A12	346525
CAPN13	92291
TRIM16L	101930303
ZNF3	7551
OR2A2	442361
ACOT12	134526
CHRNA7	1139
OR2A14	135941
FAM154A	158297
SYT5	6861
RP11-626I20.3	101929084
POLR2M	81488
CTAGE4	100128553
HYAL1	3373
NUTM2A-AS1	728190
MIR325	442899
FAF1	11124
COQ10B	80219
MIR4706	100616490
ARHGEF35	445328
CERS3	204219
IKBKE	9641
CASP6	839
IQSEC1	9922
KAAG1	353219
OR2A42	402317
STARD7-AS1	285033
SH3RF1	57630
CTD-2621I17.6	101928886
RRAGA	10670
OR2A7	401427
KANK3	256949
CTAGE8	100142659
LMCD1	29995
BMP15	9210
AC006116.17	101928968
OR9A4	130075
AFG3L1P	172
NUDT10	170685
UCKL1	54963
TBC1D3	101060351
STARD4-AS1	100505678
FAM90A21P	441317
RPL7A	26814
REPS2	9185
METTL10	399818
MEIS3	56917
NBEA	26960
MIR3923	100500877
COASY	80347
DNM1	1759
TMEM254	80195
ITGB4	3691
CLEC5A	23601
ENKUR	219670
SKP2	6502
DPH2	1802
CCDC87	55231
CHAF1B	8208
HAUS6	54801
AC002398.5	644050
NPHP3	27031
IGF2	3481
MRS2	57380
PTN	5764
TAS2R38	5726
ZNF542	147947
NEURL3	93082
RP11-6B4.1	728290
NUDT11	55190
DDX28	55794
SOD3	6649
HIRA	7290
CCS	9973
GLI4	2738
AFP	174
AC002116.7	101927572
RPUSD1	113000
MIR548AQ	100847078
RNASE10	338879
ARHGEF5	7984
SLC25A27	9481
PRADC1	84279
MDFI	4188
TMED8	283578
FDX1	2230
GTSF1	121355
BAMBI	25805
LINC00665	100506930
MS4A4E	643680
LINS	55180
RP11-342C24.8	728218
CCDC149	91050
ANGPTL4	51129
NREP-AS1	100873948
UBE2E3	10477
ZNF696	79943
CDY2B	203611
GSPT2	23708
RNASE9	390443
ZNHIT2	741
SSUH2	51066
CTD-3162L10.5	644189
SAMD15	161394
CTD-2630F21.1	728752
TMEM14A	28978
LIN28B	389421
ESR2	2100
TAF4B	6875
C12orf50	160419
RALA	5898
CDKN2C	1031
SOWAHC	65124
AC092295.7	101927599
RNF223	401934
RASSF5	83593
ETHE1	23474
HSPD1	3329
RP11-632K5.3	101928580
ABCB8	11194
NOXRED1	122945
FAU	2197
DIS3L	115752
NAA15	80155
PRSS58	136541
CLDN14	23562
PLA2G12A	81579
EPB41L4A-AS1	114915
RP11-85F14.5	101927597
BVES	11149
MIR548AL	100616215
GSTA2	2939
PTPRH	5794
TMEM233	387890
PWWP2B	170394
WDPCP	51057
IL18RAP	8807
AP001372.2	100287896
NHS	4810
C1orf185	284546
NGFR	4804
AMZ1	155185
RGPD5	653489
MIR4696	100616402
CIAO1	9391
DIRC1	116093
RPS6KA4	8986
ZNF575	284346
OMP	4975
RNF11	26994
HES7	84667
CDK13	8621
DGKI	9162
CCNI2	645121
SIM2	6493
RP11-147I3.1	101060510
RP11-429P3.5	101927250
ARHGAP20	57569
LINC00971	440970
ZNF582-AS1	386758
MIR2392	100616495
TXNL1	9352
RP5-884M6.1	340340
COPS6	10980
RP11-728K20.1	101930608
SLC16A12	387700
RAB11B	9230
ASB7	140460
NFATC3	4775
RP11-2A4.3	100507274
LRRC69	100130742
ZDHHC23	254887
ZNF667-AS1	100128252
VPS11	55823
TCAM1P	146771
SPHKAP	80309
RP11-401P9.5	101927272
ERP29	10961
SLC22A1	6580
PPM1G	5496
COL3A1	1281
CRYM-AS1	400508
C1orf159	54991
EIF2D	1939
SLC13A2	9058
ALDH1A2	101928635
RP11-955H22.3	101927616
CHTF18	63922
XRCC1	7515
MAGED1	9500
FAM35BP	439965
KRT16P2	400578
PGAP3	93210
ZNF512B	57473
COX7B	1349
CTD-2034I21.1	101927313
SCML1	6322
MRPS7	51081
FRG1	101930531
ATP6V0B	533
NUP210	23225
SLC8A2	6543
RP11-642P15.1	253724
RP11-883G14.2	101927334
CTD-2547E10.2	101060604
FRG2	100288255
FGD2	221472
WDR12	55759
SLC9A4	389015
INS-IGF2	723961
KCNH6	81033
NAGK	55577
RP11-840I19.3	100506321
HLCS	3141
DUX4L7	100291626
MS4A4A	51338
SEPT8	23176
PRKY	5616
SYVN1	102465449
CABP7	164633
SAMD10	140700
ATP7A	538
ALDH1A3	220
PCDH12	51294
POPDC3	64208
DUX4L4	100288494
WEE2	494551
DTX2	113878
KCTD1	284252
C10orf126	283080
ZMAT5	55954
SLC22A2	6582
CTD-2509G16.2	100128233
PER1	102465532
PLIN2	123
ASPHD1	253982
RP11-526P6.1	101927637
CCT7	10574
MIR3652	100500842
DUX4	100653046
MIR5688	100847077
EGLN3	112399
SAMD8	142891
AC074138.3	101927621
PREP	5550
LYZL1	84569
UQCR10	29796
SPATA16	83893
MIR3680-1	100847041
WDR7	23335
ADAMTSL4	54507
RP11-219E7.2	100507513
INS	3630
CTD-2162K18.5	284408
SLC26A7	115111
SSBP1	6742
USP2-AS1	100499227
PRPF6	24148
RP11-84C10.2	643332
CAV3	859
CRLS1	54675
AC018641.7	100130673
HSFY1	159119
RPLP2	619565
RP11-84C10.4	101929718
MIR770	768222
MIR493	574450
MIR326	442900
RIPPLY3	53820
MIR337	442905
SNORD15A	6079
DPY19L1P1	100129460
SNORD15B	114599
MIR665	100126315
RP11-545G3.1	100134040
DKK3	27122
MIR431	574038
MIR433	574034
MIR127	406914
MIR432	574451
MS4A6E	245802
MIR136	406927
RNF14	9604
TTC39A	22996
MIR3922	100500843
GOLGA2	2801
MEG8	692215
URAHP	100130015
CTD-2530H12.1	283214
LINC00996	285972
RAI2	10742
CADM2-AS2	100874037
IL26	55801
NEUROG3	50674
TOP1MT	116447
CADM2-AS1	100874038
MARCH2	51257
TMEM86B	255043
CTD-3220F14.1	100134317
THNSL1	79896
RP11-535A19.2	100506113
hsa-mir-8078	102466878
MIR548C	100500856
C10orf35	219738
TTTY16	252948
PIGP	51227
DYRK3	8444
FAM157C	101930567
LGI2	55203
HNRNPA1P48	728643
SLC26A4-AS1	286002
CTD-3064H18.1	101927720
RP11-331K15.1	101927494
PANK1	53354
CPSF4L	642843
NCKAP1L	3071
NOBOX	135935
OXTR	5021
MIR2909	100422969
MIR550A2	100500830
MIR4795	100616161
MIR4708	100616176
RP11-214C8.2	400612
RP11-778O17.4	649133
MIR625	693210
BEND2	139105
SURF1	6834
NXPH3	11248
FADS6	283985
FAM175B	23172
GPR158	57512
RHOG	391
MPLKIP	136647
RP11-766N7.3	400046
MS4A7	58475
GALE	2582
RP11-7O14.1	101927364
RP11-640N11.2	101929227
SSBP2	23635
ZNF571-AS1	100507433
TIPIN	54962
GCNT2	2651
ASCC2	84164
MIR370	442915
CAMKK2	10645
LINC00919	100505619
SNORD113-1	767561
IL22	50616
AC135983.2	101060588
GNG13	51764
CDC42EP4	23580
VIPAS39	63894
KCTD13	253980
SLC35G2	80723
ATP5G3	518
RP11-152O14.1	102467079
C12orf29	91298
SRP19	6728
SNORA76	677842
AQP9	366
ZBTB47	92999
SNORD104	692227
DHRS7B	25979
MCCD1	401250
TTTY12	83867
RBM14	10432
CASC18	101929110
SNORD113-2	767562
SNORD113-3	767563
PID1	55022
NLGN1	22871
PRR25	388199
SNORD113-4	767564
RP11-166D19.1	399959
B4GALT2	8704
ZRANB1	54764
SCML2	10389
MAPKAPK2	9261
AL132709.5	100507242
RAD18	56852
SLC22A3	6581
STIM1	6786
SLC22A11	55867
SFTA2	389376
VDAC1P1	7416
LRRN4	164312
FAM35A	54537
DNER	92737
RP9P	441212
KPTN	11133
RNASE11	122651
C22orf39	128977
GPN3	51184
NCOA3	8202
PPP6R1	22870
AC006115.3	101929059
ADAM2	2515
ITIH2	3698
DPCR1	135656
TH	7054
SOX18	54345
LIPC	3990
AQP4	361
MIR125B1	406911
SPOP	8405
FAM81B	153643
LMF1	64788
MIRLET7A2	406882
RASA2	5922
hsa-mir-6080	102464831
TAS2R3	50831
MIR100	406892
C10orf91	170393
SUGCT	79783
SLC17A3	10786
FERMT1	55612
RBM4	100526737
MIMT1	100073347
NCK1	4690
KIAA1407	57577
TAS2R4	50832
NEK1	4750
RICTOR	253260
USH1G	124590
MAB21L1	4081
RP11-672A2.6	101928813
NIPAL4	348938
TAS2R5	54429
GLUD2	2747
MRPL40	64976
RP11-166O4.5	101929736
LINC00238	440184
SVIL	6840
DTNBP1	84062
RP11-482D24.2	100505978
RP11-335F8.2	341056
IL10	3586
PRKAR1A	5573
CDKL5	6792
MRPS18B	28973
GNA12	2768
HNRNPM	4670
MLF1	4291
MGEA5	10724
SNORD14E	85391
NRBP1	29959
SNORD14D	85390
SNORD14C	85389
DCLK1	9201
DENND4C	55667
EMD	2010
YWHAEP7	284100
INPP5A	3632
PINLYP	390940
CTD-2554C21.2	644554
TCEA2	6919
MRPL49	740
CTBP2	1488
LPA	4018
ATG9B	285973
MIR4493	100616319
RNASE12	493901
AC016582.2	100631378
ARHGAP11A	9824
OR6S1	341799
GRIA3	2892
COX7A2	1347
OTOP2	92736
DEF6	50619
LTBP4	8425
PRSS37	136242
RP5-942I16.1	100507468
IL19	29949
RNASE4	6038
C11orf53	341032
ZNF106	64397
MIR3914-1	100500920
KLHL40	131377
TPK1	27010
UFD1L	7353
ADAM10	102
LINC00507	100862680
LINC00641	283624
RP11-412D9.4	90488
TOE1	114034
ARMC6	93436
IRGQ	126298
AC005789.11	399473
PGAM4	441531
COLCA1	399948
MYO3A	53904
CFL1P1	142913
UBE2G1	7326
RS1	6247
SLC2A3	6515
SBDSP1	155370
MICAL2	9645
NCKAP5L	57701
NUTM2A	728118
COLCA2	120376
MCL1	4170
IL20	50604
SRGAP3	9901
TTLL10	254173
COL13A1	1305
SPDYE7P	441251
CARD11	84433
ZNF576	79177
SPDYC	387778
AC104024.1	284191
EPS15	2060
FBXW10	100996906
PLG	5340
TDRD6	221400
MS4A14	84689
CFI	3426
SURF2	6835
SLC22A12	116085
AC096559.1	100506457
MIF4GD	57409
POU2AF1	101928620
OTOP3	347741
TRIP12	9320
MAP2K1	5604
SPTSSA	171546
SOX8	30812
SWI5	375757
SERPINI1	5274
TMEM11	8834
SLC9A2	6549
IL24	11009
SNORA13	654322
EAPP	55837
PGK1	5230
KIAA1715	80856
SSTR5	6755
PHF12	57649
FGL1	2267
ERVK3-1	7554
GNPDA1	10007
VRK1	7443
MTMR3	8897
PRKAB1	5564
RP11-864J10.4	101929162
C1QTNF8	390664
PPEF1	5475
CHST9	83539
FAM160B1	57700
RP11-230G5.2	100507065
BPESC1	60467
RP11-526F3.1	101927023
LAMP3	27074
RP11-319G6.1	100507291
HMGCL	3155
CCDC13	152206
TRUB2	26995
RP11-142G1.2	283854
CASP10	843
CASC16	643714
GPLD1	2822
PLAC9	219348
SOHLH2	100526761
SNORD9	692053
MIR3681	100500884
SNORD8	319103
NSUN5P2	260294
MDM1	56890
TESK2	10420
FAM63B	54629
SNAPC5	10302
ANG	283
RRM1	6240
AFM	173
IL23A	51561
TTC3	286495
MIR4530	100616163
TFEB	7942
EIF3IP1	442720
ITGA4	3676
RP13-653N12.1	100996679
RPL10	6134
HSPBP1	23640
CDH2	1000
SLC25A42	284439
MTHFD1	4522
RBM4B	83759
EDDM3A	10876
RP13-653N12.2	101927694
CAPN1	823
DOCK4-AS1	100506413
MIR3125	100422986
MTRNR2L6	100463482
MIR4419B	100616298
TMEM219	124446
TTTY13	83868
FMNL2	114793
EDDM3B	64184
MIR3612	100500817
AC064875.2	100506474
BMP2	650
FAIM3	9214
TMEM185B	79134
BOD1L2	284257
CARF	79800
RABAC1	10567
MAGI1	9223
RNASE6	6039
BTG4	54766
CREB3L2	64764
STAT2	6773
ST8SIA3	51046
ROPN1L-AS1	100505845
RP11-48F14.1	253573
BCDIN3D	144233
RNASE1	6035
COQ4	51117
NAALADL2	254827
RALB	5899
RP11-1C1.4	101929412
VDAC2	7417
RASSF6	166824
FUCA1	2517
CACNA1H	8912
THUMPD3	25917
ZNF239	8187
TMEM161A	54929
ONECUT2	9480
AC124789.1	101929494
RP11-371M22.1	101927041
STAG3L3	442582
RGS19	10287
LINC00276	100499171
SNX6	58533
SDK2	54549
RPS6	6194
RP11-669N7.2	283352
FAIM2	23017
NRXN2	9379
RP11-677M14.3	101930471
REEP5	7905
ENSA	2029
RP11-677M14.7	100507283
CTC-313D10.1	101927059
RNF111	54778
HTRA2	27429
SPTBN2	6712
CCDC169	728591
TAOK2	9344
FECH	2235
RNF7	9616
C11orf88	399949
PCM1	5108
MAP3K4	4216
ETV5	2119
OPRL1	4987
RHO	6010
ZNF485	220992
C17orf103	256302
PHKA2	5256
TTC37	9652
AC002463.3	101928012
ACER2	340485
NAPA	8775
PIGR	5284
POM121L2	94026
RPL4	595097
GAR1	54433
MIR5694	100847064
PLA2G7	7941
HORMAD2	150280
CNR2	1269
SCG5	6447
DDX39B	7919
ZNF391	346157
C20orf201	198437
H1FOO	132243
AC010226.4	101927100
HDAC11	79885
ERBB2	2064
SMCR5	140771
MS4A5	64232
MIR33B	693120
NPBWR2	2832
AC122129.1	100507131
GOLIM4	27333
GFPT1	2673
NKX6-2	84504
QTRTD1	79691
A1BG-AS1	503538
SLC24A2	25769
MARVELD2	153562
LRRK1	79705
SLC27A4	10999
UNC45B	146862
PLEKHM1P	100423004
RP11-258F1.1	101930243
RP11-1407O15.2	101929950
ZNF184	7738
TRUB1	142940
ATP1A3	478
MIR4754	100616168
LIF	3976
RRH	10692
CTD-2619J13.14	100506634
MYT1	4661
TVP23B	51030
SOX30	11063
PXDN	7837
PGC	5225
MAP2K3	100996792
INHBB	3625
MS4A1	931
LAYN	143903
FCAMR	83953
SRRM5	100170229
AC016629.8	100131691
OSM	5008
ESRP2	102466194
SNRNP200	101929240
KIF20B	9585
TTC23L	153657
C6orf15	29113
HIST1H2BL	8340
MYCNOS	10408
CENPBD1P1	65996
FOXN1	8456
ZNF428	126299
RRAS2	22800
RP1-37N7.1	101928729
PSORS1C1	170679
ARHGAP22	58504
RP11-38L15.3	101927699
PIM1	5292
CTB-118N6.3	101927233
DSC3	1825
CADM4	199731
ACTA2-AS1	100132116
OCLN	100506658
LINC00842	643650
MLLT3	4300
SNORD113-5	767565
GATSL3	652968
CLCN3	1182
SNORD113-6	767566
MIR4679-2	100616192
TNFRSF18	8784
INHBA	3624
SNORD113-7	767567
SNORD113-8	767568
PRDM1	639
SURF4	6836
MS4A12	54860
ZNF541	84215
MIR3127	100422928
AQP2	359
SPG20	23111
RP11-353K11.1	100506036
SNAP23	8773
UNC119	9094
SPNS3	201305
CAMKMT	79823
TPSG1	25823
GLI2	2736
BMS1P2	642826
POLA2	23649
C1orf116	79098
LRIT3	345193
ATRNL1	26033
PRAM1	84106
AC005176.2	100129935
PNPLA2	57104
MS4A13	503497
NPSR1-AS1	404744
NAA25	80018
SEPSECS	51091
RUNX1T1	862
PLAUR	5329
TPSB2	64499
PCMTD2	55251
TNFRSF4	7293
YOD1	55432
SLTM	79811
MIR4734	100616203
GREM1	26585
VAMP2	6844
CTB-58E17.3	101929533
TTC40	54777
DHX16	8449
AC018464.3	101928036
MIR4726	100616153
RP11-249M12.2	102467223
SETD5	55209
CDSN	1041
MEF2BNB-MEF2B	729991
HHATL	57467
FSCN2	25794
CIT	11113
PLXND1	23129
C5orf52	100190949
PRSS1	5645
AMZ2P1	201283
EGF	1950
KDM5D	8284
GRK7	131890
SNORD113-9	767569
GSTA5	221357
MIR3666	100500896
MIR548N	100302152
MFSD9	84804
THG1L	54974
AQP5	362
BRSK1	84446
ZNF414	84330
IL20RB	53833
ATAT1	79969
TMEM217	221468
PPARD	5467
EPM2A	7957
FMN1	342184
AGPAT4	56895
SDF4	51150
HID1	283987
CCNA1	8900
C14orf177	283598
CERCAM	51148
GOLPH3L	55204
ATP1B3	483
FBN2	2201
FOXJ2	55810
PSORS1C2	170680
TPSAB1	7177
GLTSCR1	29998
RP5-1103G7.4	100507459
CDC42EP2	10435
PPP1R18	170954
RP11-160O5.1	100507002
AQP6	363
MCM7	4176
EFCAB4A	283229
SDCBP2-AS1	100507495
PFKFB2	5208
MIR4637	100616271
IRGC	56269
TEX36	387718
SNORD114-1	767577
SNORD114-2	767578
IDO1	3620
SNORD114-3	767579
GFM1	85476
SNORD114-4	767580
SNORD114-5	767581
MICALCL	84953
SNORD114-6	767582
OR52B4	143496
CHSY1	22856
DPF2	5977
TBL1XR1	79718
SDK1	221935
TMEM107	84314
TBC1D10A	83874
NRP1	8829
SNORD114-7	767583
SNORD114-9	767585
SNORD114-10	767588
RP11-909M7.3	101929369
RP11-77C3.3	101929010
HIRIP3	8479
PLA2G15	23659
NARS	4677
PA2G4	5036
SNORD114-11	767589
ATG5	9474
SOX14	8403
KCNIP2	30819
LOXL3	84695
CCHCR1	54535
CEP55	55165
RP1-37N7.3	400579
EPHB6	2051
C4orf27	54969
GLI3	2737
SNORD114-12	767590
NRM	11270
C3AR1	719
TPSD1	23430
SIK2	23235
RP11-630C16.1	101927038
SERTM1	400120
RP4-673D20.3	100289473
SMG9	56006
GALNT14	79623
EHD2	30846
CLDN18	51208
DSC2	1824
RFXAP	5994
MIR4727	100616416
RP4-684O24.5	727993
FTO-IT1	100505692
MS4A8	83661
LINC00672	100505576
PIPOX	51268
BCL11B	64919
AC093415.2	101928187
RP11-434E6.2	100996345
FOCAD	54914
TMEM182	130827
SNORD119	100113378
UPK3B	80761
MIR1292	100302138
RP1-137K24.1	101929454
SNORD110	692213
PARK2	5071
SMAD9	4093
SNORA51	677831
SNORD86	692201
RP11-1136G4.1	101927480
HIST1H3H	8968
SNORD56	26793
SNORD57	26792
RHPN1	114822
PI4K2B	285540
LRRC37A11P	342666
VIMP	55829
CRNDE	643911
MECOM	2122
SNORD114-13	767591
HIST1H2AJ	8331
SNORD114-14	767592
UBOX5-AS1	100134015
SNORD114-15	767593
SNORD114-16	767594
COL5A2	1290
RRN3P3	101060405
ARL17B	100506084
CERKL	375298
TIGD3	220359
CTD-2206N4.4	100131347
HIST1H2BM	8342
DSCR3	10311
MEF2B	100271849
MLX	6945
MIR103A2	100302282
CNTNAP2	26047
ZBTB25	7597
UBE2I	7329
EVX2	344191
SMG1P1	641298
NADK2	133686
PARVA	55742
RP4-779E11.3	728228
MS4A15	219995
CTD-3179P9.2	100505811
INO80E	283899
RP11-458K10.2	100506489
HIGD1A	25994
ASCL2	430
LRRC57	255252
C11orf80	79703
SF3A1	10291
TTTY18	252950
ZCCHC4	29063
ALG5	29880
C6orf52	347744
LSM11	134353
CTD-2281M20.1	101927280
TTTY19	252952
SLC25A45	283130
FFAR4	338557
PPP2R1B	5519
AE000661.37	101929735
NECAP1	25977
CHCHD5	84269
HOXD13	3239
FAM216A	29902
TRIM21	6737
CTD-2350J17.1	101929472
AC006159.4	100996266
LINC00658	100507629
HOXD12	3238
CDC45	8318
DNASE1L1	1774
MIR4757	100616307
IL8	3576
SLC35G3	146861
TSPAN11	441631
HIST1H2BN	8341
MIR887	100126347
RP5-828H9.1	643406
AC010096.1	101928196
MDC1	9656
C11orf21	29125
AKR1D1	6718
KRTCAP3	200634
LINC00654	149837
TTTY11	83866
CCNB2	9133
ATP8B1	5205
C4BPB	725
TMEM150B	284417
OR52K2	119774
FANCE	2178
MAGED4B	728239
C7orf25	79020
HSPE1	3336
OR52K1	390036
RP11-2N5.1	102467225
CLINT1	9685
SLFN5	162394
OR52M1	119772
RP5-1022P6.4	101929207
ATG10	83734
HAO1	54363
CES1P1	51716
C11orf40	143501
MINPP1	9562
SNORA81	677847
LHFPL4	375323
SNORA4	619568
RBP4	5950
PACRG	135138
HORMAD1	84072
OR52I2	143502
SLC7A6	9057
ZNF32	7580
FBXO30	84085
RACGAP1	29127
LINC00954	400946
IDO2	169355
OR52I1	390037
RNASE3	6037
CASC20	101929244
MIR26A1	407015
HOXD11	3237
C5orf20	140947
LINC00879	255025
ADIPOQ-AS1	100874095
CFL2	1073
AC018647.3	100506725
RNASE2	6036
RP4-764O22.2	101929265
TIFAB	497189
TRIM68	55128
MS4A10	341116
CTSLP7	1517
MIR4728	100616132
EXOSC8	11340
AC007551.3	101928545
RP11-19D2.2	101929288
RP5-988G17.1	101929312
CD151	977
DCAF7	10238
TMX4	56255
CXCL12	6387
TFDP2	7029
GSTA3	2940
ACKR4	51554
RP1-167G20.1	101929505
HIST1H1B	3009
CCDC157	550631
SNORD114-17	767595
RYR3	6263
FRMD8	83786
RP11-669N7.3	101927735
MAFA	389692
HOXD10	3236
CCDC86	79080
RHEBP2	101060032
KRT16P1	729252
ODF2	4957
RP11-292F22.5	101929917
AKAP5	9495
RP11-260E18.1	101929524
LRRC37A	474170
DEFB125	245938
RNU105B	26767
SULF2	55959
B3GALT6	126792
C8orf4	56892
ZC3H3	23144
HAUS2	55142
RP5-1119D9.4	101929329
PSMA2	5683
DEFB126	81623
RP5-839B4.8	101929371
HSPE1-MOB4	100529241
PTGDR2	11251
DYRK1A	1859
FAM132A	388581
PDE6C	5146
SNAP25-AS1	100131208
THOC2	57187
TSPAN32	10077
DEFB127	140850
RP11-168O10.6	101926906
RPL10A	4736
AC159540.1	100506123
MRPL45	84311
ZBTB1	22890
ANTXRLP1	100996567
TMEM30A	55754
ZMAT4	79698
DCP2	167227
MIR107	406901
ZP1	22917
TACO1	51204
PIGS	94005
DEFB128	245939
RP11-208N14.4	101929106
CLSTN2-AS1	101927808
WDFY4	57705
AIM1	202
ACKR2	1238
MIR619	693204
DEFB129	140881
C4BPA	722
SLC17A2	10246
KCNN4	3783
PDE1B	5153
RP11-80H5.7	283011
C9orf96	169436
RNF215	200312
UBA5	79876
USP30-AS1	100131733
LINC00865	643529
NFU1	27247
MCEE	84693
DEFB132	400830
RP11-478K7.2	101926924
POMZP3	22932
ANXA11	311
MTMR14	64419
SLC25A12	8604
SOWAHA	134548
GLTSCR2	29997
NEUROG1	4762
RAD1	5810
GPR64	10149
QKI	9444
AP000769.1	101927789
AC091878.1	285696
RP11-15K3.1	101926942
SUV420H2	84787
CXCL14	9547
EPN3	55040
SNORD124	101340251
GSDMD	79792
RP11-572C21.1	101927710
MYO1E	4643
HOXD9	3235
OSBPL9	114883
MCF2L2	23101
SHROOM1	134549
RP11-474D1.3	100190940
UBE2J2	118424
CTD-2267D19.2	101929693
METTL17	64745
ANAPC4	29945
MAP3K3	4215
RP11-368J21.3	653786
SLC25A48	153328
RP11-4F22.2	101928001
TRIO	7204
MYOM3	127294
ZMYND10	51364
HOXD8	3234
PLCB1	23236
MPHOSPH10	10199
EBF1	1879
FTH1P10	2498
PTPLAD2	401494
MDH1	4190
CLDN5	7122
TBC1D22B	55633
PRPF40A	55660
NDFIP1	80762
OR51D1	390038
SEC14L2	23541
OR51E1	143503
SLC35F5	80255
KCNJ6	3763
FRS3	10817
TUBB	203068
OR51E2	81285
ZDHHC17	23390
RP11-461O7.1	283856
FYB	2533
SNORD114-18	767596
SLC20A1	6574
ANKRD66	100287718
SNORD114-19	767597
ASAH1	427
HS1BP3-IT1	100874343
DSCR4	10281
IFNB1	3456
SNORD114-20	767598
CTD-2050B12.1	101927508
PRPF19	27339
SNORD114-21	767599
SNORD114-22	767600
CTD-2050B12.2	26077
MMP26	56547
SNORD114-23	767603
IFNW1	3467
MIR3935	100500891
CTD-2325P2.4	100996664
IFNA21	3452
ARSK	153642
SCYL1	57410
REXO4	57109
SPRY4	81848
CTD-2313J23.1	101927875
AC012317.1	400511
IFNA4	3441
MT1L	4500
CTD-2139B15.4	401177
DSCR8	84677
MEP1A	4224
RFXANK	8625
IFNA7	3444
AC012361.1	101928271
DZIP1L	199221
MT1JP	4498
IFNA10	3446
CD55	1604
RP11-266L9.5	283887
DDX11	1663
ACTN1-AS1	161159
DRD3	1814
IFNA16	3449
PRICKLE4	100188893
IFNA17	3451
OR51F1	256892
RP11-485G4.2	256356
RP11-266L9.2	100506655
AC011752.1	100507562
FGF1	2246
BAIAP3	8938
IFNA14	3448
OR52R1	119695
IFNA5	3442
POLR2L	5441
SEPT5	5413
MIR634	693219
OR51F2	119694
OR51S1	119692
KLHL9	55958
MTHFD2P1	100287639
C20orf96	140680
OR51T1	401665
AC018742.1	645949
IFNA6	3443
OR51A7	119687
FBXO36	130888
GRIK5	2901
RAP1B	5908
MFAP3L	101928198
RP5-1028K7.2	101059954
IFNA13	3447
OR51G2	81282
SUPT20H	55578
OR51G1	79324
IFNA2	3440
SFRP1	6422
ACVR2B-AS1	100128640
RP11-256L11.1	101928138
IFNA8	3445
HSPA2	3306
IFNA1	3439
BAZ1A	11177
SNORD114-24	767604
SNORD114-25	767605
IFNE	338376
SNORD114-26	767606
LYPD5	284348
COX6B2	125965
AC020601.1	101928273
C6orf118	168090
SNORD114-27	767608
SNORD114-28	767609
RCE1	9986
HOXD3	401021
SNORD114-29	767610
SNORD114-30	767611
MYT1L	23040
KCNJ15	3772
PPP1R36	145376
SNORD114-31	767612
CXCL6	6372
MIR379	494328
RTN4IP1	84816
MIR411	693121
SETD3	84193
MIR299	407023
RP11-372E1.4	100507389
PAPSS2	9060
APOF	319
RUFY4	285180
CTSS	1520
MTAP	4507
POLH	5429
MIR380	494329
DGKG	1608
PF4V1	5197
PAIP2B	400961
MIR1197	100302250
VPS29	51699
MIR323A	442897
EDRF1	26098
MIR758	768212
MCC	4163
DOC2A	8448
ADAM21P1	145241
GOLGA7	51125
AC092850.1	100996701
CXCL1	2919
TMEM109	79073
TEAD3	7005
TSPAN4	7106
ZCCHC3	85364
RP11-372E1.6	101927832
PRPSAP2	5636
OR51A4	401666
PF4	5196
OR51A2	401667
TAZ	6901
RPSAP52	204010
SOX12	6666
SLC7A6OS	84138
OR51L1	119682
SNRPA1	6627
OR52J3	119679
AADAT	51166
PPBP	5473
MTFP1	51537
SLC25A19	60386
OR52E2	119678
DSC1	1823
CCDC146	57639
TIMELESS	8914
PDE10A	10846
HIST1H2BO	8348
CASP8	841
MIR138-2	406930
OR52A5	390054
CXCL5	6374
LIMS3	96626
SFSWAP	6433
OR2B2	81697
TMEM132A	54972
ST7-AS1	93653
OR52A1	23538
ALG9	79796
SLC16A14	151473
NRSN2	80023
OR51V1	283111
TFCP2L1	29842
CXCL3	2921
GLE1	2733
ST7-AS2	101928159
HBB	3043
COPZ2	51226
SLC35B1	10237
PC	5091
CXCL2	2920
RPS23	6228
GAD2	2572
FILIP1	27145
FAM222A-AS1	84983
CD81	975
AC003958.2	100505782
CPNE9	151835
OR2B6	26212
SHPRH	257218
CEP290	80184
KCNMB4	27345
HOXD1	3231
ERG	2078
LDHAL6B	92483
C17orf59	54785
DSG1	1828
C17orf70	80233
TRPV6	55503
SEC14L3	266629
ADAM20P1	317760
GSTA4	2941
MIR4497	100616454
GPR150	285601
MTHFD2L	441024
CDKN2A	1029
C5orf22	55322
AC007359.6	101929148
FAM81A	145773
RBMY1A3P	286557
FLOT1	10211
TMEM108	66000
FZD10-AS1	440119
FRMPD2P1	728798
ZNF283	284349
PRMT7	54496
AURKB	9212
MTX2	10651
SLC34A2	10568
FRA10AC1	118924
TEAD1	7003
GALNTL6	442117
CLEC4A	50856
TTTY6B	441543
CR2	1380
SP110	3431
FAM71E2	284418
TTTY20	252951
C2orf70	339778
FAM197Y8	100289150
ST3GAL6-AS1	100874207
MIR548W	100422923
IFT172	26160
KRBOX1	100506243
ASIC3	9311
RNU6-26P	100873741
DSG4	147409
FAM20A	54757
GFRA1	2674
WDR75	84128
HBD	3045
TRIM38	10475
TRPV5	56302
IL22RA1	58985
TRIB3	57761
BRIX1	55299
LPP-AS2	339929
T	6862
LPP-AS1	100873917
BMS1P5	399761
MIR28	407020
IL11	3589
CTD-2540L5.6	101928075
C7orf34	135927
TPRG1-AS2	100874027
MIR329-1	574408
RP11-454P21.1	646241
MIR329-2	574409
KCNJ12	100996843
TMEM72	643236
MIR494	574452
FBLN2	2199
MIR1193	100422837
IL9	3578
KEL	3792
CTSK	1513
MIR543	100126335
IL21R-AS1	283888
MIR495	574453
TSR3	115939
TTTY5	83863
MIR376C	442913
MRPL32	64983
MIR654	724024
ZNF574	64763
CTD-2049O4.1	100128079
H2AFY2	55506
A4GNT	51146
SENP6	26054
ZNF404	342908
CDKN2B	1030
RP6-65G23.3	100506411
TMEM190	147744
IFNLR1	163702
GALNT7	51809
RBMY2FP	100652931
PRR18	285800
PLCB4	5332
MIR944	100126340
MIR376A1	664615
RPL41	6171
MIR300	100126297
LTBP3	4054
GTF2H2C	730394
CYP8B1	1582
ZNF80	7634
TMEM238	388564
RFESD	317671
EPGN	255324
MALL	7851
ZNF45	7596
SFT2D1	113402
DBR1	51163
DMRTA1	63951
NFE2L1	4779
SCNN1D	6339
CSNK1A1L	122011
TIGIT	201633
SLC27A6	28965
ZNF662	389114
TNKS2-AS1	100507633
PLEKHG3	26030
MIR548AA2	100500895
RP11-609L23.1	101927058
ATP6AP1L	645079
SEC14L4	284904
SLC15A3	51296
SNORA38B	100124536
GNPTG	84572
RBCK1	10616
TRIM24	8805
HIST1H1A	3024
NUMBL	9253
HBG1	3047
GDF9	2661
PAK1IP1	55003
ELAVL2	1993
DSG3	1830
RASSF4	83937
ADAMTS13	11093
USP32P2	101060794
LINC00974	147093
MMP17	4326
ETS2	2114
MIR1185-1	100302157
C17orf51	339263
RNF8	9025
KRT42P	284116
MIR1185-2	100302209
GINS4	84296
ZNF277	11179
MIR381HG	378881
RP11-638F5.1	101929974
MIR381	494330
C16orf92	146378
SPNS2	124976
BRPF1	7862
MIR487B	664616
MIR539	664612
MPC1	51660
MIR889	100126345
MIR544A	664613
MIR655	724025
RFTN2	130132
RP1-46F2.2	100131138
NME1	4830
DNAJC27-AS1	729723
C6orf136	221545
ZNF165	7718
ENTPD3-AS1	285266
CDR2L	30850
ZNF221	7638
POU3F3	5455
SLFN11	91607
FDXACB1	91893
DSG2	1829
HECW1	23072
RPL28	102465483
TMEM167A	153339
ZSCAN16	80345
FAM57B	100996332
PTPRB	5787
MRPS9	64965
GPR123	84435
TULP1	7287
IQCA1P1	392843
IZUMO3	100129669
NT5DC4	284958
NPHP1	4867
GPR116	221395
ARNTL	406
ZNF155	7711
ZNF638	100507113
TBX1	6899
TRIQK	286144
SEC14L6	730005
PCSK6	100507472
NR2C2AP	126382
MIR671	768213
TRAFD1	10906
PSMG1	8624
TUSC1	286319
HIST1H2AB	8335
BFSP2	8419
ALDOC	230
LIMD2	80774
POU2F2	5452
AHSA1	10598
ELOVL6	79071
NPRL2	10641
WDR86-AS1	100131176
CCDC172	374355
RP13-507P19.2	338797
RAD9B	144715
CAAP1	79886
MIR4721	100616256
ICT1	3396
TTR	7276
RP11-22P6.3	100289092
GRHL3	57822
HMGB2	3148
GTPBP2	54676
MIR3907	100500835
HIST1H2BB	3018
LRFN4	78999
TMEM14C	51522
RP11-655G22.1	101929175
NPLOC4	55666
UNKL	64718
SEZ6	124925
RPS6KA2	6196
ZC3H10	84872
RP11-298I3.1	101926933
HBG2	3048
QRSL1	55278
MIR4707	100616424
ZBTB20	26137
CR1	1378
LECT2	3950
CCDC144B	348254
RP11-196O2.1	101928618
PDHA1	5160
C11orf86	254439
USP49	25862
AIFM2	84883
POSTN	10631
FOXK1	221937
NCAN	1463
RANBP3L	202151
AVEN	57099
SAP30	8819
MIR208A	406990
FAM197Y6	100289188
FABP5P3	220832
OPA1-AS1	100873941
MIR208B	100126336
GCNT3	9245
GAL3ST1	9514
ENPEP	2028
RP11-66N24.4	79178
TAF9B	51616
SYT12	91683
KIN	22944
SNORD56B	319139
LINC01003	100128822
RP11-699L21.1	647323
PLAA	9373
EREG	2069
ATAD1	84896
MTRNR2L1	100462977
MIR1301	100302246
CMTR1	23070
SPTAN1	6709
B4GALT6	9331
ITPRIPL1	150771
ANAPC5	51433
LINC00973	100506377
ZNF230	7773
AP5Z1	100616465
GNB1L	54584
PPP1R1A	5502
AREG	727738
MARK2P9	100507674
CD6	923
MIR5706	100847085
MYBBP1A	10514
NBEAL1	65065
GTF2A2	2958
HAPLN4	404037
UQCRQ	27089
WSB1	26118
HAT1	8520
B3GNT5	101928934
CHID1	66005
KNDC1	85442
C11orf1	64776
HBE1	3046
TM6SF2	53345
RP11-407B7.1	100505902
FGL2	10875
DHRS4-AS1	55449
ARHGAP26	23092
HIST1H1C	3006
FAM198A	729085
TTTY17A	474151
GUSBP1	375513
C16orf91	283951
NCOA1	8648
CHRM5	1133
NAT1	9
ATE1	11101
TNF	7124
ZNF222	7673
XIAP	331
LACRT	90070
ZNF705A	100131539
CRYAB	1410
ACAP3	116983
EMC7	56851
C10orf10	11067
KCTD2	101928375
LTB	4050
CCDC154	645811
GRB2	2885
SEL1L3	23231
POMGNT2	84892
OGG1	4968
PIPSL	266971
RNF145	153830
ABCA8	10351
OR51B4	79339
IFRD1	3475
MIR487A	619555
SSSCA1	10534
MIR382	494331
STRADA	92335
LEAP2	116842
MIR134	406924
OR51B2	79345
MIR485	574436
KCNMB2	10242
BNIP2	663
C7orf33	202865
CAPN14	440854
ZNF223	7766
PNLIPRP3	119548
PES1	23481
SERF1B	728492
MIR323B	574410
TMCC1	23023
SLC25A52	147407
MIR635	693220
MIR154	406946
RP11-542B15.1	100507175
ISOC1	51015
OR51B6	390058
RP11-118B18.1	101928104
RADIL	55698
RP11-43N5.1	101927901
CR1L	1379
FAM89B	23625
RP11-429H9.4	101927049
GSAP	54103
MYLIP	29116
MIR4524B	100847008
HSPB2	3316
SMPD3	55512
RP11-495K9.6	100128002
MIR3921	100500859
NRD1	4898
SRP54	6729
HSPB2-C11orf52	91894
AC003051.1	101928122
SNORA46	677827
MARS2	92935
OR51M1	390059
SNORA50	677830
C22orf29	79680
GPR179	440435
CKAP2L	150468
OR51Q1	390061
IFT74	80173
ZWILCH	55055
MROH6	642475
OR51I1	390063
OR51I2	390064
SCRG1	11341
RNASET2	8635
SEPW1	6415
C8orf87	389676
UGP2	7360
MMP21	118856
ARL6IP6	151188
OR52D1	390066
LST1	7940
UBQLN3	50613
RP11-468E2.9	728635
UBE2S	27338
TSSC4	10078
IFNG-AS1	100885789
EHBP1L1	254102
SIX3	6496
MED20	9477
C6orf203	51250
HAND2	9464
NEDD4L	23327
MAP3K15	389840
STPG1	90529
NAT2	10
RP11-823P9.3	100506217
ZNF479	90827
AFF4	27125
CLCN7	1186
LINC01028	101928141
RP13-580B18.1	100130849
AAK1	22848
LRP1	4035
ZNF284	342909
SOCS7	30837
BRWD1	54014
DCD	117159
BOLL	66037
TRAPPC8	22878
SHISA7	101928843
ARNT	405
AC006019.3	101930187
CUTA	51596
UBLCP1	134510
UBQLNL	143630
RP11-81H14.2	101927981
PAXIP1-AS1	202781
SPATA20	64847
FBXL21	26223
FBXO8	26269
TSSK1B	83942
SIX2	10736
CXCR2	3579
TBC1D20	128637
MIEN1	84299
ZNF224	7767
CIB4	130106
TPRX1	284355
GMPR	2766
ISOC2	79763
APOOP5	644649
CLASP1	23332
UROS	7390
RP11-430C1.1	101927580
HFE	3077
SVOPL	136306
CTC1	80169
OR52H1	390067
TSPAN10	83882
OR52B6	340980
RHOD	29984
SUGP1	57794
SNRK	54861
AOAH-IT1	100874264
DOK1	1796
ICK	22858
MIR4517	100616487
YTHDC2	64848
FAM92A1	137392
ALDH5A1	7915
ALDOA	226
CXCR1	3577
BEND3	57673
ZMAT3	64393
PSD3	23362
WNT7A	7476
MIR1200	100302113
ELMO1-AS1	100861514
BTBD10	84280
RP11-91G21.1	100289361
SPATA9	83890
TCN2	6948
CTB-134H23.3	101928215
KCNK3	3777
AGPAT6	137964
AGBL5-AS1	100874031
NAPRT1	93100
TMTC3	160418
PDSS2	57107
SLC9A9-AS1	100885796
RPL38	6169
PMCHL1	5369
TRIM6	117854
FOXB1	27023
ARMC8	25852
LXN	56925
TYSND1	219743
DIXDC1	85458
ESYT1	23344
NCR3	259197
CD5	921
ARPC2	10109
SLC39A2	29986
PREX1	57580
TRPM5	29850
SRBD1	55133
GPR45	11250
MUCL1	118430
LRRC19	64922
SLC35F6	54978
CEP44	80817
FGFR1OP	11116
KDM2A	22992
PLEKHA8P1	51054
LCTL	197021
TRPC4	7223
ZNF84	100287515
ULK1	8408
CAMK1	8536
ZNF628	89887
HNRNPA3	220988
SLFN12	55106
AC109828.1	100505624
ZNF26	7574
SLC8B1	80024
TGFBRAP1	9392
IL12B	3593
FAM172BP	131909
SLC35E4	101929728
NAT14	57106
CSNK2A1	1457
NME1-NME2	654364
ZBTB11-AS1	100009676
RPRM	56475
PDCL3P4	285359
CRX	1406
MAPKAPK5-AS1	51275
APBB1IP	54518
RP11-221J22.1	152225
XRCC4	7518
ADAMTS19	171019
ARHGAP23	57636
DUSP18	150290
ADRA1B	147
VPS37C	55048
TEK	7010
ANO10	55129
NCF1B	654816
TGFBI	7045
SLC5A10	125206
SPTB	6710
C10orf76	79591
KIAA1462	57608
PLCE1-AS1	100128054
PDZD2	23037
ADCK4	79934
PARM1	25849
COMTD1	118881
RARRES1	5918
TTC1	7265
PTX4	390667
KCNJ2-AS1	400617
PGBD4	161779
CCNK	8812
ZNF225	7768
NEUROD1	4760
CYSLTR1	10800
SULT2A1	6822
SMAD6	4091
TTTY7B	100101120
XAGE2B	101060193
NIPAL3	57185
CD46	4179
BSPH1	100131137
TELO2	9894
SSC5D	284297
ATP5H	10476
AP4M1	9179
ZNF234	10780
KATNBL1	79768
PITX2	5308
SLC40A1	30061
CENPA	1058
SAR1A	56681
PNLIP	5406
POU6F2-AS1	100861520
CTGLF12P	414224
CBX1	10951
ELSPBP1	64100
ZCCHC5	203430
KLHL6	89857
SH3KBP1	30011
XAGE1B	653220
GPR110	266977
TSSC1	7260
SOBP	55084
LAMP5	24141
LINC00265	349114
MIR548AT	100847030
TADA3	10474
MIR5010	100847046
M1AP	130951
RCHY1	25898
TTTY4	474149
MIR548AB	100616336
RNU6-21P	100302738
TMEM14B	81853
PTH	5741
LPAR4	2846
CCR6	1235
TXNRD2	10587
CTC-546K23.1	102467226
PUSL1	126789
CCDC85C	317762
KIAA1024L	100127206
RHOBTB3	22836
NR3C1	2908
OSBP2	23762
RP11-730N24.1	340107
METAP1D	254042
SSFA2	6744
PGA3	101929842
DNAJC21	134218
SMN2	6607
NSF	101930324
ZNF226	7769
SLFN13	146857
ZFP90	146198
CHSY3	337876
ACTR3	10096
FAR1	84188
PIK3CA	5290
KRT12	3859
TCP10L2	401285
DLAT	1737
ZNHIT3	9326
KRT20	54474
EQTN	54586
MIR4263	100422965
LINC00922	283867
SMAD3	4088
RP11-426C22.4	101928188
P2RY10	27334
MIR496	574454
SNX29P2	440352
GAP43	2596
SP140	101928789
SH2D4A	63898
AC093690.1	100505716
C10orf25	220979
GPR31	2853
ADRBK1	156
RAB3B	5865
NCAPH	23397
GRB7	2886
HINT1	3094
TESPA1	9840
LINC00938	400027
CUL1	8454
KCNQ1	3784
STK17A	9263
UNC93A	54346
EIF1AY	101060318
CDK5	1020
MOB3B	79817
FAM90A1	55138
EMC4	51234
CCDC64	92558
C2orf49	79074
FOXO3B	2310
AC104695.3	403150
CABP5	56344
GPR174	84636
ASIC1	41
SLX1B-SULT1A4	100526831
HECTD4	283450
HPGD	3248
IFT140	9742
ARPC4	10093
IFNK	56832
MIR4294	100422895
ITM2A	9452
CLEC6A	93978
FAM170B-AS1	100506733
CTC-210G5.1	153163
RCAN3	11123
ARFGEF2	10564
TRIM6-TRIM34	445372
BYSL	705
SNORA70G	100379132
HMGN1	101927733
FKBP5	2289
SBK2	646643
RP11-96H19.1	100288798
MAD2L1BP	9587
UFM1	51569
CDH3	1001
TXNDC12	51060
KLLN	100144748
C9orf72	203228
CLEC4D	338339
ITPKC	80271
TTLL2	83887
SNORA49	677829
DPYSL5	56896
SBK3	100130827
ATXN1	6310
RP13-977J11.2	100996246
NCMAP	400746
FAM177A1	101927178
ZNF503	84858
RP11-166A12.1	101927379
ZNF22	7570
ZNF579	163033
PLA2G4C	8605
RNF125	54941
WDR34	89891
PTEN	5728
SEMA4F	10505
OR13A1	79290
PDE6G	5148
MFSD1	64747
FIZ1	84922
AC097724.3	100505774
PIH1D2	120379
C19orf54	284325
NKX6-3	157848
CDV3	55573
UTF1	8433
PAK7	57144
ZKSCAN8	7745
CTD-2533K21.3	101927838
CLEC4E	26253
CSGALNACT1	55790
MIR377	494326
VENTX	27287
MIR541	100126308
MIR409	574413
MIR412	574433
LYRM7	90624
MIR369	442914
MIR410	574434
MIR656	724026
RP11-310E22.4	101927063
FBXO41	101927826
MEG9	100507257
FREM2	341640
RP11-637A17.2	100507250
GALNT13	114805
LSMEM1	286006
RNF138	51444
PGA4	643847
MORC2	22880
SNORD92	692209
PSMC3IP	29893
DEDD2	162989
ZNF558	148156
ENTPD1-AS1	101927104
SNORD53	26796
RP11-8L8.2	101929422
FHL2	2274
LINGO2	158038
RP11-611O2.2	100130075
KTI12	112970
PLCL1	5334
MIR4284	100422948
MIP	4284
PUS1	80324
LINC00035	171022
CSRP2	1466
AC073133.1	285889
SLC1A3	6507
CYB561D2	11068
SCML4	256380
IL1A	3552
MIR590	693175
COA1	55744
RP11-168L7.1	101929443
ARPC4-TTLL3	100526693
SRRM1	10250
CCDC13-AS1	100874114
LINC01006	100506380
RP11-168L7.3	100507277
ADAM8	101
LINC01021	643401
ISM2	145501
RP11-70C1.1	729083
AC083884.8	101926943
LSAMP	4045
GALK1	2584
SPRYD4	283377
BTF3L4	91408
AC009133.14	100289283
SET	646817
RAMP2-AS1	100190938
LINC00920	100505865
ANKEF1	63926
ZNF227	7770
TTYH2	94015
ACTRT3	84517
RP4-647C14.2	101928123
CTD-2258A20.5	101927726
ATP6V0A4	50617
PPTC7	160760
DIO3OS	100302145
CXorf23	256643
CASC17	101928165
MAU2	23383
STOML3	161003
ALS2CR12	130540
TTTY22	252954
MBD3L1	85509
RP11-61A14.4	101927792
COMT	1312
RSPH9	221421
AC016907.3	101930384
OXLD1	339229
ACO1	48
MIR3657	100500889
KLHL24	54800
MIR328	442901
AICDA	57379
ZNF526	116115
WRB	7485
PWWP2A	114825
ZSCAN9	7746
PDSS1	23590
CCDC137	339230
HHIPL1	84439
FEZF1-AS1	154860
MIR4698	100616486
PPA1	5464
NFE2L2	4780
TMEM204	79652
PCED1B-AS1	100233209
AP2A2	101927462
CD34	947
TM2D3	80213
PROSER1	80209
MIR4505	100616158
GGT6	124975
GPBAR1	151306
ZNF524	147807
RP5-1021I20.1	100506476
SLC16A5	9121
FABP6	2172
ZNF865	100507290
KCNMB3	27094
AAGAB	79719
GSK3A	2931
ZNF784	147808
ZFYVE9	9372
MUC16	94025
GLS2	27165
C10orf11	83938
TRIM5	85363
TOPBP1	11073
ZNF580	51157
LINC01125	728537
SETDB1	9869
H3F3B	100616282
SMTNL2	342527
PPP2R3C	55012
MYNN	55892
TRH	7200
LSP1P3	729862
CCDC167	154467
CRAMP1L	57585
ZNF581	51545
MIR3157	100422892
AC004988.1	101928716
TTLL3	26140
RP11-626P14.1	101927062
VCAN	1462
AC005029.1	101928744
EHD3	30845
TMEM115	11070
AC005022.1	101928773
MYO18A	399687
INHBA-AS1	285954
OR1M1	125963
PFAS	5198
ARID5A	10865
EEF1D	1936
AOC4P	90586
MIR1302-1	100302227
OR7G2	390882
AC027269.2	101928795
RPS4Y2	140032
LINC01152	102606463
C11orf57	55216
CCDC106	29903
OR7G1	125962
MIR4494	100616478
SPTLC2	9517
RP1-90J4.1	101927135
MAP7D2	256714
OR7G3	390883
SMTN	6525
PKN3	29941
MNX1-AS1	645249
AAMP	14
SEC63	11231
PTRHD1	391356
CDH1	999
ZNF732	654254
CDKN1C	1028
ATP6V1G2	534
GLRX	2745
IL1B	3553
NHLRC3	387921
ZNF317	57693
KIAA0195	102466911
MDGA1	266727
E2F7	144455
ZKSCAN4	387032
MBTD1	54799
GLRA3	8001
TARSL2	123283
LCA5L	150082
CYorf17	100533178
CPSF3L	102465435
SNAP25	6616
RP5-1021I20.2	100506498
PLXNA2	5362
SNRK-AS1	100873954
PTPN12	5782
MIR3943	100500829
XDH	7498
LINC00671	388387
SYCP2L	221711
C9	735
RBMY1B	378949
TIMM8B	26521
STAG2	10735
INTS10	55174
CCND3	896
CDIPT-AS1	440356
SLFN12L	100506736
LIG1	3978
SLC22A18AS	5003
LHFP	10186
COL6A5	256076
CACFD1	11094
LRIG1	26018
LINC00882	100302640
CTD-2010I22.2	101929681
DDX58	23586
ATP5C1	509
NSMCE4A	54780
SDHD	6392
RP11-455F5.3	101928595
CENPO	79172
OR7D2	162998
OR7D4	125958
CC2D1B	200014
STARD9	57519
OR7E24	26648
MLLT4	4301
HPS6	79803
LRRC18	474354
ERF	2077
ZNF235	9310
HN1L	90861
SNRPA	6626
ZNF699	374879
AC090286.4	101928787
ANXA2	302
MIR3913-1	100500903
SOX9-AS1	400618
COG6	57511
VSTM4	196740
MTPAP	55149
STMND1	401236
MIR4709	100616211
SNORD3B-1	780852
LGI1	9211
LDB1	8861
MYO19	80179
KIAA0319	9856
ZNF85	7639
ZDHHC12	84885
RP11-588G21.2	101928002
PARD3	56288
AC007461.2	101928205
SH3BGR	6450
EP400	57634
ZNF233	353355
DLX1	1745
FBXO9	26268
AC011738.4	100506895
SRCIN1	101929513
MAT1A	4143
SLC22A18	5002
LINC00511	100499467
ARVCF	421
POLR2J4	84820
TCTN1	79600
ZNF559	84527
BLVRA	644
TMEM168	64418
CSE1L	1434
AC006372.4	101927914
U2AF2	11338
SLX1A-SULT1A3	100526830
SLC12A6	9990
SLFN14	342618
MIR153-2	406945
ZNF430	80264
GATAD2A	54815
RNF34	80196
AC011899.9	100506585
KSR1	8844
CCNJL	79616
IQCH	64799
ZNF112	7771
B3GALT5	10317
NKAPL	222698
CDAN1	146059
RP11-611E13.2	101928086
ZCCHC10	54819
ZER1	10444
NBR2	10230
RP11-347C12.9	101929894
PEX12	5193
CLIC4	25932
EIF1AX	1964
SNORD3D	780854
EZH2	2146
PGBD1	84547
RPUSD3	285367
ABHD5	51099
KITLG	4254
ASNSD1	54529
RP11-347C12.2	101929906
RBM24	221662
ARMC12	221481
DLX2	1746
IGSF5	150084
C1QTNF2	114898
CDC42SE2	56990
ARL16	339231
SELM	140606
MAPK8IP3	23162
PPP4C	5531
RPL13AP5	728658
TOPORS	10210
SNX11	29916
IGSF11	152404
RP11-384J4.1	101927081
SNORD3A	780851
MIR607	693192
HK2	3099
MIR4307	100423019
TRIM22	10346
ANK1	286
PCP4	5121
CTD-3006G17.2	728755
FOXO1	2308
TNFRSF21	27242
CAMK1G	57172
SP140L	93349
COPB1	1315
NDUFB6	4712
URGCP-MRPS24	100534592
RP11-513G11.4	100505920
MYO6	4646
LINC00645	100505967
RP11-513G11.3	101929337
MRPS24	64951
ZSCAN31	64288
ALOX15	246
VWCE	220001
MIA	8190
MRPS31	10240
TANGO6	79613
KCNN2	3781
KCNJ3	3760
RP11-242D8.1	101929767
ADAM29	101928551
HTR7	3363
ZNF141	7700
FAM83G	644815
ALOX5	240
CIC	23152
TBC1D13	54662
SLC2A6	11182
ELL2	22936
ADCY3	109
NPFFR1	64106
MRPS18A	55168
TAF1L	138474
TRAK2	66008
TMEM215	401498
RPS6KA3	6197
ORC1	4998
DYDC1	143241
RP11-438N16.1	100506465
SLC25A15	10166
RAB4B	53916
CERS2	29956
ZNF721	170960
CIDEC	63924
DSCAM	1826
C5orf54	63920
URGCP	55665
RP11-89K11.1	100128108
RNLS	55328
LAMB3	3914
RP11-46H11.12	101928530
OR4F6	390648
INPP5J	27124
TF	7018
ALKBH1	8846
OR4F15	390649
TMEM213	155006
MIR595	693180
NR4A2	4929
CYP46A1	10858
OR4F4	26682
FAM170B	170370
TTBK2	146057
TSSK6	83983
MIR5707	100847032
ZNF559-ZNF177	100529215
ZNF639	51193
SLU7	10569
GPM6A	2823
KRT23	25984
NEUROD4	58158
LINC00689	154822
LINC00884	401106
RBMY1A1	5940
AC108676.1	100507033
LINC00854	100874261
MKKS	8195
HAS3	3038
JAGN1	84522
ELF1	1997
UTP18	51096
TMEM44-AS1	100507297
TANGO2	128989
GRAP	10750
ANXA4	307
MIR4518	100616405
ZNF285	646915
MAPRE3	22924
SLIRP	81892
CYP20A1	57404
ARMC7	79637
YEATS2	55689
EGR4	1961
AGPS	8540
PRPF38A	84950
ENDOG	2021
ATP6AP1	537
MUC6	4588
DAB2	101926921
TOPAZ1	375337
RP11-453E2.2	100505540
SLX4IP	128710
ANKAR	150709
NDUFA13	51079
RAB35	11021
ZNF229	7772
SATB2	23314
HYALP1	26062
G0S2	50486
WBP4	11193
C9orf114	51490
TBX6	6911
AGXT2	64902
OR9K2	441639
PIGG	54872
PSMA1	5682
EPN1	29924
CD2AP	23607
APTX	54840
KANSL3	55683
HSD11B1	3290
SPAG5	10615
OR10A7	121364
JAG1	182
SMARCD1	6602
OR6C74	254783
DPP10	57628
OR6C6	283365
NME3	4832
C10orf128	170371
ZNF180	7733
KIF25	3834
CRYGS	1427
ANKRD13D	338692
PMS2P5	100132832
CHTF8	54921
MIR138-1	406929
IL17RE	132014
CNKSR2	22866
CACNA2D2	9254
ZFAND3	60685
NFKBIL1	4795
CLPSL2	389383
ITGA6	3655
PELP1	27043
GAREM	64762
PLA2G3	50487
TCAIM	285343
UBR1	197131
KIAA1549	57670
NLRP9	338321
RBM12B	389677
ALMS1	7840
LINC00910	100130581
OR56B1	387748
KRT39	390792
OR52N4	390072
NCAM1	4684
DYDC2	84332
OR52N5	390075
BACE2	25825
TBCCD1	55171
EGLN2	112398
OR52N1	79473
RNF185	91445
OR52N2	390077
LINC00883	344595
RP11-293M10.5	731223
C4orf32	132720
YPEL3	83719
YJEFN3	374887
BCCIP	56647
FRMD1	79981
MRPS34	65993
RFPL4A	342931
IGSF23	147710
CLPSL1	340204
HSPA4	3308
RFPL4AL1	729974
RP11-446H18.5	101929579
SLC35G1	159371
STAU1	6780
MEP1B	4225
C7orf60	154743
AP1AR	55435
HGS	9146
CCBL1	883
TRAF3IP3	80342
RNA5SP387	102465753
SMAD5	4090
TRIM36	55521
OR52E6	390078
LIPJ	142910
OR52E8	390079
IL18	3606
HMHB1	57824
BTBD3	22903
OR52E4	390081
SP100	6672
KBTBD6	89890
OR56A3	390083
LRRC34	151827
MIR564	693149
ANXA9	8416
KBTBD7	84078
TBX5-AS1	255480
PCSK1	5122
ZCCHC11	23318
GPR85	54329
YIPF5	81555
MIR4309	100422954
KLHL14	57565
LARS2-AS1	100885795
EME2	197342
LIMD1-AS1	644714
IKZF3	22806
KDM2B	84678
PVR	5817
NLRP11	204801
SNORA30	677813
UNK	85451
MTRF1	9617
TEX12	56158
NT5C	30833
LTA	4049
SSH3	54961
SLC4A2	6522
TMEM67	91147
GCM1	8521
NAV3	89795
ZNF266	10781
RP11-1124B17.1	146795
LINC00605	100131366
KRT40	125115
MARCH8	220972
AP2B1	163
C3orf30	152405
KRTAP3-3	85293
OR6C1	390321
C15orf61	145853
LIMK2	3985
KRTAP3-2	83897
KRTAP3-1	83896
TCF15	6939
SPSB3	90864
RP11-232M24.1	101927866
KRTAP1-5	83895
AHI1	54806
KRTAP1-4	728255
C19orf68	374920
AC090505.6	100507391
MUC2	4583
KRTAP1-3	81850
KLHL34	257240
KRTAP1-1	81851
FAM3B	54097
SRXN1	140809
ELOVL5	60481
RP11-386I8.6	101928597
OR6C3	254786
NME9	347736
KRTAP2-1	81872
OR52L1	338751
WDR17	116966
GDPD3	79153
OR6C75	390323
SMPX	23676
OR56A4	120793
XXYLT1-AS1	100874528
KRTAP2-3	730755
OR6C65	403282
MIR3137	100422926
OR56A1	120796
BTBD9	114781
SCRT2	85508
OR6C76	390326
XXYLT1-AS2	101410543
TIFA	92610
FAM134C	162427
ZNF114	163071
OR56B4	196335
IL37	27178
OR6C2	341416
OR6C70	390327
BCO2	83875
MIR2117	100313779
OR52B2	255725
LINC00866	100505561
SLC52A3	113278
DACT2	168002
OR52W1	120787
RP11-34A14.3	101927255
LRRC8A	56262
OR6C68	403284
MIR1287	100302133
MIR4685	100616482
C11orf42	160298
MBTPS2	51360
OR6C4	341418
C1orf74	148304
UBE2D4	51619
RAPGEF6	51735
TMEM214	54867
CCDC178	374864
DNAJA1	3301
GCN1L1	10985
PPRC1	23082
TTC12	54970
RPP30	10556
IRF6	3664
PNKD	25953
MAP2K5	5607
EML1	2009
FAM110A	83541
OR2AP1	121129
TUBGCP2	10844
CAP2	10486
POLD4	57804
AC037482.2	101930568
FAM160A2	84067
OR10P1	121130
AC037482.3	728224
SMOC2	64094
SNORA28	677811
ZNF560	147741
YY2	404281
METTL7B	196410
ANGPT4	51378
TAF6	6878
LPL	4023
RP11-449L23.2	101928251
LIPF	8513
RP11-129J12.2	101927324
SPATA4	132851
GRAPL	400581
PLCE1	51196
PHYHD1	254295
FAM63A	55793
RBMS2	5939
LINC00469	283982
RP11-488C13.5	100506603
SNORD3C	780853
MIR4519	101928736
CLCF1	23529
DIEXF	27042
OSTM1	28962
MEMO1	51072
ALPK1	80216
ZNF426	79088
SMS	6611
AC125421.1	400620
MIR762	100313837
PIK3IP1	113791
ASB5	140458
NAA16	79612
FBXL19-AS1	283932
LRRC20	55222
MX2	4600
KCNMA1	3778
RSPO4	343637
DDB1	1642
GLTPD1	80772
ABI1	10006
CHURC1	91612
CILP2	148113
KIAA0391	9692
ZNF121	7675
FNDC4	64838
MYL6B	140465
SMU1	55234
NUBP2	10101
CARD8	22900
DHX32	55760
CHEK2P2	646096
PTS	5805
PSMF1	9491
CEACAM19	56971
KCTD16	57528
PTTG1	9232
RAD9A	5883
PBX4	80714
ABI2	10152
CCDC47	57003
SPCS3	60559
GPX7	2882
STRADB	55437
SYT14	255928
EPB42	2038
MRS2P2	729633
GYG2P1	352887
THBS2	7058
SYNGAP1	8831
GOLPH3	64083
RP5-921G16.2	101928211
MAP3K8	1326
PATZ1	23598
ZNF676	163223
C10orf71	118461
FNTB	100529261
FAM159A	348378
ASXL3	80816
THAP6	152815
MAP6D1	79929
VEGFC	7424
PDIA4	9601
PLET1	349633
IL36G	56300
FAM117A	81558
KRTAP4-9	100132386
SRPRB	58477
HERC2P3	283755
KRTAP4-11	653240
LPAR2	9170
KRTAP4-12	83755
SPDYE1	100310812
CNGA4	1262
TRHDE-AS1	283392
COA7	65260
TAS1R3	83756
TAF8	129685
MAPK3	5595
ZFAND4	93550
PRKCE	5581
DUSP6	1848
SMIM20	389203
MIR620	693205
TMEM74B	55321
CA10	56934
RP11-115H18.1	101929607
EIF4EBP2	1979
C4orf26	152816
NR2E1	7101
GDI1	2664
DOLK	22845
RP11-7F17.5	283575
B4GALT1	2683
MFN1	55669
CEACAM16	388551
C20orf202	400831
DNAI2	64446
MX1	4599
ZYG11B	79699
LINC00635	151658
NOP10	55505
NODAL	4838
DVL1	1855
PTPRR	5801
SGK494	124923
IGFALS	3483
CDKL2	8999
DRG1	4733
CTD-2514K5.2	85001
RAD21L1	642636
PALD1	27143
UPK1B	7348
SPTLC3	55304
HN1	51155
TBX22	50945
CCKBR	887
PHEX	5251
SLC18A1	6570
PARGP1	8505
NUTM1	256646
RP11-639B1.1	100507461
SERTAD4	56256
NUP188	23511
DGCR8	54487
PPP1R1C	151242
EPN2-AS1	100874018
RP11-324H6.5	326332
DNMBP-AS1	100188954
MIR1180	100302256
WDR27	253769
SNW1	22938
ITGA7	3679
SKAP1	8631
LINC00957	255031
GMIP	51291
TMEM62	80021
MIR4649	100616346
PRF1	5551
GOLGA8CP	729786
HLTF-AS1	100873945
SPINK4	27290
ATP10B	23120
IL17RC	84818
NIPBL	25836
SNPH	9751
LPCAT4	254531
HAGH	3029
LINC00637	145216
PLBD2	196463
FAM213A	84293
RGCC	28984
BCL3	102465879
MIR203	100616173
ZYG11A	440590
AC091633.3	101930485
OSGEPL1	64172
SLC25A35	399512
DBNL	102466985
ISM1	140862
TACC2	10579
TRAPPC12	51112
POLE4	56655
ZNF786	136051
CTD-2006K23.1	101928343
BAG1	573
G3BP2	9908
LGALS9	3965
ZNF645	158506
LYZL2	119180
UNC13D	201294
GLO1	2739
HHAT	55733
DDX53	168400
NUP107	57122
SNORA59B	677885
PTCHD1	139411
TTTY15	64595
LINC00636	285205
PRELID2	153768
DDX42	11325
DRGX	644168
RP11-861A13.4	101929623
TASP1	55617
GPD2	2820
HAPLN1	1404
PARL	55486
PRKCDBP	112464
PPP1R3A	5506
ALPK2	115701
LIPK	643414
MRAS	22808
NEUROG2	63973
PGGT1B	5229
PRUNE	58497
MFAP5	8076
PRDX4	10549
DDX27	55661
VWA8	23078
TRPC7	57113
RP11-314D7.1	101928116
SSX7	280658
VPS4A	27183
TMPRSS2	7113
GPR111	222611
ERCC6	2074
AC025627.7	101060602
IL36A	27179
NARG2	79664
CBLC	23624
ECHDC2	55268
C6orf120	387263
VPS54	51542
NLRP4	147945
GPD1	2819
SSX2	727837
MIR4472-2	100616309
PPP1CA	5499
SNX3	8724
CHMP5	51510
MIR3615	100500847
EIF4ENIF1	56478
SNORA12	677800
TRMT2A	27037
RBPJ	3516
ZNF438	220929
MTMR12	54545
PHF10	55274
TDP2	51567
ZNF561	93134
KBTBD8	84541
ORMDL1	94101
GCKR	2646
NXPH4	11247
C4orf21	55345
GPR115	221393
EDIL3	10085
MALT1	10892
COG8	84342
KAT7	11143
FAHD1	81889
CALCB	797
ACOT9	23597
RUNX3	864
ATP6V1B2	526
LACE1	246269
SMPD1	6609
NCF1C	654817
VEGFA	7422
NOL4	8715
FAM60A	58516
TMBIM1	102465256
NLRP13	126204
KCNH1	3756
PDP1	54704
KIAA0100	9703
HOXB1	3211
SKOR1	390598
CCDC112	153733
NCK2	8440
DNAJB11	51726
PDE1A	5136
FSTL4	23105
NAT8	51471
HOXB2	3212
MEIOB	254528
NLRP8	126205
TBC1D10C	374403
ZKSCAN3	80317
ADAMTS14	140766
TCTE3	6991
RIPK4	54101
SH3GLB2	56904
CAB39	51719
RP11-59E19.1	401081
C19orf82	284385
TPRKB	51002
NFX1	4799
RSBN1L	222194
BCAM	4059
CTD-2104P17.1	100996813
C17orf96	100170841
NLRP5	126206
CDH17	1015
PRLR	5618
RP11-314D7.2	101928137
ATP13A1	57130
ESF1	51575
LRRIQ4	344657
ZSCAN12	9753
SUCLG2	8801
IQCJ-SCHIP1	100505385
ZBTB9	221504
CSPG4P2Y	114758
HOXB3	3213
MIR608	693193
ZNF511	118472
SYF2	25949
INSC	387755
PTGER4	5734
RP11-324L3.1	101927396
SHMT2	6472
MIR3118-6	100422935
AC012005.2	401634
RBMY1E	378950
MLLT6	4302
ZNF787	126208
LRRC31	79782
NOLC1	9221
WNT3	101929777
ERMARD	55780
RCOR3	55758
ABCA9	10350
GABRB2	2561
MXRA8	54587
ZSCAN23	222696
AHSG	197
MIR5701-1	100847060
HS3ST6	64711
ZNF445	353274
CT60	348120
FOXP2	93986
COL6A6	131873
SDCBP2	27111
OPN5	221391
ZNF444	55311
NRADDP	100129354
PDE6B	5158
RP11-649A18.12	100287042
KIF9-AS1	285352
MSRB1	51734
LINC00488	677779
TTC33	23548
FAM50A	9130
MIR1260A	100302236
MIR3678	100500841
TMEM60	85025
GOLGA8A	23015
WNT9B	7484
SCP2	6342
EP400NL	347918
GMCL1	64395
RP11-32B5.1	646214
FAM46D	169966
BNIPL	149428
ENO4	387712
ANKRD1	27063
SAT1	6303
RAB6B	51560
PIAS1	8554
MIR4657	100616393
GPX6	257202
DGKH	160851
RPL3L	6123
NF1P2	101930488
FAM21C	101930591
FANK1	92565
DENND5B	160518
TM4SF1-AS1	100874091
CLPS	1208
GCLC	2729
SNHG15	101928927
RP11-3B12.2	101928283
FAM73B	84895
CCNDBP1	23582
RP11-3B12.3	101928254
FKBP1A	101929368
NEIL3	55247
DAK	26007
SDS	10993
RP11-81H3.2	100507377
ZNF425	155054
LINC00173	100287569
SAMD7	344658
FOXO3	2309
POC1B	282809
TUBG1	7283
LHFPL5	222662
CARNS1	57571
PRKAA1	5562
PRDM15	63977
RP11-69H14.6	101927079
GOSR2	9570
IL36B	27177
CORO1A	11151
HIST1H1T	3010
BRWD3	254065
TACR1	6869
USO1	8615
HIST1H2BC	8347
RP11-982M15.8	101929634
MIR4710	100616300
IMPG1	3617
TBATA	219793
TTC30B	150737
PHTF2	57157
NDUFB10	4716
RANBP1	5902
MRPL12	6182
CCDC114	93233
KIF19	124602
RP11-702L6.4	401082
TTC30A	92104
C2orf16	84226
AGA	175
DLL1	28514
KIAA1598	57698
TRAF5	7188
PMS1	5378
ZNF852	285346
ASB16-AS1	339201
MIR4445	100616129
HIST1H2AC	8334
WWTR1-AS1	100128025
LIPN	643418
ITM2C	81618
DNAJC27	51277
APBB1	322
APOO	79135
NDUFAF5	79133
AURKAIP1	54998
SDSL	113675
EVA1A	84141
FAM19A1	407738
MIR1226	100302232
C2orf40	84417
DDX51	317781
RPL6	6128
ZKSCAN7	55888
CRELD1	78987
DUSP11	8446
PDF	64146
SLC25A10	1468
GEM	2669
FAM19A4	151647
DDX18	8886
ZNF512	84450
AGBL5	60509
GRXCR2	643226
RD3	343035
GPX5	2880
SPOCK1	6695
AQP7	101930168
SLC30A1	7779
C14orf178	283579
BAZ2A	11176
LZTS1	11178
SH3RF2	153769
PGBD3	101243544
EPN2	100874309
FAM120B	84498
TENM3	55714
GALP	85569
NIP7	51388
C1orf56	54964
C2orf69	205327
SRPK1	6732
EMP3	2014
DOLPP1	57171
ZNFX1	57169
RPS2	6187
SNORA5A	654319
MIR4443	100616407
RAD54B	25788
DPY30	84661
SNORA5C	677796
SFI1	9814
CXorf58	254158
SNORA5B	677795
ZNF812	729648
NSFL1C	55968
FCF1P2	101060195
NEK2	4751
C17orf112	100506650
MIR2115	100313840
RPS6KB2	6199
RP11-107I14.4	101927419
PODN	127435
MIR711	100313843
MIR4793	100616112
SGPL1	8879
NIFK	84365
NDRG2	57447
MIR3158-2	100423033
ZSCAN5B	342933
IL36RN	26525
GFRA2	100132336
KIF2B	84643
ARMC2	84071
HTR1B	3351
KLHL15	80311
ZNF846	100505555
NFKBIA	4792
SEPT7P2	641977
UXS1	80146
TYW5	129450
MEI4	101928601
TMED6	146456
PLAC8L1	153770
CHPT1	56994
RP11-231I16.1	100506551
AKAP11	11215
LARP7	51574
CDC42SE1	56882
KLHL3	26249
EIF2S3	1968
SCAND3	114821
SPAST	6683
LIPM	340654
PSMB1	5689
AQP3	360
HIST1H1E	3008
IRAK1BP1	134728
ZSCAN5A	79149
RANGRF	29098
HIST1H2BD	3017
CALML4	91860
MYL6	4637
FTSJ3	117246
LPGAT1	9926
DCTD	1635
SLC1A7	6512
TERF2	7014
SOX6	55553
PRRT3	285368
SPANXN5	494197
SEC62	7095
TSPAN14	81619
TNFSF11	8600
PPEF2	5470
FBXL12	54850
C2CD2	25966
CRAT	1384
ZNF660	285349
ARRB2	409
PCGF5	84333
OR4N3P	390539
IQCJ	654502
XAGE5	170627
NOC3L	64318
GABRA6	2559
RIMKLB	57494
MIR1268A	100302233
TOM1L1	10040
RPLP0	6175
XRN1	54464
MLLT11	10962
MIR4509-1	100616382
CPT2	1376
FAM20C	56975
ATP5I	521
TBP	6908
DNAH8	1769
ZNF197	10168
CLN6	54982
GNB4	59345
CYB561A3	220002
COX7C	1350
C6orf132	647024
ALS2CR11	151254
ZC3HAV1L	92092
ZPBP2	124626
MIR605	693190
SLX1A	101929864
FAM216B	144809
RP11-982M15.6	101930394
ZNF101	94039
LINC00638	196872
C1orf123	54987
ZDHHC8	29801
B4GALT4	8702
PRKAR2A-AS1	100506637
INTS7	25896
ZFX	7543
GPX2	2877
CASKIN2	57513
FSBP	100861412
EMC3	55831
XAGE3	170626
PVRL2	5819
INSM2	84684
GUCA1A	2978
KCNB1	3745
LARS	51520
PLXNA3	55558
MIR425	494337
EFR3B	22979
NOL6	65083
RAB15	376267
EPSTI1	94240
MIR191	406966
ZNF398	57541
SESN1	27244
ZC3HAV1	56829
PIGW	284098
GABPB2	126626
RPRML	388394
SNORA34	677815
RP11-167H9.6	101927992
FAM156B	727866
SNORA2A	677793
SNORA2B	677794
FEM1B	10116
PCBD1	5092
CYB5B	80777
CCNL2	81669
RP11-483E7.1	101928022
RNF151	146310
PTGIS	5740
ZEB1	100996668
ZBTB21	49854
GALNT4	100528030
FAM105A	54491
LHX5	64211
RP11-346D6.6	101928687
C3orf36	80111
UBL5	59286
MAGOH	55110
RORA	6095
FEM1C	56929
NOC4L	79050
CISD3	284106
KCNIP2-AS1	100289509
WWC2	80014
AC187652.1	100996433
SLCO2A1	6578
NAIP	4671
TMEM143	55260
GGNBP2	79893
PDCD2	5134
C5orf15	56951
AC006547.14	388849
ZSCAN5D	646698
MIR4701	100616262
PDK3	5165
RP11-579D7.4	100506125
DOK2	9046
SEL1L2	80343
TBL3	10607
C3orf18	51161
PDGFA	5154
CLRN1-AS1	116933
CALY	50632
MIR592	693177
BUB1	699
ZNF14	7561
AC006116.20	100506374
AC000099.1	101928333
AC000110.1	100533975
CDC27	996
COX14	84987
AC000124.1	100506682
KLHL31	401265
TOMM40	10452
ZNF532	55205
MIR146B	574447
RTN4R	65078
ESYT3	83850
RP11-18I14.10	100505761
SLC30A6	55676
TSN	7247
DNAJC15	29103
ZNF506	440515
KIAA1429	25962
TICAM2	100302736
ZNF582	147948
TIGD5	84948
PDE11A	50940
FETUB	26998
UNC5B	219699
DTNA	1837
DIO2-AS1	100628307
RBM19	9904
RP11-829H16.3	100506071
RP11-566K19.6	283683
ITPR3	3710
PTCHD4	442213
PCGF2	7703
MAK	4117
MIR624	693209
GPR55	9290
SNORA79	677845
MYL5	4636
PYCRL	65263
C1orf63	101928189
PCYT1B	9468
UMODL1	89766
ENOX1	55068
CERS5	91012
SYNGR4	23546
PRAP1	118471
RP11-299L17.3	100506700
CTD-2213F21.2	101927124
DGCR6L	85359
HIST1H2AD	3013
RP11-799P8.1	101928559
CCKAR	886
ZNF583	147949
ELOVL3	83401
WHAMMP3	339005
SPATA3	130560
LRP8	7804
A2ML1	144568
C11orf58	10944
PIK3R4	30849
CHAT	1103
PITX3	5309
SEMA6C	10500
EOGT	285203
RYK	6259
SLC35E3	55508
PISD	102465666
RP3-416J7.4	285766
MIR593	693178
MIR129-1	406917
HECTD2	143279
DTL	51514
CCDC122	160857
RP11-62J1.3	157247
RALGAPA1	253959
PIN1	5300
TMEM138	51524
PTPRCAP	5790
SEC11C	90701
TMED7	51014
ANKRD18B	441459
ITGA11	22801
PPP2R4	5524
RP5-1077H22.2	101930081
GBF1	8729
MIR548F1	100302192
MIR4271	100422952
TBC1D19	55296
NFAT5	10725
APOE	348
BSN-AS2	100132677
ZNF282	8427
GUCA1B	2979
LACC1	144811
GABRA1	2554
TSPAN8	7103
POLA1	5422
TEN1-CDK3	100529145
MIR3924	100500834
CORO1B	57175
FAM105B	90268
KDELR1	10945
SYT1	6857
MUT	4594
B4GALT5	9334
TSTA3	7264
FANCD2	2177
WBP2	23558
PELI1	57162
C2orf47	79568
RP11-347C12.3	101929849
RIMBP3	85376
SMIM2	79024
SERP2	387923
FAM230A	101927859
FUOM	282969
TUBG2	27175
XPO7	23039
GRIN2D	2906
NOXO1	124056
APOC1	341
GRP	2922
RNF157-AS1	100507218
RP11-521B24.3	100507437
RAPH1	65059
RP11-347C12.1	101929910
RP11-560G2.1	101928157
PVRL3-AS1	100506555
RP11-161H23.9	101927267
ARHGEF15	22899
MIR4645	100616285
USP41	373856
RP11-161H23.10	100335030
ZNF667	63934
PRSS3	5646
FAM8A1	51439
C2orf72	257407
GRWD1	83743
TSC22D1	8848
ARHGAP5-AS1	84837
AC003102.3	101926996
NUDT12	83594
ADI1	55256
RNU6-7	101954278
LINC01011	401232
CDO1	1036
OLFM2	93145
ANKH	56172
MIR5193	100847079
GSDMB	55876
SLC9A8	23315
ZNF212	7988
RP11-1072C15.2	101927017
RP1-90J20.12	401233
RAX	30062
LINC00844	100507008
HPX	3263
MIR566	693151
ODF4	146852
LMAN2L	81562
RP1-40E16.9	100507194
HOXB4	3214
PRR14L	253143
TTC26	79989
TMEM216	51259
EFNA5	1946
TGM5	9333
KRBA2	124751
MRPL19	9801
DMRTB1	63948
LAGE3	8270
MIR567	693152
MRPS10	55173
NAAA	27163
CD2BP2	10421
HOXB5	3215
NUFIP1	26747
PPP2R5A	5525
UBE2R2	54926
RHD	6007
MACROD2	140733
ADCK1	57143
PHIP	55023
MRPL20	55052
SNHG16	100507246
ARX	170302
RPL26	6154
PLEKHA7	144100
HOXB6	3216
GLIS1	148979
GPR160	26996
ZNF471	57573
ZNF74	7625
GPALPP1	55425
MAGEB18	286514
MAGEB6	158809
ECHS1	1892
PSMD1	5707
RP11-572C15.6	100506621
ABCG1	9619
BCDIN3D-AS1	100286844
MAGEB5	347541
RP11-572C15.5	101929694
MAX	4149
GPR152	390212
PLEKHH3	79990
ORAI1	84876
FBXL17	64839
COL5A3	50509
DCAF8L2	101928481
ARHGAP31	57514
LGALSL	29094
GCM2	9247
CABP4	57010
APOC4-APOC2	346
MXD1	4084
MAGEB10	139422
ZNF253	56242
RPS7	6201
CPLX4	339302
MDM2	4193
DCAF8L1	139425
NUP153	9972
GTF2F2	2963
CNPY4	245812
CEP70	80321
TMEM237	65062
TMEM206	55248
GOLGA8EP	100132979
IL1RAPL1	11141
ACTL6A	86
HLA-DRB4	3126
RP11-70F11.11	283332
ZNF93	81931
GFER	2671
LMAN1	3998
ANKRD65	441869
SH2D1A	4068
CORO2B	10391
LGR5	8549
SPATS2L	26010
GCFC2	6936
TRERF1	55809
STIM2	57620
VPS13C	54832
IER5L	389792
KCTD4	386618
TNFAIP8L2	79626
RP11-484K9.4	29083
HOXB7	3217
LRRC1	55227
MAGEB2	4113
METTL20	254013
SYNGR3	9143
MAGEB3	4114
GALNT5	11227
ABCA6	23460
MAGEB4	4115
CPSF7	79869
NENF	29937
KCNJ14	3770
NTMT1	28989
ZNF682	91120
TMEM134	80194
MAGEB1	4112
SMARCC2	6601
DNAJC10	54431
NDC1	55706
MBLAC1	255374
ANP32A	8125
EVL	51466
CLPTM1	1209
ANKRD26	22852
NR0B1	190
ZNF35	7584
HEMK1	51409
PRKAR1B	5575
SCNM1	100534012
MIR4508	100616275
C9orf50	375759
LAMTOR4	389541
TPT1	101928826
CXorf21	80231
SLC29A3	55315
C5orf42	65250
B9D1	27077
FASTK	10922
TGM7	116179
ZNF90	7643
GOLGA8B	101930583
CYTH2	9266
SDAD1	55153
ATF3	467
ATP2B1	490
ZNF598	90850
ASB6	140459
MIR1307	100302174
UBAP2	55833
GCGR	2642
TFF3	7033
RPL37	6167
CISH	1154
SCARF2	91179
CCBE1	147372
ZNF502	91392
TMEM88B	643965
ATG12	9140
SPATA2	9825
ZFR	51663
VWA1	64856
TFF2	7032
NQO1	1728
MORN3	283385
AMN1	196394
GK	2710
AC006014.8	541473
TBC1D10B	26000
FLRT3	23767
PRRX2	51450
ZNF501	115560
PWRN2	791115
TFF1	7031
CARD6	84674
FAM71A	149647
MAPKAPK3	7867
LCMT2	9836
PTGES	9536
MFSD7	84179
RNF114	55905
BATF3	55509
ATAD3C	219293
HEATR2	54919
ZNF783	100289678
PGAM2	5224
CNTNAP5	129684
ADAL	161823
TOR1B	27348
NPW	283869
OST4	100128731
LYSMD1	388695
KLHL22	84861
ZNF486	90649
EPAS1	2034
KAT6A	7994
ZFP28	140612
TMPRSS3	64699
POLM	27434
TOR1A	1861
FNIP1	96459
IL12A	3592
RP11-70F11.8	101927292
ATAD3B	83858
ZNF777	27153
NSL1	25936
PWRN1	101928818
ZNF737	100129842
ANKK1	255239
CDH23	100653137
TRIM3	10612
GJD2	57369
HVCN1	84329
GABRG2	2566
MYLPF	29895
SLC9A3R2	9351
ELOVL2	54898
PMAIP1	5366
RPS13	100508408
ZNF626	199777
KIF16B	55614
ACTC1	70
SLC25A30	253512
SNAI1	6615
C7	730
ADAM6	8755
MC4R	4160
CHCHD4	131474
ZNF470	388566
RP11-274B21.1	101930494
TMEM189-UBE2V1	387522
SRY	6736
SDF2	6388
TMEM39A	55254
GTF2H2	2966
ZNF48	197407
TMOD4	29765
C9orf78	51759
COLEC11	78989
NRXN3	9369
C2orf62	375307
DRD2	1813
CDH20	28316
PAOX	196743
PHC3	80012
LINC01100	730109
PCGF3	10336
MAGI2	9863
HOXB8	3218
PSMB3	5691
RP11-469H8.6	101927318
C3orf80	401097
NOB1	28987
ZNF71	58491
UBE2V1	7336
RP11-432B6.3	57560
RP11-572M11.3	101929717
PIK3C2A	5286
FBXL7	23194
TMEM43	79188
ZNF746	155061
KIAA1143	57456
HOXB9	3219
AC095067.1	101929086
SEPT1	1731
LINC00525	84847
SMIM17	147670
RASA1	5921
AIP	9049
COG3	83548
ADAM12	8038
DEPDC5	9681
ZNF835	90485
RPS4Y1	6192
AQR	9716
TMEM120B	144404
WDR52-AS1	100874029
POMC	5443
RNF222	643904
TATDN3	128387
LINC00948	100507027
AP3M2	10947
TAB3	257397
CCDC121	79635
NTHL1	4913
TENM1	10178
ZSCAN29	146050
AFTPH	54812
PTPN11	5781
TAF3	83860
YIPF1	54432
ABCC5	10057
DCAF12	25853
USP20	10868
SLC11A1	6556
RELB	5971
PRY2	100509646
HIST1H1D	3007
SMIM13	101928218
FTHL17	53940
NDEL1	81565
ZIM2	23619
GPR173	54328
SLC18A3	6572
TMPRSS5	80975
GYPC	2995
RNF152	220441
CEP57L1	285753
C10orf53	282966
UBASH3A	53347
LMTK3	114783
C7orf43	55262
SH2D4B	387694
ANK2	287
RDH8	50700
VPS72	6944
KIF15	56992
TSPYL2	64061
RHOF	54509
SNHG14	101930404
GPN1	11321
ARFIP2	23647
SUN1	23353
PITPNM1	9600
AP3S1	1176
SULT2B1	6820
NDUFA4L2	56901
CCDC93	54520
TUBGCP4	27229
FUT8	2530
HRG	3273
HMGN5	79366
CLDN24	100132463
UBAP1	51271
C19orf66	55337
FAM194B	220081
TBC1D12	23232
PAPOLB	56903
ATP5B	506
TCF7	6932
MIR4446	100616476
CDKN2AIP	55602
DHRS11	79154
RBMY1F	378951
ASPRV1	151516
SPESP1	246777
FAM83E	54854
MMD2	221938
PCBP1	5093
TMUB1	83590
PRAC1	84366
LINC00845	100507058
RP11-809M12.1	101928781
RP11-286N22.8	54949
ING2	3622
OGDHL	55753
ESRP1	54845
TMF1	7110
MARCH11	441061
SPERT	220082
RSPH1	89765
MAPRE2	10982
DIO1	1733
ZW10	9183
C1orf227	149643
MIR1296	100302150
RWDD4	201965
ZNF771	51333
SIAH3	283514
FNBP1	23048
JMJD1C-AS1	84989
SEMA3B	102465526
LIMA1	51474
C2orf42	54980
ERVFRD-1	405754
RBAK-RBAKDN	100533952
STAC3	246329
MIR1293	100302220
EMILIN1	11117
PCDH7	5099
FLVCR1	28982
SNORD1B	677849
NUCB2	4925
NPM2	10361
RBAK	57786
AMOTL2	51421
ANGPTL6	83854
MIR636	693221
CCNG1	900
CTD-2246P4.1	101928514
ZC3H13	23091
LINC00868	101928538
KIF24	347240
KNG1	3827
NEDD9	4739
SLC37A1	54020
WWP2	11060
TMEM189	387521
CLASRP	11129
LINC00338	102466864
SIRPB2	284759
DCTPP1	79077
ZNF770	54989
MROH2B	133558
MED15	51586
CLDN25	644672
HSPB11	51668
PIGN	23556
ARAP2	101928667
H3F3C	440093
LRRTM4	80059
PSMC5	5705
NOX5	79400
HOXB13	10481
PMS2P3	5387
TMEM50A	23585
NUDT2	318
DPH6	89978
NRG3	10718
PPAN-P2RY11	692312
WIPI2	26100
KIAA1551	55196
FER	2241
HIST1H4G	8369
MLIP	90523
RP11-553L6.2	101929734
VASH2	79805
CPLX1	10815
ZNF622	90441
RBM27	54439
AC018705.5	100129427
NUDCD2	134492
UBR2	23304
KIAA1161	57462
COX11	1353
TRAPPC11	60684
SIRPD	128646
SNORD64	347686
FAM106B	100129396
SNORD108	338427
DCAF12L2	340578
PHC1	1911
CPB2	1361
ATAD3A	55210
LINC00911	100996280
TTLL6	284076
PIP5K1A	8394
CEBPB	1051
PPAN	56342
DCAF12L1	139170
RP11-497E19.1	100506731
SPACA4	171169
TSEN54	283989
CTD-2341M24.1	101928767
CXorf64	100130613
C9orf24	84688
ERMN	57471
GAL3ST4	79690
LRRC42	115353
ACTRT1	139741
MIR936	100126326
GPR107	57720
SNORD109A	338429
SNORD116-1	100033413
NLRC4	58484
ZNF397	84307
KHK	3795
AGAP3	116988
PTPN1	5770
POGLUT1	56983
ZFY	7544
BTBD17	388419
SIRPB1	100653194
NOS2	4843
SYCP3	50511
RPL18	6141
DMD	1756
TIMM10B	26515
SETD1B	23067
GAK	2580
MED11	400569
PIP4K2B	8396
GPR142	350383
HNRNPA0	10949
SMARCA1	6594
FANCD2OS	115795
MUC8	100129528
MIR4316	100422851
PDK1	5163
RP11-13K12.2	400622
GPSM1	26086
SNORD116-2	100033414
RP11-38F22.1	100507498
SNORD116-3	100033421
SNORD116-5	100033419
LCP1	3936
SNORD116-6	100033418
HMGN3	9324
BICD1	636
SNORD116-8	100033420
FBRSL1	57666
MYOT	9499
SEPHS2	22928
RP11-13K12.1	100507351
SNORD116-10	100033422
BRK1	55845
SNORD116-11	100033423
FAM134B	54463
SNORD116-12	100033424
SNORD116-13	100033425
SNORD116-14	100033426
USP28	57646
RP11-316M20.1	100132174
SNORD116-15	100033427
SNORD116-16	100033428
PPP1R32	220004
HIST1H2BH	8345
SNORD116-18	100033430
C22orf24	25775
ANGEL2	90806
FAM195B	348262
HMMR	3161
ORMDL3	94103
PAWR	5074
C15orf41	84529
DNMT3A	1788
PJA2	9867
VHL	7428
MIR568	693153
WI2-2942J8.1	26102
ZBTB20-AS1	100131117
LDLRAD1	388633
FAM219A	203259
YWHAH	7533
SIRPG	55423
FAM65C	140876
TMEM240	339453
TNRC6C-AS1	100131096
MIR4796	100616166
MRM1	79922
IRAK2	3656
MDFIC	29969
CCER1	196477
KRBA1	84626
LRRC10B	390205
SSU72	29101
AEBP1	165
RP11-219G17.4	100996291
PPP1R3C	5507
DIO2	1734
ITGAL	3683
SNRPB2	6629
NCR3LG1	374383
GATA3	2625
YIPF4	84272
RP11-806H10.4	101928674
SLC5A1	6523
UBL4A	8266
CWC25	54883
XPC	7508
NCS1	23413
DNHD1	144132
MAN2A1	4124
ZNF714	148206
MIR4651	100616270
KRT16P3	644945
SYT7	9066
PKD2L2	27039
SIRPA	140885
EPYC	1833
NFKB2	4791
CXCL16	58191
TNKS2	80351
SNORA14A	677801
CDK2AP2	10263
TATDN2	9797
ST6GAL2	84620
CHAMP1	283489
AC114783.1	101929926
SPHK2	56848
SNORD116-20	100033432
SNORD116-23	100033434
CXCL9	4283
SNORD116-24	100033435
SNORD116-25	100033436
TSC2	7249
SNORD116-26	100033438
REG3G	130120
KERA	11081
SNORD116-27	100033439
SNORD116-29	100033821
ZSCAN30	100101467
LRRC63	220416
HMCN2	101060175
P2RX2	22953
SLC10A3	8273
TMEM59	9528
SNORD115-1	338433
SNORD115-2	100033437
ZNF431	170959
SNORD115-3	100033440
SNORD115-4	100033441
SNORD115-5	100033442
SNORD115-6	100033443
ACSL6	23305
SNORD115-8	100033445
ZFC3H1	196441
C1orf233	643988
SNORD115-9	100033449
GPC2	221914
TP53BP1	7158
SNORD115-10	100033447
SNORD115-11	100033817
RPS6KC1	26750
SNORD115-14	100033451
SNORD115-15	100033453
SNORD115-16	100033454
DNAI1	27019
SNORD115-17	100033458
MYL4	4635
GLCE	26035
GNAI1	2770
SNORD115-20	100033460
TGIF2LY	90655
SNORD115-21	100033603
USP29	57663
SNORD115-22	100033799
ZNF708	7562
SNORD115-23	100033800
SNORD115-24	100036563
SNORD115-25	100033801
VAX1	11023
SNORD115-27	100036564
ZNF623	9831
SNORD115-28	100036565
BIRC6	57448
ZNF24	7572
PARD6B	84612
ZIM3	114026
CD28	940
STOX2	56977
PLAT	5327
PDYN	5173
ART3	419
SNORD115-30	100033804
DUXA	503835
SNORD115-31	100033805
SNORD115-32	100033806
SNORD115-33	100033807
PAQR5	54852
SNORD115-34	100033808
PCDH11Y	83259
FGF17	8822
RP11-559N14.5	100996295
TMEM247	101805491
SNORD115-35	100033809
C2orf88	84281
KCNJ11	3767
KIF13A	63971
LSM3	27258
CTD-2357A8.3	101928710
STXBP4	252983
MYH10	4628
TMEM130	222865
GHRL	51738
BCAS4	55653
STK35	140901
ZNF493	284443
CYTIP	9595
FRZB	2487
ZNF264	9422
PPP1CC	5501
MSTN	2660
ATR	545
KIAA0226L	80183
KCNK18	338567
C6orf205	394263
M6PR	4074
SUPT6H	6830
TGM3	7053
SLC18A2	6571
TINAG	27283
CD164	8763
UBA3	9039
OTOR	56914
DAGLA	747
ENPP6	133121
SNORD115-37	100033811
PSMD4	5710
SNORD115-38	100033812
SNORD115-39	100033813
SLC29A4	222962
SNORD115-40	100033814
ASS1	445
ZNF429	353088
SNORD115-41	100033815
SNORD115-42	100033816
RPH3A	22895
ZNF296	162979
AC005077.14	101930475
SNORD115-44	100033818
P2RY11	5032
TRRAP	8295
SNORD115-45	100036566
SNORD115-47	100036567
AC005077.12	101927126
GNPTAB	79158
SNORD115-48	100033822
GEMIN7	79760
MIR609	693194
MIR4715	100616474
CTD-2021A8.2	729033
MIR4482-1	100616323
C10orf90	118611
LHX1	3975
ENHO	375704
RASL10B	91608
RP11-127L20.3	101927472
ABCC8	6833
RP11-1084I9.1	100128714
PPP1R12A	4659
SLC6A12	6539
C22orf42	150297
HELLS	3070
CENPQ	55166
ADNP	23394
TGM6	343641
RP1-288H2.4	100509541
ZNF43	7594
ATP2C1	27032
SERTAD2	9792
CNNM4	26504
CTLA4	1493
BTN3A2	11118
CNTFR	1271
AQPEP	206338
GAS2L2	246176
LRRC3C	100505591
HPD	3242
TSPY2	64591
CAST	831
LUM	4060
TCEANC2	127428
CCDC147-AS1	100505869
PROX1	5629
RFPL2	10739
MARK4	57787
DYSF	8291
RP11-127O4.3	101927523
SORCS3-AS1	100505890
DPY19L4	286148
AIF1	199
FAM3A	60343
IRF2	3660
EIF3G	8666
AURKC	6795
RP11-56I23.1	101927549
LINC00929	503519
RHCE	6006
POU4F3	5459
CLEC18A	348174
GSDMA	284110
KIF23	9493
MMP28	79148
HTR2B	3357
SH3BGRL	6451
SLC5A4	6527
CDCP2	200008
GLYATL3	389396
GLP1R	2740
SLC6A6	6533
CGREF1	10669
SMARCD2	6603
CD36	948
FAM47A	158724
TMEM47	83604
SEC13	6396
C6orf141	135398
RFPL3	10738
SMYD2	56950
SNRPB	6628
FAM47B	170062
TCERG1	10915
FUBP3	8939
RPP25L	138716
ZMYND15	84225
DPM1	8813
CYB5RL	606495
GS1-179L18.1	401337
POU3F4	5456
MAGEB16	139604
ARMC9	80210
LINC00226	338004
CYLC1	1538
ITGB3	3690
ZNF208	7757
MYRF	745
TIAF1	9220
OCRL	4952
AC004980.7	100133091
CXorf22	170063
GS1-18A18.1	285878
LRCH1	23143
TFEC	22797
ATP6V1E2	90423
RP11-745C15.2	100996654
FAM13B	51306
RPS6KA6	27330
DCTN3	11258
TTTY3	474148
MEIS2	4212
RHAG	6005
BRMS1L	84312
C6orf223	221416
EGFR-AS1	100507500
ZNF257	113835
RTCB	51493
ZNF687	57592
DMTN	2039
AATF	26574
KIAA1468	57614
RRP8	23378
C17orf50	146853
FAIM	55179
DCN	1634
CNNM3	26505
MRPL37	51253
CHDC2	286464
MIB2	142678
RHOQ	23433
ZNF768	79724
NCKAP1	10787
LSAMP-AS1	101926903
SLC1A4	6509
PRDM12	59335
CEP128	145508
C2CD4A	145741
GPRC5C	55890
REG1B	5968
CXorf30	645090
PDPR	55066
ZNF747	65988
C2CD4B	388125
MYO10	4651
DBP	1628
SUPT7L	9913
TMEM42	131616
AC136896.1	101928869
PCSK2	5126
FOXR1	283150
TIMMDC1	51300
RAPGEF4	11069
EXOSC2	23404
R3HDM2	22864
TAF15	8148
LLGL2	3993
CCDC84	338657
FAM47C	442444
TGM4	7047
ARID3C	138715
PRKCI	5584
PDE9A	5152
ILK	3611
ESD	2098
CA11	770
CCR10	2826
ZNF467	168544
TIA1	7072
C17orf98	388381
REG1A	5967
ZNF805	390980
RPS25	6230
FAM83B	222584
PRRG1	5638
GET4	51608
SIGMAR1	10280
FAM186A	121006
TNRC18	84629
HIBCH	26275
ICOS	29851
TLN2	83660
LINC00221	338005
ZNF460	10794
INTS8	55656
RPL23	619505
CTDSP1	58190
SSBP3	23648
DEGS2	123099
TRAPPC4	51399
NTN5	126147
HCRTR2	3062
ZNF543	125919
ZNF862	643641
HTR3B	9177
AGAP8	728404
LANCL3	347404
HTR2A	3356
ZNF707	101928160
ACOXL	55289
BFSP1	631
BPIFC	254240
ZNF304	57343
MOCS3	27304
TNFRSF11A	8792
PTPN14	5784
PPIL6	285755
XK	7504
FUT2	2524
ABL1	25
DNMT1	1786
RP11-179K3.2	101928887
KCNG1	3755
ZNF547	284306
AC007003.1	101930181
CSH2	1443
FDPSP7	619190
ZNF729	100287226
CYBB	1536
MRPL14	64928
ZNF98	148198
MAMSTR	284358
PSMD3	5709
GPHN	10243
IKBKB	3551
SLC4A1AP	22950
DTX2P1-UPK3BP1-PMS2P11	441263
CRYBA1	1411
HLF	3131
HTR3A	3359
LCA5	167691
MAP1A	4130
GALT	2592
DSTN	11034
FBXL18	80028
PIK3CB	5291
YME1L1	10730
ZNF492	57615
SUCLA2	8803
HERC2P9	440248
ZNF548	147694
ADAP1	11033
FGD4	121512
PI4KB	5298
ZNF99	7652
POLD2	5425
ABHD1	84696
PARD3B	117583
TUSC7	285194
FKBP9L	360132
MPP4	58538
MIR1252	100302136
LARP4	113251
FBXO7	25793
TMEM63B	55362
SH3BGRL2	83699
MIR4447	100616485
ZNF728	388523
LINC00901	100506724
PPP1R27	116729
QRFP	347148
CCDC174	51244
CCDC166	100130274
TMEM258	746
ALLC	55821
ZNF730	100129543
ZCCHC2	54877
REG3A	5068
ELOVL4	6785
RPLP1	6176
PPP1R37	284352
MAT2B	27430
HYOU1	10525
RP11-353N14.5	101928766
MAPK15	225689
FIBCD1	84929
RP11-353N14.4	101928738
SPDYE9P	389517
DYNLT3	6990
RP11-334C17.5	101929888
FEN1	2237
KDM5C	8242
ZNF91	7644
CENPF	1063
NUFIP2	57532
SAYSD1	55776
ZNF396	252884
RP11-286H14.4	407835
THAP2	83591
P4HB	5034
RP11-108K14.8	92170
ZNF343	79175
TIMM23B	100652748
NFATC2	4773
CALCOCO2	10241
EIF4A2	100302143
CTD-2047H16.4	100294362
USH1C	10083
VIL1	7429
CXorf27	25763
NKPD1	284353
CASP3	836
MIR4730	100616359
DCDC2C	728597
SMC4	10051
KCNK5	8645
MRPL47	57129
CXCL10	3627
PI4KA	5297
TRAPPC6A	79090
ACOT11	26027
SYTL5	94122
INO80C	125476
LAMC3	10319
TMC2	117532
CLEC18C	497190
CXCL11	6373
FADS2	9415
TMEM57	55219
PSMD9	5715
PROCA1	147011
SMPD2	6610
GFRAL	389400
TAOK1	57551
TMEM232	642987
INSIG2	51141
RP11-344A5.1	101928938
BLOC1S3	388552
HTR3D	200909
NUDT15	55270
GHITM	27069
FAM83H	286077
CABP2	51475
KCTD18	130535
MBIP	51562
HMGCLL1	54511
GALNT1	2589
PRIMPOL	201973
B3GNT7	93010
EXOC3L2	90332
MED4	29079
RRBP1	6238
LDLRAP1	26119
SYN3	8224
LASP1	3927
WHAMMP2	440253
GSTP1	2950
KCNK2	3776
PDZD8	118987
FGFBP3	143282
ATP6V0E2	155066
NUP54	53371
SRPX	8406
TTC27	55622
NOP56	10528
NCL	4691
FAM151A	338094
CD80	941
CES1	100653057
PKD1	101930075
G6PD	2539
RP11-578F21.10	100289656
TMEM170B	100113407
MIR4680	100616113
TAF10	6881
RP11-578F21.12	101929232
CCDC63	160762
AC126365.1	100287072
IGBP1P1	280655
SOX11	6664
ZNF675	171392
TTK	7272
DOCK1	1793
RP11-84G21.1	101928294
CRISP2	7180
YY1	7528
IL11RA	3590
C18orf21	83608
CTNNA2	1496
EMX2	2018
CMPK2	129607
AIF1L	83543
SPRN	503542
CKM	1158
STAG3	10734
UBN2	254048
RP11-540D4.3	101928420
ZNF17	7565
ZNF681	148213
ZNF764	92595
MIR182	406958
MIR96	407053
MIR183	406959
ACVR1C	130399
KLRG1	10219
TIMP3	7078
CENPU	79682
CD300A	11314
ZNF749	388567
RP11-775D22.2	100128325
RPL13AP6	644511
ITM2B	9445
CYP2E1	1571
TES	26136
SLC6A13	6540
MIR548E	100313921
RSAD2	91543
ATP9A	10079
ZNF688	146542
VN1R1	57191
RAB11FIP2	22841
GUCY2GP	390003
MRPL33	9553
HTR3C	170572
CTD-2020K17.1	339192
ZNF726	730087
SNORA15	677803
RPRD1A	55197
WNT8A	7478
ZNF772	400720
TMEM175	84286
KCTD3	51133
TPP1	1200
ATP2B2	491
EFCAB13	124989
CTD-2020K17.4	101927036
RASIP1	54922
EXOSC6	118460
DTHD1	401124
ZNF785	146540
MAP3K14-AS1	100133991
ABCA10	10349
KCNK17	89822
ARHGAP12	94134
SGOL2	151246
NDUFV1	4723
MMD	23531
AARS	16
MIR617	693202
PLS1	5357
MIR618	693203
RP11-344E13.3	440416
MIR4699	100616133
RPGR	6103
CPM	1368
ZNF689	115509
MROH7	374977
ZBTB16	7704
HTR3E	285242
ACACA	31
PSD	5662
RP11-28G8.1	101928855
C7orf55	154791
NDUFB5	4711
CTD-2561B21.5	400627
RB1	5925
AGAP7	653268
SUB1	10923
LARGE	9215
ZNF419	79744
LINC00609	101101773
HDX	139324
TENM2	57451
APLN	8862
ADPRH	141
IZUMO1	284359
BLOC1S1	2647
BAIAP2-AS1	440465
SLC39A6	25800
FAM204A	63877
SCRIB	23513
XPNPEP2	7512
CCL27	10850
ZDHHC3	51304
PPIP5K1	9677
PRR14	78994
NME5	8382
PTCSC3	100886964
KCNK16	83795
NNMT	101928916
BIN1	274
CES5A	221223
SNORD98	692211
MIR1254-1	100302273
FUT1	2523
SLC25A29	123096
TMEM100	55273
RBM45	129831
NUP214	8021
CAPN11	11131
ZNF254	9534
MAPK7	5598
FGF21	26291
BMP5	653
A2M	2
KIAA1239	57495
ABHD15	116236
WDR4	10785
GOLGA6L7P	728310
RAB34	100861437
C11orf71	54494
CSF3	1440
ACVR1	90
FAM160B2	64760
MSMB	4477
FBXO47	494188
SASH3	54440
INHBC	3626
UQCRFS1	7386
CCL19	6363
MIR657	724027
MIR338	100422915
RBM7	10179
MIR1250	100302229
TMCO5A	145942
VSTM2B	342865
C4orf19	55286
AATK-AS1	388428
RP11-680F8.1	100130111
RFX5	5993
RNF144A	9781
BCAT2	587
USH2A	7399
ISX	91464
LINC00482	284185
RELL1	768211
OTC	5009
POP4	10775
SFTA3	253970
CCL21	6366
TM4SF5	9032
ULK4P3	89837
FAM196A	642938
RBKS	64080
CCNH	902
PLA1A	51365
ARL14EPL	644100
APOOL	139322
KLC3	147700
GPR151	134391
HMGXB4	10042
ACSL1	2180
PCTP	58488
FAM205A	259308
INHBE	83729
MICAL1	64780
VMO1	284013
FADS1	3992
FBXL15	79176
C12orf79	256021
TSPAN7	7102
COMMD10	51397
COX19	90639
AC026150.5	26082
MAN1C1	57134
OSBPL6	114880
KIAA1045	23349
FBRS	64319
NUDT8	254552
CCNE2	9134
NDUFV3	4731
GLTPD2	388323
TP53I13	90313
C3orf20	84077
IGSF11-AS1	100506765
PSMB6	5694
TBX10	347853
ANKRD23	200539
BCL2L11	10018
RAB26	25837
C7orf55-LUC7L2	51631
PPP2R2B	5521
PGM2	55276
SALL4	57167
RP11-227H15.4	101928994
ACY3	91703
IQSEC2	23096
KDM5A	5927
ARL6IP5	10550
TEX264	51368
MID1IP1	58526
INPP1	3628
OTOG	340990
ADTRP	84830
CCDC42	146849
CRISP3	10321
DNAJB5	25822
PKNOX1	5316
WDR66	144406
S1PR2	9294
ALDH3B2	222
BDP1	55814
AC087393.1	101060544
AOX1	316
TTC4	7268
GLI1	2735
CAV2	858
DTNB	1838
GNAT3	346562
MIR5186	100847036
PLEKHG4B	153478
REXO2	25996
LPAR6	10161
LINC00592	283404
PRLHR	2834
MRPL4	51073
DDX19B	11269
PRPH2	5961
NUDT18	79873
RP11-64D22.2	201651
PLD2	5338
RDH5	5959
PLXDC1	57125
SATL1	340562
ZDHHC9	51114
ERCC2	2068
C10orf99	387695
MMP23B	8510
SERPIND1	3053
CACUL1	143384
MBNL1-AS1	401093
TRAF7	84231
LRRC37A4P	55073
C9orf131	138724
ELP2	55250
HSD17B14	51171
GBX1	2636
FGD5	152273
ZFP64	55734
BCOR	54880
NKX2-1-AS1	100506237
SNAP29	9342
SKP1	6500
RCBTB2	1102
HR	55806
SPDYE4	388333
SEMA3C	10512
AMELY	266
ASB10	136371
ZNF711	7552
PARS2	25973
FAM78A	286336
MIR4503	100616280
SLC25A47	283600
ZNF773	374928
TTC22	55001
CDHR1	92211
USP37	57695
NCOA4	8031
SLC5A7	60482
PLEKHA4	57664
SEMA6A	57556
VCP	7415
PPAPDC3	84814
RP11-500K19.1	101926983
ID2	3398
MIR5682	100847043
ESRRG	2104
CEP68	23177
ZNF549	256051
SLC26A8	116369
SEPN1	57190
UNC93B1	81622
LTBP1	4052
MYL7	58498
ACTR3C	653857
POPDC2	64091
PCYOX1	51449
CRKL	1399
C1orf177	163747
CD63	967
BRD8	10902
ZNF550	162972
POLE	5426
TOM1	10043
ABCF2	10061
MIR4295	100422909
TLE3	7090
SCARB2	950
TMEM161B	153396
DCHS1	8642
WWC1	23286
MFSD6L	162387
MYL2	4633
TBC1D1	23216
PRRC2B	84726
DGKQ	1609
CASKIN1	57524
RP11-362A1.1	101928449
CYSLTR2	57105
NKX2-1	7080
DHCR24	1718
CBS	875
CD300LB	124599
LMOD3	56203
PIK3R5	23533
MYOD1	4654
XXcos-LUCA11.4	101928965
MRPL17	63875
PZP	5858
SRCAP	10847
PHLPP1	23239
DLG5	9231
CELF2	10659
FADS3	3995
HERC2P10	390561
CUEDC2	79004
KCNC1	3746
ATP6AP2	10159
AIFM3	150209
CUX2	23316
ALS2	57679
EXOSC7	23016
OR2AG2	338755
OR2AG1	144125
PLEKHF1	79156
OR6A2	8590
MTFR1L	56181
MIR211	406993
RP11-16E12.1	101930428
TSHR	7253
OR10A5	144124
TRIM47	91107
TMEM61	199964
OR10A2	341276
GPATCH2	55105
C19orf12	83636
LRRTM1	347730
BSND	7809
FNDC3A	22862
NR2C2	7182
PPP1R13L	10848
RP11-798G7.6	101930029
RP11-760D2.1	100240728
LUC7L2	100996928
TRIM65	201292
NDUFAF6	100506538
SPRED1	161742
RP11-760D2.11	222029
SMC1A	8243
BCL2	596
UQCC2	84300
NKX2-8	26257
UPP2	151531
SERGEF	26297
PCSK9	255738
CDK11B	728642
KLRG2	346689
ULK4P1	100288380
RAB1A	5861
RP11-760D2.5	101928401
SELENBP1	8991
CRHR1-IT1	401884
SYCE1	93426
SPATA17	128153
PAX9	5083
ANKFN1	101927443
CCNE1	898
LINC00639	283547
FAM98B	283742
CAMK2D	817
FANCG	2189
TSHZ2	128553
NMUR1	10316
CXorf38	159013
TAC4	729220
KDSR	2531
OTOGL	283310
ZNF416	55659
C2orf57	165100
IP6K3	117283
BTBD16	118663
GRM2	2912
MFAP4	4239
ZIK1	284307
MIR4787	100616138
NXPE1	120400
RRP15	51018
C17orf66	256957
KIDINS220	57498
ARHGDIA	396
PTMA	100506248
BCL7A	605
POF1B	79983
ZNF217	7764
OR10A4	283297
FRMD4B	23150
RP11-67L2.2	100129550
RP11-314A5.3	100506840
OR2D2	120776
GCK	2645
ARHGEF26-AS1	100507524
IQCF6	440956
OR2D3	120775
MYLK-AS1	100506826
TBCC	6903
FAM27L	284123
ZNF530	348327
WARS	7453
ICAM1	3383
IQCF3	401067
MED14	9282
NANOS1	340719
NXPE4	54827
MIR5002	100847021
PREB	10113
RP11-632K20.2	101929887
GLTSCR1L	23506
BTG1	694
ZNF215	7762
MLST8	64223
VPS4B	9525
ZNF134	7693
TGFB2	7042
TBX5	6910
URI1	8725
FSCN1	6624
SNRPG	6637
SUCLG1	8802
HELT	391723
LEMD2	221496
NXPE2	120406
BCKDHB	594
SLC29A1	2030
PPP1R15A	23645
LRRC14B	389257
CLEC2L	154790
ICAM4	3386
SLC26A1	10861
ZNF211	10520
FAM71D	161142
RPL7L1	285855
ANKRD39	51239
ZNF214	7761
USP24	23358
FAM47E	100129583
SLC25A4	291
BCAS1	8537
MIR544B	100422864
PRKRA	8575
CLEC3B	7123
CD300C	10871
TULP2	7288
U2AF1	7307
NLRP14	338323
CD300LD	100131439
RASGRP1	10125
PDE6D	5147
KIAA1430	57587
NPEPPS	9520
MLNR	2862
PIGO	84720
NDUFS8	102465669
HIPK2	28996
PHKG2	5261
SERPINB5	5268
SLC25A21	89874
MIR2110	100302224
KIF5B	3799
C17orf77	146723
HMOX1	3162
CADM1	23705
REEP4	80346
BANF2	140836
CCDC148	130940
RNF216	54476
PGK2	5232
CD3EAP	10849
RP11-451G4.1	101928190
ZBTB24	9841
RAB3IL1	5866
CD300E	342510
LYPLAL1	127018
DUSP22	100653247
EIF2B5	8893
TBL1Y	90665
CDADC1	81602
RP11-451G4.2	100507537
CPSF6	11052
POLB	5423
SERPINB12	89777
CRISP1	167
RBMXL2	27288
BRE	9577
MFSD6	54842
DLX4	1748
RP11-758N13.1	100131315
SYT9	143425
UTP14A	10813
NUCB1	4924
CDCP1	64866
RP11-407N17.5	100288846
TMEM19	55266
DDX19A	55308
NPR3	4883
RARS	5917
SERPINB13	5275
POMT1	10585
HGF	3082
USP9X	8239
EIF3A	8661
STK32A	202374
RP11-489D6.2	101928134
TCIRG1	10312
RNF112	7732
RP11-3D4.3	101929988
MLXIP	22877
ICAM5	7087
LZTR1	8216
SNX5	27131
SLC30A10	55532
SULT1C3	442038
RP11-106M7.1	101927692
COX17	10063
MIR1233-1	100422845
MCM5	4174
C10orf95	79946
BEST1	7439
FRG2B	441581
TMEM180	79847
PPAP2B	8613
CYP24A1	1591
AUNIP	79000
CAV1	857
PPP2CA	5515
SKIL	6498
ZGLP1	100125288
KANSL1-AS1	644246
STOML2	30968
ERCC1	2067
CAB39L	81617
YKT6	10652
CRYAA	1409
HIVEP1	3096
PAQR7	164091
RP11-809C18.3	101930421
MIR5699	100847086
C6orf226	441150
CUL2	8453
NSFP1	728806
SERPINB4	6318
FDX1L	112812
PRKAA2	5563
CNTNAP1	8506
DPYSL3	1809
STMN1	3925
FAM47E-STBD1	100631383
TMEM194B	100131211
SIK1	150094
EPRS	2058
C10orf105	414152
TRIM59	286827
CCDC127	133957
SNX25	83891
MIR3663	100500893
DIP2B	57609
NOG	9241
IKBKG	8517
MRPS25	64432
TPH1	7166
PSMB4	5692
RAB37	326624
C10orf54	64115
PLEKHA1	59338
RP5-899E9.1	101927243
MKLN1-AS	100506881
IDUA	3425
ZNF536	9745
SLC35E2B	728661
RSBN1L-AS1	100505854
MOCOS	55034
NRP2	8828
TIMM23	100287932
DNM1L	10059
LYZ	4069
C1orf168	199920
ARHGAP9	64333
SULT1C2	6819
RP11-814P5.1	101928174
PTCRA	171558
HSF2BP	11077
RPL13AP17	399670
CCDC77	84318
CCDC158	339965
BRICD5	283870
C16orf93	90835
TSHZ3	57616
CHM	1121
TBXAS1	6916
ZSCAN4	201516
PAFAH2	5051
SETDB2	83852
RQCD1	9125
RP11-432J9.6	101929061
RAB21	23011
RP11-744K17.9	284124
UNC5B-AS1	728978
TPPP2	122664
USP13	8975
PGP	283871
COPS7B	64708
IDI2-AS1	55853
ANP32AP1	723972
OLFML1	283298
ZNF551	90233
CKMT1B	548596
ZNF507	22847
IL3	3562
RASD2	23551
DDX3X	1654
IQCF2	389123
YEATS4	8089
C8A	731
IQCF5-AS1	101928999
IQCF5	389124
PIGF	5281
RRP1B	23076
KLRB1	3820
SAAL1	113174
SDHA	6389
PFDN4	5203
PTTG2	10744
ZNF154	7710
FAM215B	23591
E4F1	1877
FAM109A	144717
MB	4151
CNPY3	10695
IQCF1	132141
KLF3	51274
C17orf67	339210
CLDN11	5010
ZNF671	79891
FGFRL1	53834
MLTK	51776
BUD13	84811
MIR3942	100500904
PLCH1-AS1	100874035
ST3GAL2	6483
RP11-641A6.2	100127967
TP53INP1	94241
KPNA4	3840
ZFYVE20	64145
DPH6-AS1	100507466
RP5-1157M23.2	101929029
FAM46A	55603
MIR4510	100616293
CSF2	1437
MAGI2-AS2	100874021
TBX3	6926
C8B	732
ZNF776	284309
CLEC2D	29121
DGKE	8526
LRIT2	340745
FHOD3	80206
RAVER1	125950
UACA	55075
APOL6	80830
FAM214B	80256
TSPY4	728395
DOK5	55816
PHF11	51131
MIPOL1	145282
ACTR2	10097
PLEKHF2	79666
MAATS1	89876
MAGI2-AS3	100505881
LINC00200	399706
C8orf37	157657
MAPK14	1432
APOL5	80831
DACH2	117154
ZNF586	54807
RIBC1	158787
LRIT1	26103
AC009518.4	101928782
DTWD2	285605
GDF6	392255
MKRN9P	400058
PPFIBP2	8495
DHDH	27294
AC009365.4	100506937
EXTL1	2134
LRP2BP	55805
RP11-368M16.3	101928654
DNASE1L2	1775
MIR4676	100616286
DLX3	1747
ADARB2-AS1	642394
PLCD4	84812
DPY19L3	147991
RGR	5995
FTH1	2495
RP11-684B21.1	100507480
PUF60	22827
UQCRB	7381
CCL5	6352
PDXK	101928493
LINC00700	282980
UCK1	83549
RP11-983P16.4	283335
SERPINB11	89778
KCNAB1-AS2	100874083
KCNAB1-AS1	100874084
RRP9	9136
MIRLET7G	406890
LGI3	203190
MIR135A1	406925
NYX	60506
BAX	581
CSNK1A1P1	161635
SNORD19	692089
NAB1	4664
SNORD69	692109
RBFOX2	23543
SEMA4C	54910
RNASE13	440163
TSPY8	728403
TMEM158	25907
RNASE7	84659
BPNT1	10380
ECI1	1632
CBLN4	140689
SH2B3	10019
AK9	221264
SERPINB3	6317
RNASE8	122665
RNF40	9810
TLR10	81793
ANKRD37	353322
ZNF259	8882
LARS2	23395
GDF11	10220
ZNF552	79818
MC3R	4159
TBC1D15	64786
RCBTB1	55213
P4HA2	101927705
THAP7	80764
EDN1	1906
DAB1	1600
MPP5	64398
RDM1	201299
OVOL2	58495
FAM210B	116151
C15orf53	400359
TLR1	7096
ITGA3	3675
AC015987.1	101928915
BCORL1	63035
RNF212	285498
LINC00701	399708
SARNP	84324
C15orf54	400360
UNC13B	10497
ARHGEF40	55701
ANAPC1	730268
DNAH6	1768
MASTL	84930
ZNF587B	100293516
MRGPRX3	117195
MGME1	92667
ARL11	115761
UFSP2	55325
THBS1	7057
MRGPRX4	117196
RAPGEF1	2889
TLR6	10333
GIT1	28964
MIR5089	100847067
JAKMIP2	9832
DKK4	27121
EBPL	84650
MRPL38	64978
ZNF814	730051
PHACTR1	221692
FUK	197258
SAA4	100528017
RP11-156P1.3	101927060
PET117	100303755
CTAG1A	246100
GTF2A1	2957
IARS2	55699
P2RX6	9127
USP14	9097
FAM114A1	92689
DMXL1	1657
PSAP	5660
CSRP2BP	57325
SAA2	6289
STRC	101930630
MET	4233
SHROOM3	100996628
ARMS2	387715
PARP3	10039
CTAG2	30848
SLC30A2	7780
INCENP	3619
PVRIG	79037
DCP1A	55802
ACTR1A	10121
KPNA3	3839
SLC47A1	55244
OMA1	115209
SPDYE3	441272
APOL3	80833
FOSB	2354
FSIP1	161835
COL21A1	81578
PEX5L	51555
SFTPC	6440
HTRA1	5654
TRIM63	84676
FTL	2512
RNPS1	10921
MEF2C	4208
LARP6	55323
MED24	102466757
ICAM3	3385
C6	729
MED27	9442
STON2	85439
GPR176	11245
GAB3	139716
SULT1C4	27233
PANK3	79646
VDAC3	7419
OCM	654231
MTERFD1	51001
SPRED2	200734
TACSTD2	4070
PDIK1L	149420
RP11-793H13.3	100652999
AURKA	6790
NPPC	4880
ZNF587	84914
ATP6V1D	51382
SAA1	6288
FAM110D	79927
MYSM1	114803
CAPN7	23473
RUSC2	9853
RTN2	6253
TPGS2	25941
ZNF593	51042
GNMT	27232
THOC1	9984
SLC7A14	57709
NTNG2	84628
CASK	8573
SPRYD7	57213
CHKA	1119
ZNF417	147687
HSD17B10	3028
TRPC1	7220
ALYREF	10189
C2orf53	339779
C4orf47	441054
SCGB1D1	10648
RP11-13A1.1	728084
LINC00886	730091
NTN1	9423
SOWAHB	345079
SERPINB7	8710
RP11-686F15.3	102216268
FAM166B	730112
PA2G4P4	647033
CACNA1G	8913
SCGB2A1	4246
PDCD5	9141
TCF23	150921
RAB3GAP2	25782
APOL4	80832
HOXC13-AS	100874366
LRRC49	54839
TYK2	7297
SCGB1D2	10647
SLIT3	6586
TRIM13	10206
AC004862.6	101927269
HOTAIR	100124700
RP11-118K6.3	101927824
JUN	3725
KLHL4	56062
STX8	9482
PITRM1-AS1	100507034
GYS1	2997
MRPL45P2	653479
MINK1	50488
MED13L	23389
SEPT11	55752
POGZ	23126
ZNF418	147686
EZH1	2145
ORMDL2	29095
CNKSR1	10256
TESK1	7016
PCOLCE2	26577
CCDC110	256309
TRIM25	7706
PKP4	8502
DFNB59	494513
CLECL1	160365
FAM178B	51252
IBTK	25998
KCNRG	283518
SERPINB2	5055
CD69	969
GCC2	9648
FBF1	85302
SCGB2A2	4250
ATF1	466
SUV420H1	51111
MLN	4295
SLC5A6	8884
FGGY	55277
FOSL2	2355
RP11-6N17.1	101927122
ANKRD27	84079
SCGB1D4	404552
ATXN2	6311
CYB5R2	51700
SETX	23064
GLS	2744
RP11-6N17.4	100506325
ABCA3	21
DNAJC14	85406
TARS	6897
APOL2	23780
SLC7A4	6545
DLEU1	101929481
GPR62	118442
CCZ1	221960
AGAP6	101060581
EIF2AK4	440275
TMEM156	80008
ASRGL1	80150
MYF6	4618
FKBP7	51661
MIR4522	100616277
ELF4	2000
CSTB	1476
AC002472.13	400891
CHPF2	54480
WDR16	146845
ZNF629	23361
CD72	971
IRF4	3662
DKC1	1736
RP11-857B24.5	101927418
hsa-mir-490	574443
RP11-265N7.1	101928245
SNORD127	100113389
SERPINB10	5273
MYF5	4617
LRRC43	254050
BCL7C	9274
RRP1	8568
RP11-325N19.3	100505534
SRP14-AS1	100131089
DLEU7	220107
ZNF256	10172
KLHL5	51088
LINC00880	339894
GRM4	2914
MMP19	4327
MIR152	406943
PLCXD3	345557
PTDSS1	9791
C19orf18	147685
PPM1N	147699
LINC00881	100498859
CTF1	1489
SMARCD3	6604
MIR1203	100302211
PCBP4	57060
RNASEH2B	79621
APOL1	8542
CLLU1OS	574016
C11orf24	53838
PDCD6	10016
CLLU1	574028
ZNF133	7692
ANAPC11	51529
SIT1	27240
RIMBP3B	440804
ZNF606	80095
HOXB-AS1	100874362
CATSPER2	101930343
RAD51-AS1	100505648
C12orf74	338809
ZNF219	51222
RP11-538P18.2	100996447
CAMK2B	816
HIC2	23119
CDC37	11140
OXCT1	5019
HOOK1	51361
HPS5	11234
PLEKHA3	65977
ARSJ	79642
LINC00871	100506412
RPL22L1	200916
RP11-379F4.4	100287290
BMP1	649
TMPRSS12	283471
PLEKHG7	440107
LRP5	4041
OVCH2	341277
MIR548Y	100500919
DIS3L2	129563
PLB1	151056
FAM21A	387680
CCNF	899
PEX6	5190
LINC00648	100506433
APOA5	116519
NHLRC1	378884
UGT8	7368
TTF1	7270
RIMBP3C	150221
CCDC107	203260
TPMT	7172
UBE2L3	7332
FAM124A	220108
SCGB1A1	7356
COG4	25839
APOA4	337
SLC20A2	6575
HOXB-AS3	404266
FAHD2B	151313
CAPZA2	830
GPR34	2857
MARK1	4139
AC010091.1	100128317
COLEC12	81035
KIAA1328	57536
NDST4	64579
VASP	7408
C9orf171	389799
EEA1	8411
MIR1255B1	101927356
APOC3	345
SERPINE3	647174
PILRB	102466747
EIF5A2	56648
AHNAK	79026
SLC35E2	9906
ALDH3A2	224
BARHL1	56751
PAQR9	344838
GPR82	27197
DZANK1	55184
TBC1D3P5	440419
RSPH10B	222967
RP11-433J20.2	101927946
ARHGEF39	84904
RP11-433J20.1	101927964
MEIS1	4211
LINC00702	100652988
APOA1	335
CPXCR1	53336
HMSD	284293
OR5P2	120065
LINC00703	100507059
MCCC2	64087
MAOA	4128
OR5P3	120066
CYP2J2	1573
MAPK13	5603
OR10A6	390093
MIR3919	100500803
LINC00704	100216001
TGIF2LX	90316
AC003984.1	101927378
LINC00936	338758
OR10A3	26496
LINC00705	338588
NLRP10	338322
AGPAT3	56894
YDJC	150223
MYH9	4627
FAM45A	404636
SRP14	6727
SERPINB8	5271
AKR1C6P	389932
C1orf115	79762
EXOC2	55770
FBXL19	54620
SLC2A2	6514
ZSCAN1	284312
EIF3F	8665
KLRF1	51348
CCSER2	54462
MARC2	54996
DDX31	64794
C16orf59	80178
MPP1	4354
CA9	768
CCDC116	164592
ZNF142	7701
FIG4	9896
BMF	90427
ACOX1	51
INO80D	54891
ZNF135	7694
AIFM1	9131
INTS6	26512
CGN	57530
COIL	8161
RUVBL2	10856
MARC1	64757
NUDT4	11163
METTL7A	25840
U2SURP	23350
AC074183.4	101930185
WDR19	57728
RGS9BP	388531
OPA3	80207
ORAI3	93129
DRAM1	55332
NUDT19	390916
C1orf87	127795
LIN7A	8825
SUFU	51684
HIGD1C	613227
GPR4	2828
WIBG	84305
IL31	386653
CDH7	1005
TNFAIP8	25816
SETD1A	9739
TDRD12	91646
B3GNT4	79369
AC005076.5	101927420
MAOB	4129
SH3BP5	9467
CETN1	1068
HLX	3142
TUB	7275
NR1I2	8856
TP53TG1	11257
KIF20A	10112
SPINK1	6690
TPM2	7169
THAP10	56906
EEF1G	100500804
PARP12	64761
CLUL1	27098
ARL5C	390790
DUSP10	11221
ALPP	250
ACBD5	91452
PDLIM3	27295
CACNA2D1	781
CDCA7	83879
CRIPT	9419
SIK3	23387
DAPL1	92196
THSD4	79875
MITF	4286
SCPEP1	59342
GTF2H1	2965
NDP	4693
CREM	1390
NTN3	4917
CYP2C18	1562
RCC2P3	100616226
HHIPL2	79802
C18orf56	494514
SF3B3	23450
PDE4A	5141
TRAM1L1	133022
CELF4	56853
TANC1	85461
RASGRP3	25780
NFIA	4774
GTF3C4	9329
EFHC2	80258
SDF2L1	23753
RN7SL1	6029
BCS1L	617
TBC1D24	57465
TYMS	7298
NDST3	9348
SPON2	100130872
SPDL1	54908
TMEM253	643382
AK8	158067
CACNB1	782
PPP2R5D	5528
POLR3F	10621
CDH19	28513
CYP2C19	1557
AHRR	57491
OR5AU1	390445
FUNDC1	139341
CCDC53	51019
EML2	24139
TXN2	25828
ATP6V0C	527
NPB	256933
SMIM19	114926
TAF1A	9015
PPIL2	23759
ESRG	790952
DUSP21	63904
CARTPT	9607
CACNA2D3-AS1	100874237
DMBT1	1755
WDFY2	115825
C9orf9	11092
UBE2N	7334
LHB	3972
PPP6R3	55291
MIR3938	100500875
TUFT1	7286
TRIM8	81603
CYP27C1	339761
TM2D1	83941
CGB	114335
B4GALNT3	283358
HSD3B7	80270
CT62	196993
PABPC5	140886
GPR6	2830
SLC11A2	4891
FOXRED2	80020
ZSCAN18	65982
CHST3	9469
ANKRD13B	124930
TRAPPC10	7109
LINC00615	439916
SCGB3A2	117156
CLEC2B	9976
CGB2	114336
C5orf51	285636
DHRS12	79758
TMX3	54495
DGKA	1606
AMDHD2	752014
SPOCK2	9806
SFXN4	119559
WASF1	8936
EIF2S1	1965
TSC1	7248
STX1B	112755
CYP2C9	1559
TLN1	7094
CATSPER4	378807
FOXA1	3169
C5orf46	389336
SOCS5	9655
HNRNPC	3183
SLC7A9	11136
BUB1B	701
ZNF329	79673
LIMD1	8994
DVL3	1857
ACSS3	79611
CCDC70	83446
KLRF2	100431172
DIABLO	56616
CLEC2A	387836
CEP85	64793
NDUFS1	4719
CCNI	10983
SEL1L	6400
LINC01119	100134259
STX4	6810
IL12A-AS1	101928376
ALPPL2	251
ANKRD36	375248
CLEC12A	160364
ZNF274	10782
CHRNB3	1142
MIA3	375056
KDM6A	7403
MIR15B	406949
MIR16-2	406951
TTC6	101059957
SH3BGRL3	83442
MAP1LC3B2	643246
PCYT2	5833
SCARNA7	677767
ERCC3	2071
RIC3	79608
ALPI	248
INADL	10207
CHRNA6	8973
NUB1	51667
C12orf49	79794
EIF3D	8664
CEP89	84902
SDC2	6383
SP3	6670
GFI1B	8328
LDHA	3939
THAP1	55145
PDIA3	2923
MYO9A	4649
PLEK2	26499
NINJ2	4815
SPINK5	11005
PILRA	29992
JHDM1D-AS1	100134229
ECEL1	9427
SNX27	81609
MCFD2	90411
TUT1	64852
HUWE1	10075
USP43	124739
RNF170	81790
ENOSF1	55556
LMO1	4004
NDUFB2-AS1	100134713
UBXN11	91544
ATP7B	540
TMEM229B	161145
PDPK1	101060747
KEAP1	9817
YPEL1	29799
PIK3C3	5289
ASAH2	56624
PMS2	5395
PYY2	23615
CCNG2	901
CREB3	10488
SACM1L	22908
PXMP2	5827
FLRT2	100506718
IL34	146433
MAPK1	5594
FBXO4	26272
HMGA1	3159
GTF3C5	9328
ABHD14B	84836
HSD17B4	3295
S1PR5	53637
MTA2	9219
FAM98A	25940
NAP1L3	4675
ELL3	80237
MBOAT2	129642
STK33	65975
RP11-3P17.4	101243545
FAM133A	286499
C19orf40	91442
ZCWPW1	55063
TNIK	23043
CPQ	10404
SORBS2	8470
ATG4D	84971
WDR25	79446
NADK	65220
RNFT2	84900
TEN1	100134934
CACNG2	10369
AIDA	64853
PPY2	23614
METTL6	131965
MTSS1L	92154
MAP1B	4131
CXorf36	79742
CTD-2008P7.6	101060106
KRT18P55	284085
TRABD2A	129293
ASCC1	51008
CLEC1B	51266
IFT27	11020
CETN3	1070
EAF1	85403
PAFAH1B2	5049
GBA2	57704
DIAPH2	1730
MRPL42	28977
GSK3B	2932
CT64	647107
CYP2C8	1558
KRBOX4	55634
CELF3	11189
ALG11	440138
CCDC102B	79839
ZNF544	27300
C19orf83	100287177
PAK6	56924
RHPN2	85415
ZNF668	79759
DOCK2	1794
RBBP9	10741
CXCL13	10563
AIMP2	7965
PLEKHH1	57475
BROX	148362
UTP14C	9724
MIR1263	100302148
KCTD5	54442
L1TD1	54596
NUP37	79023
CGB7	94027
POLDIP2	26073
HRK	8739
GIPR	2696
PWP2	5822
ARL3	403
NEK5	341676
PVALB	5816
GNB1	2782
ZNF674	641339
NTF4	4909
PPM1F	9647
PRSS27	83886
RP11-861L17.3	101927453
AKAP1	8165
CEL	1056
KANK4	163782
ZNF646	9726
MARS	102465454
ARHGEF3-AS1	100874200
DOK6	220164
KCNA7	3743
PDK2	5164
WDSUB1	151525
RIT2	6014
PGAM5	192111
NCF4	4689
GALC	2581
CHST7	56548
PRSS12	8492
GHR	2690
RP11-755B10.3	101929159
CNOT6L	246175
WNK1	65125
PPFIA2	8499
FLNB-AS1	101929182
SIDT2	51092
FAM177B	400823
SLC9A7	84679
THRA	7067
RNF25	64320
C5orf55	116349
TRIM66	9866
RP11-147N17.1	101929238
COLQ	8292
CALML6	163688
NEK3	4752
SNRNP70	6625
SEC23B	10483
RGP1	9827
C15orf56	644809
KRI1	65095
C21orf33	8209
DISP1	84976
C2orf78	388960
CDK3	1018
HOOK3	84376
EXOC3	11336
SYT4	6860
METTL14	57721
TMEM52	339456
SRRM2	23524
USP1	7398
VAC14	55697
TSPYL5	85453
MSMP	692094
USP6NL	100507213
RP2	6102
EML3	256364
PCLO	27445
SFXN2	118980
SERF2	25764
TLR5	7100
OLA1	29789
TOP3B	8940
SNRPD2	6633
RP11-747D18.1	101928405
VPS33A	65082
CSF2RB	1439
STAMBP	10617
C1orf222	85452
MTDH	92140
RIIAD1	284485
FBXW8	26259
NPR2	4882
JADE3	9767
QPCTL	54814
THSD1	55901
YES1	7525
MRPL1	65008
LIN7B	64130
RALGDS	5900
SUSD4	55061
ANKLE2	23141
TEX33	339669
CORO6	84940
PLCB2	5330
TMSB10	9168
SSTR1	6751
VPS36	51028
RFC1	5981
RPL27A	6157
RGN	9104
CLEC14A	161198
PRSS53	339105
CLEC12B	387837
CD226	10666
NR1D1	9572
ADCYAP1	116
CHRNE	1145
GABRD	2563
DTD1	92675
SEC24D	9871
TPBG	7162
TST	7263
CD52	1043
KCMF1	56888
EIF2AK1	27102
MRPL9	65005
STAT1	6772
LAPTM4B	55353
GPATCH1	55094
CLEC9A	283420
GAL	51083
LDHC	3948
C17orf107	100130311
C20orf78	100128496
VKORC1	79001
ICOSLG	23308
UBE3D	90025
SOCS2	8835
SEC23A	10484
SCP2D1	140856
YARS2	51067
NDUFB11	54539
AIM1L	55057
COX5B	1329
FBXO46	23403
ABHD14A	25864
C1orf65	164127
CTBP1	1487
MIR570	693155
TCEB2	6923
MPST	4357
AC124944.5	101929697
SENP8	123228
ST7	102466616
SGMS1	259230
GP1BA	2811
CDC40	51362
SIX5	147912
SLC25A11	8402
SPAG8	26206
CAPN8	388743
CKAP2	26586
CLEC1A	51267
SLC24A3	57419
ZSCAN22	342945
ATRAID	51374
METTL4	64863
RFC4	5984
C19orf73	55150
GH2	2689
C6orf1	221491
A1BG	1
MSL1	339287
ASAP2	8853
DOCK7	85440
KCTD17	79734
BCKDK	10295
MEPCE	56257
PRKCZ	5590
ZNF683	257101
SETBP1	26040
EVPL	2125
OAZ3	51686
PRSS33	260429
RTTN	25914
HINT2	84681
TCF7L1	83439
GRAMD2	196996
ZNF497	162968
RBM10	8241
HUS1B	135458
PRSS56	646960
PPFIA3	8541
DNMT3L	29947
DMPK	1760
ACY1	95
MBLAC2	153364
MATN2	100506558
HNRNPA1L2	144983
GBGT1	26301
ZNF837	116412
SLC9A3	6550
SLC6A20	54716
FNTA	2339
SLC14A2	101930602
PKP2	5318
CAPN2	824
PRSS21	10942
PRDX3	10935
CHRND	1144
RPS5	6193
SUGT1	10910
FEZ2	9637
AL121761.2	101930064
WDR86	349136
TAGLN	6876
TMPRSS6	164656
CDKN2D	1032
STK36	27148
TPH2	121278
SMIM9	100132963
FOXQ1	94234
RPGRIP1	57096
NDC80	10403
FOXF2	2295
TMEM8B	51754
RIN2	54453
MAEA	101928676
MAP3K2	10746
CHST2	9435
ACTR1B	10120
VPREB1	7441
ROM1	6094
F8	2157
SEMA3E	9723
AP1M2	10053
SLC9A9	285195
ZG16B	124220
KLB	152831
AC012313.1	646862
STEAP2-AS1	100874100
HYDIN	101930373
METTL24	728464
DPY19L2P4	442523
GEMIN2	8487
ZNF584	201514
RPA4	29935
AC002456.2	101930246
LDHAL6A	160287
SLC14A1	6563
DDO	8528
BEGAIN	57596
LECT1	11061
MTL5	9633
PCDH19	57526
PRSS22	64063
FAM221B	392307
CRADD	8738
AIRE	326
TRHDE	29953
CLIP1	6249
IL2RB	3560
B3GAT3	26229
FOXC1	2296
POLR3G	10622
CCDC152	100129792
TESC	54997
ANAPC16	119504
OR13J1	392309
DHRS7C	201140
HRCT1	646962
BAZ2B	29994
CRYGN	155051
ANKRD61	100310846
OR2S2	56656
ZNF280B	140883
POMK	84197
FLYWCH2	114984
TSG101	7251
PCDH8	5100
SLC22A16	85413
DHDDS	79947
TP53BP2	7159
ZNF280A	129025
RECK	8434
KAT8	84148
C1QTNF6	114904
NUDT3	11165
GPR156	165829
ZNF132	7691
RP11-298O21.3	100996456
CLEC7A	64581
FRAS1	80144
PARPBP	55010
CPT1A	1374
SSH2	85464
RPS10-NUDT3	100529239
SEPP1	6414
USP42	84132
ZNF324B	388569
ANKRD63	100131244
RPL9	6133
SPINK14	408187
LZTFL1	54585
SSTR3	6753
PHYHIP	9796
GOLGA3	2802
PKM	5315
OLFM4	10562
RPS10	6204
PRAME	23532
SPINK6	404203
C15orf52	388115
FLYWCH1	84256
TTN	7273
SERINC4	619189
CHRNG	1146
RAC2	5880
MEA1	4201
FOXP1	27086
GLP2R	9340
PRR20A	729250
TDRKH	11022
ANGPTL3	27329
FBXO21	23014
UBA1	7317
MIR3155A	100628560
GLIPR2	152007
TIGD1	200765
HRC	3270
SMCHD1	23347
POLR3D	661
KLHDC3	116138
CAD	790
PHGR1	644844
H2AFB1	474382
F8A1	474383
C10orf129	142827
LYSMD3	116068
MRPL21	219927
RHEB	6009
DISP2	85455
SLC44A2	57153
EIF4E2	9470
CCIN	881
TLR3	7098
CYTH4	27128
MSI2	124540
GANAB	23193
PCSK7	9159
MFAP1	4236
LRRC58	116064
WDR88	126248
DOPEY1	23033
GMDS	2762
ATG4C	84938
HGSNAT	101929678
FUNDC2	65991
RP11-563J2.2	399715
KNSTRN	90417
CLTA	1211
KREMEN2	79412
LRP3	4037
RAB33A	9363
FBXO28	23219
PCDH17	27253
PIGH	5283
ST5	6764
PRKCQ-AS1	439949
MRPS27	23107
DST	667
C1orf86	199990
UVSSA	57654
WDR76	79968
RAD52	5893
SRP68	6730
RP11-554I8.1	101928150
ZNF280C	55609
HACL1	26061
LINC00707	100507127
DLK1	8788
DDIT4	54541
NAA20	51126
SLC7A10	56301
DEGS1	8560
TRPM4	54795
ELFN2	114794
ITGB1BP1	9270
GPR98	84059
FAM170A	340069
CEP72	55722
PRSS8	5652
CDK19	23097
PPP1R35	221908
TGOLN2	10618
FOXD3	27022
MTCP1	4515
RNF214	257160
MFNG	4242
TNMD	64102
SEMA3A	10371
CEBPA	1050
SDHAP1	727956
SIGLEC15	284266
CEBPG	1054
RRP36	88745
MIR1285-1	100302218
ALG6	29929
IGHMBP2	3508
WBP1L	54838
TSPAN6	7105
RNU6-10P	100873745
PRSS36	146547
PIWIL2	55124
RPL30	6156
GNE	10020
AC002454.1	101927497
PFKL	5211
CRNKL1	51340
MIR653	724023
MIR489	574442
FRMD5	84978
RNF167	26001
CYP17A1	1586
DNAJB12	54788
ATXN7L3B	552889
MIR4652	100616206
ASAH2B	653308
PKMYT1	9088
PEPD	5184
ARG2	384
STAT4	6775
SPINK13	153218
SUPT16H	11198
CARD10	29775
PROC	5624
HMGN2	3151
TRAPPC6B	122553
DDIT3	1649
EFHD1	80303
KCNC2	3747
C10orf32	119032
VTI1B	10490
EPG5	57724
CDK16	5127
DIAPH3	81624
LINGO4	339398
SPINK7	84651
C3orf58	205428
ZNF324	25799
C7orf61	402573
SKI	6497
ACTG2	72
SLC25A14	9016
LIAS	11019
TSC22D4	81628
NVL	4931
FAM196B	100131897
MRGPRD	116512
CMC4	100272147
CCR9	10803
ZNF446	55663
FOXI1	2299
MRGPRF	116535
RPL29	6159
SOCS6	9306
FSTL1	11167
TTC7A	57217
CRIPAK	285464
A1CF	29974
C5orf58	133874
SYT10	341359
ITGB3BP	23421
GTSCR1	220158
SIRT7	51547
SPINK9	643394
PDLIM1	9124
RORC	6097
SYNPO2	171024
NUDCD3	23386
MBD6	114785
GATA3-AS1	399717
FAM53A	152877
CDC42EP1	11135
RNF38	152006
CBLN2	147381
DUSP7	1849
CYTH3	9265
CSH1	2688
MORN1	79906
SLC27A5	10998
LINC00885	401109
CMTR2	55783
ANXA2R	389289
PRR16	51334
NYAP1	222950
SEMA3D	223117
LGALS2	3957
RPS6KA1	6195
PAQR4	124222
SLBP	7884
LINC00708	100507143
DMWD	1762
CAPS2	84698
GPR65	8477
SNORD42B	26808
NETO1	81832
TTLL4	9654
AC010761.8	26773
ZBTB45	84878
EMILIN2	84034
SNORD4B	26772
PNN	5411
CALB2	794
CLDN9	9080
BRCC3	79184
KCNK10	54207
RSPH6A	81492
CLDN6	9074
ZNF131	100506639
TPCN2	219931
PACSIN1	29993
CUL7	9820
LPIN2	9663
IVD	3712
BTD	686
TNFRSF12A	51330
UEVLD	55293
POC1A	25886
EFCAB7	84455
FAM149A	25854
RETSAT	54884
IGLL5	100423062
TRIM28	10155
USP11	8237
PRKAG2	51422
C2CD4D	100191040
SLC39A14	23516
CASC4	113201
MIR451B	100616385
GGA1	26088
C8orf47	203111
MYOZ2	51778
FYCO1	79443
CHST8	64377
AS3MT	57412
THEM5	284486
ALG10	84920
LETMD1	25875
HCFC1R1	54985
UBXN7-AS1	100874034
GRK5	2869
RP11-455G16.1	101929762
TDRD3	81550
LINC01063	101929769
RNU6-42P	100302742
ANXA3	306
CNIH4	29097
SYMPK	8189
THEM4	117145
NCBP2-AS2	152217
RER1	11079
MFI2-AS1	100507057
SPIDR	23514
BAHD1	22893
KCTD15	79047
MELK	9833
AGFG2	3268
PARP6	56965
USP53	54532
RTDR1	27156
ILF3	3609
AP2M1	1173
PGM1	5236
RP11-169F17.1	400655
TMEM129	92305
MIR591	693176
FTMT	94033
CCDC182	101927581
RP11-682N22.1	100506136
S100A10	6281
RDH11	51109
PSTPIP2	9050
MIR10A	406902
SRFBP1	153443
C17orf78	284099
MRPS23	51649
ZNF157	7712
MIR196A1	406972
INTS5	80789
MYOM1	8736
PCDH20	101926951
FBXO15	201456
GNAZ	2781
PTCD2	79810
THOC6	79228
MYEOV	26579
SPTY2D1	144108
SP9	100131390
HRSP12	10247
ZNF41	7592
S100A11	6282
AL445989.1	101927016
DLX6-AS1	285987
CTD-2377D24.6	100506373
ECHDC3	79746
ANKRD28	23243
LINC00709	100507163
FBXO38	81545
C11orf48	102288414
TACC3	10460
PRAC2	100422978
CYC1	1537
PXN	5829
PFN1	5216
RP5-933E2.1	101928298
CIR1	9541
PCDH9	5101
RAB36	9609
CCND1	595
CHST14	113189
CUEDC1	404093
TCHHL1	126637
WDR26	80232
ZNF23	7571
TMEM86A	144110
ALG10B	144245
CYP4V2	285440
LOX	4015
GIGYF2	26058
POP1	10940
SLC30A3	7781
VBP1	7411
TCHH	7062
PLOD2	5352
KLHL1	57626
ARAF	369
C15orf57	90416
ROR1	4919
IGSF22	283284
SH3BP1	23616
RPTN	126638
BACE1	23621
CHMP2A	27243
CTDSPL2	51496
RAMP2	10266
PEX10	5192
GRM3	2913
HRNR	388697
SHARPIN	81858
RCVRN	5957
METTL12	751071
SPDEF	25803
PPP3CC	5533
ENO3	2027
BMP2K	55589
NDUFB4	4710
UBE2U	148581
BRPF3	27154
UBE2M	9040
SFTA1P	207107
FLG	2312
CCDC64B	146439
PRKG1	5592
ADIPOQ	9370
DACH1	1602
SLC6A16	28968
AKIP1	56672
SYN1	6853
OLR1	4973
MIR4523	100616122
TADA2A	6871
ORAOV1	220064
CNNM2	54805
ATP5A1	498
C6orf106	64771
TIMM21	29090
C11orf83	790955
PDXP	57026
RAB39B	116442
FLG2	388698
MMP25	64386
CLIC2	1193
LGALS1	3956
CACHD1	57685
VPS25	84313
PAX5	5079
TIMP1	7076
NIPAL2	79815
CRNN	49860
DGUOK	1716
ZNF19	7567
C21orf2	755
RGS10	6001
UBXN1	51035
C4orf3	401152
CYB5A	1528
LCE5A	254910
H2AFB2	474381
MZT1	440145
NOL12	79159
PTPN5	84867
ZAP70	7535
C11orf16	56673
CNIH3	149111
CRCT1	54544
RP1-62O9.3	124871
FABP2	2169
GAS7	8522
LCE3E	353145
MIR4797	100616216
BORA	79866
BCR	613
DLG1-AS1	100507086
LCE3D	84648
CFP	5199
UGDH	7358
FAM220A	84792
FOXA3	3171
FGFR3	2261
RP13-616I3.1	100129516
LCE3C	353144
IRF2BP1	26145
PLCH2	9651
KIAA0355	9710
EIF3J	8669
STK3	6788
LCE3B	353143
TMLHE	55217
MYPOP	339344
RPUSD2	27079
FUS	2521
NANOS2	339345
ERC1	23085
AC024560.3	220729
LCE3A	353142
KIAA1324L	222223
EFCAB5	374786
NOVA2	4858
LCE2D	353141
RAVER2	55225
ERAP1	51752
ELK1	2002
LCE2B	26239
ASCL3	56676
SPATA7	55812
MZF1	7593
LCE2C	353140
C18orf63	644041
LCE2A	353139
MYO1B	4430
TRIOBP	11078
ZCCHC7	84186
RP11-496H1.2	101930159
MIR922	100126321
SRPX2	27286
CYP27A1	1593
C20orf26	26074
LCE4A	199834
FAM69C	125704
UXT	8409
WASH5P	375690
MICU1	10367
CASC5	57082
TET3	200424
CD37	951
C1orf68	100129271
ARID1A	8289
FGF19	9965
PAQR3	152559
JAK1	3716
DIS3	22894
ST6GAL1	6480
KPRP	448834
TRPM2	7226
ZNF81	347344
FAM138F	654835
LCP2	3937
FGF4	2249
LCE1F	353137
CHD8	57680
LRRN4CL	221091
PDE5A	8654
LCE1E	353135
GPI	2821
TMEM8C	389827
LCE1D	353134
ELMOD3	84173
ZNF182	7569
HGD	3081
SYTL4	94121
LCE1C	353133
ALAS1	211
RP11-1079K10.5	101927207
RP5-1029K10.2	100288866
KCNS2	3788
LCE1B	353132
CPNE8	144402
ANKRD18DP	348840
H1F0	3005
LCE1A	353131
DNAH14	127602
PGM3	5238
ADAMTSL2	100996396
LCE6A	448835
PYCARD	29108
C10orf120	399814
ZNF630	57232
OSR2	116039
SMCP	4184
GCAT	23464
PHF8	23133
CNDP2	55748
TMEM52B	120939
GRHPR	9380
C6orf195	154386
BOLA3	388962
MRGPRX1	259249
TPPP	11076
MRGPRX2	117194
HAUS1	115106
AK4	100507855
TRIM72	493829
RTL1	388015
ANO1	55107
FAM163B	642968
PIBF1	10464
IVL	3713
CUZD1	50624
SPACA5	729201
NAA11	84779
AMD1	262
SMIM14	201895
MYLK4	340156
PYDC1	260434
RDH12	145226
DBH	1621
GK2	2712
DIO3	1735
GPR119	139760
GALR3	8484
ZDHHC13	54503
SPRR4	163778
BSCL2	26580
INSM1	3642
SSX5	10214
NT5C2	22978
RBMX2	51634
RABL3	285282
LRCH4	4034
SPRR1A	6698
TLR9	54106
UBE2K	3093
FAM157A	101928670
CEP164	22897
ZDHHC11	79844
SSX1	6756
ITGAM	3684
RP11-1094H24.4	284080
PROSER2	254427
SPRR3	6707
KLF5	688
RAC1	5879
CHST4	10164
MYL12A	10627
ANKRD54	129138
GTF3C6	112495
MOB1A	55233
DCTN2	10540
DNAJC6	9829
MAF1	84232
SPRR1B	6699
RALGAPA2	57186
TAT	6898
ZBTB5	9925
KLF12	11278
LINC00710	254312
SPRR2D	6703
ZCCHC8	55596
SSX4	548313
NPC1L1	29881
RAD51	5888
CSTF2	1478
CELF2-AS2	439950
SPRR2A	6700
MYL12B	103910
GABARAPL1	23710
CELF2-AS1	414196
PRKAG3	53632
KCNIP1	30820
MARVELD3	91862
ZNF474	133923
LBR	3930
POLR1E	64425
SPRR2B	6701
RP11-138I18.1	439951
EIF4E3	317649
PROSER2-AS1	219731
SPRR2E	6704
WNK4	65266
PANK4	55229
ANTXR2	118429
SPRR2F	6705
SARDH	1757
MTHFD2	10797
SPRR2G	6706
MARCH7	64844
SPRY3	10251
LELP1	149018
EIF3L	51386
MIA2	117153
QTRT1	81890
PIGV	55650
PRR9	574414
CASC3	102466986
KLKB1	3818
PDS5A	23244
TBC1D4	9882
TGIF1	7050
VEZF1	7716
TEAD2	8463
ENAH	55740
C18orf25	147339
VAMP7	6845
LOR	4014
CDC23	8697
DAGLB	221955
RPF2	84154
LEPR	54741
CELF6	60677
AC092299.8	101930218
SORBS3	10174
SIRT4	23409
PPP2R5C	5527
MAFG	4097
SLC38A5	92745
ZDHHC18	84243
PGLYRP3	114771
HES5	388585
FBXO10	26267
PHLPP2	23035
SORBS1	10580
RNF165	494470
CHFR	55743
SRSF1	6426
RP11-407N17.3	4253
MIR4745	100616459
MIR3187	100422854
PGLYRP4	57115
KLC4	89953
TNFRSF14	8764
CSRP3	8048
SYT15	83849
CPSF3	51692
FAM203A	728071
F11	2160
IL32	9235
CIRBP-AS1	148046
PMCH	5367
KCNMB1	3779
SRP9	6726
ZFYVE26	23503
PLXNC1	10154
LRRC3	81543
MICALL1	85377
ITGAX	3687
TOMM5	401505
DSCAML1	57453
TSPEAR	54084
DKKL1	27120
EPHX1	2052
SPG11	80208
S100A9	6280
EEF1B2	1933
PYCR1	5831
AC005256.1	101928518
HTR4	3360
MIR1909	100302210
COMMD6	170622
CTB-31O20.4	100288123
S100A12	6283
MTNR1A	4543
GABRP	2568
FTSJ1	24140
PDCD2L	84306
FADD	8772
CSNK1G2-AS1	255193
E2F8	79733
KRTAP10-1	386677
KRTAP10-2	386679
MIR1227	100302283
MIR4321	100423031
KRTAP10-3	386682
FRMPD1	22844
KRTAP10-4	386672
S100A8	6279
PLA2G1B	5319
RAB2B	84932
KRTAP10-5	386680
GFRA3	2676
KRTAP10-6	386674
VAV2	7410
UCHL3	7347
NOX1	27035
RSRC2	65117
TMEM63A	9725
KRTAP10-8	386681
KIF21A	55605
KRTAP10-9	386676
FAT1	2195
LOXHD1	125336
KRTAP10-10	353333
C22orf23	84645
WNT2	7472
S100A7A	338324
KRTAP10-11	386678
MSI1	4440
KRTAP12-4	386684
LETM1	3954
KRTAP12-3	386683
KRTAP12-2	353323
SFN	2810
KRTAP12-1	353332
KRTAP10-12	386685
PDE4B	5142
CXCR6	10663
SLC16A10	117247
GPN2	54707
CCDC155	147872
S100A7L2	645922
RWDD2A	112611
GALNTL5	168391
XCR1	2829
GTF2E1	2960
S100A7	6278
UBE2G2	7327
ZNF366	167465
GALNT15	117248
TRMT10B	158234
CEBPD	1052
UPF2	26019
POLR2F	5435
PPFIA1	8500
WRNIP1	56897
VIT	5212
GPATCH3	63906
RP11-287D1.3	57835
ZFP42	132625
CCR3	1232
S100A6	6277
KIAA1919	91749
ME1	4199
CD302	9936
ASZ1	136991
TRIML2	205860
HEXA	3073
VPS13B	157680
DNM2	1785
PORCN	64840
S100A5	6276
COX6A1	1337
NUDC	10726
LEFTY1	10637
AP1G1	164
SOX10	6663
GNG3	2785
GPRIN2	9721
EXOSC3	51010
BRD3	8019
TOX4	9878
NPY4R	100996758
TRIML1	339976
HNRNPUL2	221092
TMEM131	23505
S100A4	6275
IL9R	3581
PLSCR4	57088
PYCR2	102466270
WNT6	7475
CSTF2T	23283
DDX56	54606
TWF2	11344
DKK1	22943
TTC9C	283237
DCAF10	79269
CDC25C	995
FXYD2	486
WNT10A	80326
DYNLL2	140735
WDR5	11091
ZBTB3	79842
OR4D1	26689
CNDP1	84735
PICK1	9463
OR4D2	124538
SNCAIP	9627
PRKDC	5591
MAD2L1	4085
SAP25	100316904
CDK5R2	8941
EPX	8288
KDELR2	11014
S100A3	6274
FEV	54738
RANBP17	64901
POLR2G	5436
OR4F21	441308
MBL2	4153
SLC25A51	92014
SPAG7	9552
TNPO1	3842
ADRB2	154
WHSC1	7468
NR0B2	8431
DLGAP1	9229
STXBP5L	9515
ZSCAN10	84891
RAPGEFL1	51195
LMO7	4008
RXRA	6256
C1orf172	126695
SHB	6461
SERPINB1	1992
DPH3	285381
TRNP1	388610
LEFTY2	7044
MIR3690	102465681
S100A2	6273
ALDH1B1	219
FAM213B	127281
ZNF596	169270
TAF6L	10629
FAM46B	115572
SGIP1	84251
IGFBPL1	347252
NSRP1	84081
ZNF407	55628
SDE2	163859
ZDHHC11B	653082
ITGAD	3681
ZACN	353174
OXNAD1	92106
ZNF205	7755
SLC16A8	23539
FBXO24	26261
CCR1	1230
AC005624.2	101928602
ANKRD18A	253650
PRDM5	11107
SLC9A1	6548
SH3TC2	79628
CCR2	729230
BAIAP2L2	80115
S100A16	140576
TMEM223	79064
COL5A1	1289
CCR5	1234
MIR548AK	100616488
MYH13	8735
UBA2	10054
COX6A2	1339
AC005264.2	100996351
MIR4480	100616151
MIR548Q	100313841
FBXO25	26260
TMEM179B	102465448
ZNF213	7760
GPR1	2825
ZNF843	283933
ZADH2	284273
S100A14	57402
IWS1	55677
CCRL2	9034
CCDC41	51134
MMEL1	79258
GPR27	2850
GRID2IP	392862
CACTIN-AS1	404665
IGF1	3479
ACBD3	64746
ZDBF2	57683
TSHZ1	10194
BRD9	65980
ASMTL-AS1	80161
CASP16	197350
FXYD6-FXYD2	100533181
ARMC5	79798
RP11-397C18.2	101928453
XRN2	22803
GALNT11	63917
MIR4293	100422843
TCTEX1D1	200132
PTPN21	11099
MIR1265	100302116
CSRNP2	81566
OR1F1	4992
S100A13	6284
CD99P1	401577
C13orf45	729420
CNTNAP3	101927068
PATL2	197135
MIXL1	83881
PTTG1IP	754
KCTD12	115207
INSL5	10022
LINC00102	100359394
EBP	10682
CRYBA2	1412
IRG1	730249
PPIAP30	100192204
PLA2G6	8398
ENOX2	10495
ADAM23	8745
XKRX	402415
WTIP	126374
CLN5	1203
ZNF200	7752
METTL3	56339
PROK2	60675
C18orf42	642597
S100A1	6271
FCN2	2220
VIM-AS1	100507347
PDLIM2	64236
LY75	100526664
SMIM21	284274
NXF1	10482
SCGB2B2	284402
FBXL3	26224
LTF	4057
PRSS35	167681
ST8SIA6-AS1	100128098
ZBTB14	7541
COA3	28958
TBC1D25	4943
FXYD6	53826
N4BP2	55728
FCN1	2219
LIN9	286826
DMTF1	9988
ZNF516	9658
WIPF2	147179
CFTR	1080
SLC39A12-AS1	100129213
IAH1	285148
WDR78	79819
ZNF302	55900
SPATA31A1	647060
TGFB1I1	7041
C2orf61	285051
CTTN	2017
PRDM8	56978
SPATA31A2	642265
SERPINB9	5272
B2M	567
ARL13A	392509
CHTOP	26097
OLFM1	10439
TDRP	157695
ANXA8L1	653145
NKX2-4	644524
AC217778.1	101930430
RP11-707P20.1	101928201
NKX2-2	4821
CAMTA2	23125
SPATA31A3	727830
ATXN1L	342371
MEFV	4210
SNX2	6643
ERICH1	101927618
PAX1	5075
RPEL1	729020
RPL39L	116832
REV3L	5980
STRN	6801
MCU	90550
FAM120C	54954
MAFF	23764
ZDHHC4	55146
INA	9118
NDNF	79625
ARHGAP36	158763
ZNF181	339318
ZNF658	26149
FOXA2	3170
C9orf62	157927
PLSCR2	57047
ZNF876P	642280
SSTR4	6754
PARP1	142
PCGF6	84108
WDTC1	23038
MIR637	693222
SNORD37	26812
THBD	7056
RP11-17M16.1	400658
NAV2	89797
GALR2	8811
TFCP2	7024
MIR571	693156
TRMT2B	79979
DLGAP2	9228
TMEM202	338949
SPATA31A4	642629
TMEM184B	25829
PPP1R26	9858
ZNF263	283876
MIR4746	100616371
FGF5	2250
PAH	101929036
TMED1	11018
CD93	22918
TTC34	100287898
TMCC3	57458
ABCA11P	79963
SNAPIN	23557
C9orf116	138162
ACTRT2	140625
WNK3	65267
SPATA31A5	727905
ITGB2	3689
MIR7-3HG	284424
ARIH1	25820
C19orf38	255809
TIGD7	91151
ANKRD20A2	441430
RYBP	23429
MRPS2	51116
RBM3	5935
TRIAP1	51499
RFTN1	23180
MIR7-3	407045
RP11-1191J2.2	101928521
MYH8	4626
ZNF75A	7627
GATC	283459
RP11-440L14.1	100129917
HEATR5B	54497
ZNF236	7776
MRPL2	51069
SHQ1	55164
CNTD1	124817
AC139887.4	101930019
RHOH	399
MYCBP2	23077
CARM1	10498
LCN1	3933
SRSF9	8683
OR2C1	4993
TMPRSS13	84000
CLN8	101927714
NXT1	29107
NAA60	79903
KLRD1	3824
IST1	9798
C1orf95	375057
IGSF1	3547
VWA3B	200403
OBP2A	29991
CHRNA9	55584
RTP1	132112
GZF1	64412
MTRNR2L4	100463285
PRDM16	63976
PCOLCE	5118
MIR4770	100616373
CSNK1E	1454
POLQ	10721
NELFA	100126332
ITPKB	3707
C7orf26	79034
ILF2	3608
YIPF2	78992
CDC6	990
ZSCAN32	54925
NABP1	64859
TNIP3	79931
NAPB	63908
PPM1M	132160
TRIM69	140691
PAEP	5047
RBM47	54502
KCNJ13	3769
STX5	6811
TMEM222	84065
SALL2	6297
POU6F1	5463
NDUFA12	55967
DYNLL1	8655
C2orf82	389084
EXOC7	23265
C4orf22	255119
SLC5A2	6524
ARGFX	503582
FOXD4L2	100036519
C8orf58	541565
ARHGEF10	9639
FBXO40	51725
DAZL	1618
KMT2C	58508
GLT6D1	360203
PSEN2	5664
ZNF174	7727
GOLGA6B	55889
KCNJ4	3761
MIER1	57708
RP11-354E11.2	101928834
LCN9	392399
TMEM35	59353
MYH4	4622
MASP1	5648
MIR4767	100616467
KDELR3	11015
BMP3	651
MYADML2	255275
ZNF599	148103
MIR651	723779
SOHLH1	402381
MIR4675	100616383
ZNF597	146434
ZNF853	54753
TMED11P	100379220
NGEF	25791
COQ5	84274
NOTUM	147111
KLRC4-KLRK1	22914
CTBP1-AS2	92070
MIR4747	100616337
RARA	5914
SNAP91	9892
IL10RA	3587
TINCR	257000
SPATA31A6	389730
SHANK2	22941
RP11-1398P2.1	100507054
PCDH15	65217
EPB41L3	23136
PRKG2	5593
ZNF30	90075
AC024592.9	101928844
PTH2	113091
SCARNA22	677770
CTC-232P5.1	100128568
CTC-232P5.3	101928872
GFY	100507003
C16orf58	64755
MIR4800	100616358
RP11-120D5.1	101928302
HCLS1	3059
SERPINB6	5269
TAF5	6877
MIR548AX	100847063
QRFPR	84109
DDX17	10521
MIR3940	100500888
SLC17A7	57030
MCM4	4173
CNTNAP3B	101929869
OR10G3	26533
ZNF792	126375
OR10G2	26534
WDR82	80335
NOP14-AS1	317648
TLX3	30012
CCAR2	57805
ADCK3	56997
BBS4	585
MBP	4155
HTT-AS	100750326
ZC3H14	79882
SYTL1	84958
PLCL2	23228
TMED4	222068
WDR13	64743
RP3-513G18.2	100133461
COX6C	1345
WDR74	54663
TUBB8	643224
OIT3	170392
AGAP10	728127
ANXA5	308
GLYCTK	132158
C19orf52	90580
KCNT1	57582
GRAMD1A	57655
OR4E2	26686
NIM1K	167359
ZMYND11	10771
NR2C1	7181
DAZAP2	9802
ARHGEF16	27237
NPM1	4869
PIH1D1	55011
ANTXRL	195977
PTK7	5754
NQO2	4835
RASGEF1B	153020
HMGCS1	3157
ZNF12	7559
SLC6A4	6532
KLRK1	100528032
DMC1	11144
EMR4P	326342
FAM53C	51307
C16orf90	646174
RP11-1137G4.4	497049
ASPSCR1	79058
TMPRSS4	56649
CSTL1	128817
SLC35D1	23169
FAM207A	85395
NPR1	4881
TSR2	90121
PLA2G12B	84647
SCEL	8796
CST11	140880
SPATA31A7	26165
TLR8-AS1	349408
OGDH	4967
KBTBD11	9920
CTD-3193O13.10	388499
KLRC4	8302
MEGF6	1953
C4orf48	401115
CST8	10047
CTTNBP2	83992
CENPI	2491
GS1-600G8.3	100093698
ZNF605	100289635
FAM227A	646851
CST9L	128821
C15orf43	145645
GPATCH11	253635
CST9	128822
FGD1	2245
C1orf141	400757
CLUAP1	23059
ALDH16A1	126133
ANKRD20A1	84210
CST3	1471
RNF10	9921
SORD	6652
TBC1D5	9779
CST4	1472
ZNF821	55565
CAMSAP1	157922
RGS22	26166
RAD51B	5890
NSUN7	79730
CCL28	56477
GJD3	125111
STX18-AS1	100507266
RP11-195B21.3	101059935
CBY1	25776
NAT8L	339983
CST1	1469
NEU2	4759
FOXD4L6	653404
P4HA1	5033
CST2	1470
MOSPD3	64598
MIR378D1	100616201
RP11-586D19.1	285484
CST5	1473
TOP2A	7153
PLSCR1	5359
MKS1	54903
TOMM22	56993
SLC3A2	6520
ADARB1	104
IL23R	149233
RP11-539L10.3	100507376
DHCR7	1717
AC093323.3	93622
POLN	353497
GXYLT2	727936
SYNDIG1	79953
CCDC108	255101
RP11-142G7.2	100133123
JOSD1	9929
DUOX2	50506
DRP2	1821
DYNC1H1	1778
FLT3LG	2323
SLAIN1	122060
WAS	7454
PLA2R1	22925
NEBL-AS1	100128511
SCN1B	6324
UBAC1	10422
MAP3K6	9064
KDM3B	51780
RNU6-15P	100302741
MIR1915	100302129
ADPGK	83440
PPP4R2	151987
WNT5B	81029
SDPR	8436
OR13H1	347468
INPP5D	3635
CA5BP1	340591
GTPBP1	9567
NLRC3	197358
ADAM17	6868
TPRG1L	127262
RTP3	83597
MST4	51765
DHODH	1723
TRIP13	9319
DBX1	120237
RP11-539L10.2	339988
NACC2	138151
DNAH1	25981
MYO7B	4648
CST7	8530
TMEFF2	23671
RP11-367J11.2	100129931
LRRC2	79442
GNL3L	54552
RP11-367J11.3	730971
TMEM155	132332
DUOXA2	405753
MIR4798	100616471
RSPH10B2	728194
USMG5	84833
MIR4274	100422826
AFAP1-AS1	84740
EIF2AK2	5610
MIR95	407052
CAPG	822
C9orf69	90120
EDNRB	1910
HTATIP2	10553
WRAP73	49856
APMAP	57136
SMARCA4	6597
FCN3	8547
LHX3	8022
RP11-1338A24.1	101928532
TFR2	7036
HPN	3249
RAB11B-AS1	100507567
FBXL14	144699
MIR548AM	100616428
MIR4999	100847049
RIPK1	8737
TMEM200C	645369
DYTN	391475
IL12RB2	3595
KIF5A	3798
ADIPOR2	79602
INTS3	65123
MYH1	4619
CD164L2	388611
PDCD11	22984
SLX4	84464
SCN4B	6330
ANXA8L2	728113
RP11-573G6.6	100130992
DUOXA1	90527
TDGF1	6997
POU4F1	5457
CDC42BPA	8476
L3MBTL4	91133
MDH1B	130752
HNRNPD	3184
BIN3	55909
TRAF3IP2	10758
TXNL4B	54957
RPL13A	23521
MIR1254-2	100616217
RNF219	79596
GPR3	2827
BECN1	8678
CTD-2623N2.11	100996288
SUN2	25777
SNX24	28966
WASF2	10163
C3P1	388503
SMAGP	57228
DNASE1	1773
APBB2	323
LPO	4025
NADSYN1	55191
MIR5589	100847093
INCA1	388324
SNORD105	692229
DNLZ	728489
SNORD105B	100113382
C5orf28	64417
GALR1	2587
MIR4322	100422925
SERBP1	26135
USP17L9P	391627
CHRM1	1128
C18orf64	100130480
USP17L6P	391622
MIR4768	100616249
FGD6	55785
RP1-60N8.1	101928389
NHS-AS1	100873920
NEO1	4756
RBM26	64062
NKD2	85409
MIR603	693188
MIR1181	100302213
SCN2B	6327
SALL3	27164
BLMH	642
ANKRD20A4	728747
C5orf34	375444
ABCD2	225
MIR548I2	100302277
CARD9	64170
GPR158-AS1	100128811
GOLGB1	2804
EBLN2	55096
KLRC3	3823
RP11-128B16.3	101929117
LINC00264	645528
SLC22A6	9356
HAUS3	79441
FRMD7	90167
HP	3240
PRMT3	10196
FOXD4L5	653427
FCHO2	115548
ARHGAP28	79822
BPHL	670
KLRC2	3822
SATB1	6304
AMICA1	120425
ITIH6	347365
SLC39A10	57181
EXOSC9	5393
PDZRN3	23024
SNAPC4	6621
IGFBP4	3487
DNAL4	10126
FBXO43	286151
KNTC1	9735
ABLIM3	22885
MXD4	10608
DHTKD1	55526
YWHAQ	10971
AHSP	51327
GADD45A	1647
NPTXR	23467
POLR2K	5440
ATP9B	374868
NDFIP2	54602
KLRC1	3821
TNS4	84951
CSMD1	64478
CBX6	23466
MIR1238	100302226
GNG12	55970
RAP2C	57826
ILF3-AS1	147727
MIR638	693223
TRAP1	10131
MIR4748	100616425
MIR199A1	406976
MYH2	4620
ZNF720	101928852
DIRAS3	9077
ZNF678	339500
LINC00202-2	731789
ACSS1	84532
RPS11	84546
NUDT13	25961
SDCCAG3	10807
PPIC	5480
AHDC1	27245
PLSCR5	389158
SPRY2	10253
SPAG1	6674
ZFP36L1	677
MAGED2	10916
FASTKD2	22868
C12orf40	283461
ZNF833P	401898
SLITRK1	114798
POFUT2	23275
SULT6B1	391365
SNAP47	100130093
SLITRK6	84189
ASCL1	429
LINC00202-1	387644
APOBEC3B	9582
SLC27A3	11000
SLC6A5	9152
ITGB6	100505984
ZNF267	10308
TMEM243	79161
SLITRK5	26050
TP73	7161
PRDM6	93166
GPC5	2262
CTD-2006C1.2	101928464
PIP4K2C	79837
CACNA2D4	93589
APOBEC3C	27350
MIR23C	100500809
KIF1C	10749
JMJD4	65094
FGR	2268
TP53TG3D	729355
GPC6	10082
ATG16L1	55054
VSX1	30813
WLS	79971
PHEX-AS1	100873942
RP11-40F8.2	100873065
LRRC37A6P	387646
APOBEC3D	140564
REEP2	51308
SH2D6	101928082
PRSS38	339501
FXYD3	5349
PMPCA	23203
SLC22A8	9376
WNT9A	7483
MIR3138	100423011
IHH	3549
ZFYVE28	57732
GATAD2B	57459
APOBEC3F	200316
TAF7L	54457
DCT	1638
WNT3A	89780
FCGRT	2217
SLC2A13	114134
BIN2	51411
C12orf42	374470
MBNL3	55796
NHEJ1	79840
ZIC4	84107
LAMA1	284217
MIR572	693157
APOBEC3G	60489
ZFX-AS1	100873922
ARF1	375
MPZL3	196264
CNGA3	1261
TGDS	23483
MPO	4353
CTD-2666L21.1	100289333
RP11-168E17.1	101929019
DCTN1	1639
ACTL6B	51412
KRTAP5-7	440050
INPP5E	56623
EFCAB1	79645
KRTAP5-8	57830
EGR3	1960
CEP120	153241
KRTAP5-9	3846
SUV39H1	6839
KRTAP5-10	387273
APOBEC3H	164668
MIR5091	100847023
KRTAP5-11	440051
IFI6	2537
DUOX1	53905
RPE65	6121
NAA38	51691
GPR180	160897
RP11-341G5.1	101929071
PEBP4	157310
LGI4	163175
ZNF140	7699
DENND4B	9909
SLC22A24	283238
CNTN3	5067
LINC01085	152742
CALHM2	51063
KCNH8	131096
SOX21	11166
TIMM8A	1678
FAM86C1	55199
CBX7	23492
ANKRD7	56311
C1orf35	79169
CREBBP	1387
NELL1	4745
TAF1B	9014
CPO	130749
GLOD5	392465
RHOBTB2	23221
VEZT	55591
PAIP1	10605
GATA1	2623
SLC22A10	387775
SLC52A1	55065
DEFB108B	245911
SLC12A7	10723
C1GALT1	56913
MPZL2	10205
PDGFB	5155
KLF7	8609
HPR	3250
BTK	695
BZRAP1	9256
SCARNA23	677773
RP11-748L13.6	101929180
DEPDC1	55635
HNRNPDL	9987
IQCB1	9657
RP11-360I20.2	101929202
SNORD41	26810
LDLR	3949
MIR5684	100847071
FGF18	8817
ACTN1	87
ENTPD6	955
RBMS1	5937
EGR1	1958
TMIGD1	388364
CCNA2	890
CD3E	916
SMIM23	644994
CCDC27	148870
CPEB2-AS1	441009
ABCC4	10257
RCN3	57333
COL28A1	340267
FOXJ1	2302
FBXO33	254170
LRRK2	120892
ETF1	2107
DHX38	9785
VENTXP1	139538
DNAH7	56171
RNF4	6047
TAPT1-AS1	202020
CPD	1362
RNF157	114804
SNAI2	6591
RNF121	55298
SEC61A2	55176
NOSIP	51070
SEC16A	9919
ADCY9	115
MAT2A	4144
FBXW11	23291
FAM76A	199870
CRTC2	200186
SLC23A3	151295
C8orf22	492307
COL18A1	80781
INPP4A	3631
MRPL55	128308
HSP90AA1	3320
TMEM171	134285
RPL3	116936
SHCBP1	79801
RNF19A	25897
LRRC7	57554
ALS2CL	259173
EFHB	151651
SRL	6345
HDAC6	10013
SMIM1	388588
STRA13	201254
ANO5	203859
CD3D	915
BBS7	55212
NFATC1	4772
HCN4	10021
LRRC47	57470
DTX3	196403
SNTG1	54212
RP11-576E20.1	101929123
TFAP4	7023
GGCX	2677
C15orf60	283677
NNT	23530
CREB1	1385
CLDN10	9071
WAC-AS1	220906
GNB2	2783
SLC17A6	57084
ANKRD46	157567
SLIT2-IT1	100505893
CALHM1	255022
LINC00837	100507605
CD3G	917
MIR218-1	407000
ZIC1	7545
AFAP1L1	134265
KCND2	3751
TRO	7216
TUBB2A	7280
RP11-478H13.3	101929218
CALHM3	119395
VPS35	55737
CCR7	1236
FXYD1	5348
TMEM174	134288
GLIS2	84662
FANCF	2188
CEP104	9731
C9orf163	158055
SRF	6722
XRCC2	7516
LRRC40	55631
DAD1	1603
TSPAN12	23554
FRG2C	100288801
NOTCH1	4851
CEBPZ	10153
SNX31	169166
NPTN	27020
DZIP1	22873
GAS2	2620
PAM16	51025
STX12	23673
LRRC30	339291
RTP4	64108
SMEK3P	139420
ABHD4	63874
ZFP3	124961
PTCHD3P1	387647
CELA1	1990
CROT	54677
FXYD7	53822
SST	6750
GRHL1	29841
AL603965.1	100996760
ENOPH1	58478
ZNF232	7775
HCAR1	27198
LRFN5	145581
PRRG2	5639
HCAR2	338442
HCAR3	8843
MIR573	693158
UCHL1	7345
RAB5A	5868
GALNT6	11226
EGFL7	51162
FSCB	84075
CORO7-PAM16	100529144
TMEM150C	441027
DENR	8562
C14orf28	122525
DNAJC3	5611
STYK1	55359
SHF	90525
UBE4A	9354
PRR12	57479
FYN	2534
FXYD5	53827
ZNF717	100131827
IL18BP	10068
SPC24	147841
ZNF891	101060200
EPCAM	4072
SUPT4H1	6827
CNPPD1	27013
SRSF11	9295
PTPRM	5797
AGPAT2	10555
SVIP	258010
LIMS2	55679
SYNGR1	9145
MIOS	54468
MIR4666B	100847047
CSNK1G3	1456
MTRNR2L5	100463289
NEURL1	9148
GUK1	2987
CD276	80381
TNFRSF10B	8795
RRAS	6237
SLC39A1	27173
HSPA9	3313
MIR3915	100500915
MIR548F5	100302239
ZWINT	11130
ECD	11319
MCPH1	79648
AGTR1	185
CCDC179	100500938
SLC28A2	9153
UGGT2	55757
FOXD1	2297
FAM69B	138311
PABPC1	26986
PPP1R8	5511
MYH3	4621
KANK2	25959
TAB1	10454
LUZP2	338645
PP2D1	151649
BTF3	689
ZMIZ2	83637
DFFB	1677
ROBO2	6092
TRPC3	7222
LCN10	414332
ABCB4	5244
ARHGEF25	115557
POP5	51367
KAT2B	8850
PMFBP1	83449
SCAF1	58506
PXDNL	137902
MGAT3	4248
GATM	2628
ANGPT2	285
PYGB	5834
RP11-415C15.2	101929199
CCDC62	84660
LCN6	158062
STK10	6793
ANKRD13C	81573
UBALD2	283991
ORC6	23594
ATP5L	10632
SLC19A1	101928717
MIEF1	54471
LCN8	138307
ING3	54556
ZNF10	7556
TMEM252	169693
RPL36A	100529097
HS6ST3	266722
SH3PXD2A	9644
LCN15	389812
QRICH2	84074
FAM187B	148109
SCD5	79966
OXGR1	27199
GRPEL2	134266
AGPAT5	55326
ACTR3B	57180
EFCAB9	285588
C15orf59	388135
HHLA3	11147
YBX3	8531
RAB12	201475
KLHL28	54813
TMEM141	85014
CUL9	23113
UBTD2	92181
THEMIS2	9473
ATF4	468
OXA1L	5018
RIPPLY2	134701
CTDP1	9150
HS6ST2	90161
SLC6A19	340024
CORO7	79585
PIP5K1B	8395
PCMTD1	115294
TBC1D21	161514
EAF2	55840
GJC2	57165
DEFB1	1672
SH3PXD2B	285590
IBA57-AS1	574432
MBNL2	10150
DEFA6	1671
IBA57	200205
RNF43	54894
CCDC183	84960
DEFA4	1669
IRF3	3661
LRRC45	201255
FAM134A	79137
DEFA1	728358
LOXL1	4016
LSR	51599
ALDH18A1	5832
CD79B	974
USP6	84669
CTH	1491
PSME3	10197
RPS19BP1	91582
DEFA3	1668
SLC15A2	6565
FAM179B	23116
BAP1	8314
FAM122A	116224
PCBP3	54039
DEFA5	1670
SPATA5L1	79029
SAG	6295
VAMP8	8673
RP11-240A16.1	101927363
PRKACG	5568
DOCK6	57572
RAP2A	5911
FAM193A	8603
ZNF705G	100131980
RP11-79E3.3	101928622
ANKRA2	57763
DEFB4B	100289462
FXN	2395
PCYOX1L	78991
CPB1	1360
DEFB103B	414325
IPMK	253430
ABHD12	26090
SLC6A18	348932
CABP1	9478
RP11-87M18.2	101928627
RPA3	6119
KCNG2	26251
MIR604	693189
MIR938	100126327
RP11-431M7.3	439933
HSF5	124535
SPAG11B	653423
RP11-103J17.2	100508631
VAMP5	10791
CYB5R4	51167
RABL6	55684
PQLC1	80148
MIR4801	100616435
TMIE	259236
FGF10	2255
NUMA1	4926
ERAS	3266
ZFHX3	463
NEURL1B	54492
STK17B	9262
PCSK1N	27344
PPIA	101060363
PTGER3	5733
FAM25G	414155
DEFB104B	503618
DUSP1	1843
GIGYF1	64599
IL17B	27190
ABCB1	5243
DEFB106B	503841
KMT2A	4297
C16orf47	388289
TANK	10010
CREB3L4	148327
MYLK3	91807
DEFB105B	504180
C15orf48	84419
GOSR1	9527
METTL21A	151194
HIP1R	9026
WDR20	91833
PSMD7	5713
ZNF268	10795
ANO3	63982
TNFRSF10C	8794
STOML1	9399
C9orf172	389813
SLC30A4	7782
ERGIC1	57222
TIMM17B	10245
PHPT1	29085
SOGA2	23255
SMARCE1	6605
PRPF39	55015
C16orf87	388272
ZFAND2B	130617
TNFRSF10D	8793
HSBP1L1	440498
PRPSAP1	5635
SVILP1	645954
VASN	114990
ZRANB2	9406
OBFC1	79991
DEFB107B	503614
CACNA1I	8911
TXNL4A	10907
MAMDC4	158056
RTP2	344892
PRR23D1	100133251
TNFRSF10A	8797
GPT2	84706
USF2	7392
IPO5	3843
GINS1	9837
MUC15	143662
SLC26A10	65012
WISP3	8838
TJP2	9414
CPED1	79974
RAC3	5881
NDUFV2	4729
TUBB2B	347733
PRSS50	29122
EML5	161436
DNAJA3	9093
PRSS46	100287362
HECW2	57520
EDF1	8721
SLC5A12	159963
MRPS30	10884
C19orf80	55908
PRSS45	729756
CHMP7	91782
NEGR1	257194
SGOL1	151648
C1orf174	339448
BLOC1S6	26258
CPA3	1359
PRSS42	339906
RPA2	6118
MTMR4	9110
NPIPB15	440348
FIBIN	387758
AJAP1	55966
BCL6	604
MYL3	4634
GPR17	2840
UTP15	84135
TAS2R7	50837
TAS2R8	50836
TAS2R9	50835
BBOX1	8424
TSPAN16	26526
TRAF2	7186
COL6A1	1291
CTNNA1	1495
LRRIQ3	127255
HCN1	348980
OBSCN	84033
PRR4	100533464
H2AFV	94239
CISD1	55847
DNAJA2	10294
PFKFB1	5207
DGKD	8527
BCL2L12	83596
SMPDL3B	27293
RNF181	51255
DPP6	1804
NPHP4	261734
PQBP1	10084
JTB	10899
TERT	7015
FPGT	8790
NMRAL1	57407
PHF7	51533
RAB3D	9545
KIAA1109	84162
ZNF608	57507
UBE2D1	7321
FBXW5	54461
FAM189A2	9413
PML	5371
CCDC34	91057
RBFA	79863
MLEC	9761
WDR33	84826
MUC19	283463
GLCCI1	113263
TTC36	143941
TNIP2	79155
MRAP2	112609
TMEM205	374882
PTH1R	5745
C2orf81	388963
APBA1	320
ANKRD12	23253
C8G	733
UNC119B	84747
TMEM150A	129303
LGR4	55366
FPGT-TNNI3K	100526835
SLC4A8	9498
ADNP2	22850
KDM4D	55693
DCAF5	8816
FARP1	10160
RP11-83C7.2	101928776
KIAA1009	22832
KDM4E	390245
COA5	493753
RP11-617D20.1	79667
STAB2	55576
PTAR1	375743
WDR54	84058
LCN12	286256
KLF11	8462
NETO2	81831
HMOX2	3163
ZNF705B	100132396
RPL26L1	51121
UNC50	25972
R3HCC1	203069
TAS2R10	50839
TWSG1	57045
SQRDL	58472
PRH1	5554
FKBP3	2287
TAS2R13	50838
C9orf135	138255
C9orf141	101928638
SGK223	157285
CCNYL1	151195
PRH2	5555
RAB13	5872
EMB	133418
CLDN23	137075
PURB	5814
RALBP1	10928
SEMA3G	56920
MFHAS1	9258
LIMCH1	22998
TMEM25	84866
ICA1	3382
ACADS	35
GYG1	2992
POP7	10248
TUBE1	51175
PTGDS	5730
FAM149B1	317662
MAMDC2	256691
HAMP	57817
EPO	2056
PRMT1	3276
TAS2R14	50840
ABCF3	55324
CCDC159	126075
TRIM11	81559
RNF113B	140432
NINL	22981
MYO1G	64005
ERI1	90459
TAS2R50	259296
BEND6	221336
TAS2R20	259295
TAS2R19	259294
APEX2	27301
LRTOMT	220074
TAS2R31	259291
TAS2R46	259292
TAS2R43	259289
TAS2R30	259293
PARD6G	84552
LCNL1	401562
TAS2R42	353164
CDIP1	29965
SPPL3	121665
TCTN3	26123
MAG	4099
C9orf142	286257
ATP6V0E1	8992
SMC5	23137
ROCK1P1	727758
ARHGEF37	389337
TRIM17	51127
SCN4A	6329
STK24	8428
NANP	140838
ROBO1	6091
CLIC3	9022
EXD2	55218
COL6A2	1292
SCO1	6341
ZNF337	26152
C16orf96	342346
LIN7C	55327
B4GALNT1	2583
CREBRF	153222
ZNF488	118738
C1orf173	127254
KLF9	687
XKR8	55113
SEPT4	5414
HIST3H3	8290
FAM182B	101930018
ITFG1	81533
HIST3H2A	92815
UBALD1	124402
MIR548AJ2	100616252
HIST3H2BB	128312
ADPRM	56985
SH3BP2	6452
PRB3	5544
RNF187	149603
MGAT4A	11320
RP11-265P11.2	286442
SLC7A7	9056
RP11-157D23.1	101927449
TNNC1	7134
FRG1B	100134091
FAM229B	619208
MIR3937	100500822
RPS27	6232
FANCM	57697
MIR1587	100616251
BDNF	627
RHOU	58480
CYS1	192668
TMEM220	388335
TBC1D29	26083
SLC15A1	6564
CRYZ	1429
ABCB6	10058
DCXR	51181
SPHK1	8877
RAB4A	10638
EYA3	2140
RTKN	6242
GOLGA6A	653643
ADM5	199800
DKFZP761J1410	64748
RRM2	6241
C17orf72	92340
DEFB115	245929
DEFB116	245930
CD22	933
FZD5	7855
DEFB118	117285
RP11-320G24.1	101927476
LRTM2	654429
ZNF385D	79750
CCSAP	126731
DEFB119	245932
PPP4R1	9989
RBP3	5949
ALAS2	212
RP11-169L17.5	100132831
DNAJC9	23234
NISCH	11188
PLEKHM3	389072
TYW3	127253
MGRN1	23295
ACTA1	58
GLA	2717
NXPH1	30010
CCDC12	151903
MOK	5891
PTAFR	5724
KIAA1586	57691
PSMG4	389362
NDUFA4	4697
TFAM	7019
ISLR2	57611
CRLF3	51379
LHX8	431707
DNAJC8	22826
SLK	9748
DCP1B	196513
UBE2E2	7325
LOXL2	4017
DEFB121	245934
PRB4	5545
DEFB123	245936
NUP210L	91181
CPT1C	126129
DEFB124	245937
PRB1	5542
KCNAB2	8514
BICC1	80114
REM1	28954
NUP133	55746
ZNF451	26036
ABCA2	20
RFWD3	55159
ST18	9705
LAMA4	3910
PRB2	653247
CLPTM1L	81037
MRPL52	122704
SEMA6D	80031
PHKB	5257
ENTHD1	150350
NUDT16L1	84309
IFT46	56912
RUNDC3B	154661
ENTPD4	9583
SLC44A5	204962
MSH2	4436
PSMD14	10213
MLKL	197259
SEC31A	22872
ILDR1	286676
FTCD	10841
PPARGC1B	133522
GRAP2	9402
PPP1R2P9	80316
HNRNPH2	3188
RP3-326I13.1	101927501
HLTF	6596
WNT16	51384
PAGE2B	389860
FA2H	79152
CRYGD	1421
PIRT	644139
ETV6	2120
CRYGC	1420
PAGE2	203569
ARMCX4	100131755
PHF14	9678
CRYGB	1419
FAM3C	10447
NBEAL2	23218
CRYGA	1418
PARP8	79668
USP39	10713
ATPIF1	93974
KIF18A	81930
HM13	81502
FAM83F	113828
TBX18	9096
ABCB10	23456
ICAM2	3384
C2orf80	389073
DOCK9	23348
SHISA6	388336
LAMTOR1	55004
RAB31	11031
SESN2	83667
FAM150A	389658
GALNT16	57452
ANKS3	124401
WDR59	79726
RP11-245M24.1	101927528
RP11-672L10.1	388456
METTL15	196074
SWSAP1	126074
ANHX	647589
TXNDC2	84203
ADD1	118
MIR221	407006
TAF5L	27097
PTPRZ1	5803
ARCN1	372
UBE2E1	7324
MRPS16	51021
IDH1	3417
EPOR	2057
SPATC1L	84221
RB1CC1	9821
C9orf139	401563
KCNA4	3739
FUT7	2529
NT5E	4907
FSHB	2488
URB2	9816
BNIP1	662
TNRC6B	23112
ZAN	7455
ANAPC15	25906
ATAD5	79915
MED18	100996782
NPDC1	56654
ARL14EP	120534
VAPA	9218
NKIRAS1	28512
FFAR1	2864
ACADM	34
BCL2L14	101928224
KIAA1211L	343990
FFAR3	2865
ARHGEF28	64283
MPPED2	744
PHACTR4	65979
CBX3P2	645158
PDE6A	5145
VPS37B	79720
FFAR2	2867
GALNT2	2590
FAM104B	90736
ISLR	3671
ARMCX1	51309
KRTDAP	388533
MMP14	4323
ENTPD2	954
RP13-270P17.2	101927044
RGL3	57139
PHYHIPL	84457
LPP	4026
ARMCX6	54470
C16orf71	146562
CCM2	83605
TRPM3	80036
SLC25A40	55972
SLC25A37	51312
PGBD5	79605
SAPCD2	101928672
RP11-838N2.4	100505592
NDUFAF7	55471
NPBWR1	2831
ADSL	158
SLC22A23	63027
DLGAP1-AS1	649446
DCDC1	100506627
OPRK1	4986
RPL15	6138
MTRNR2L10	100463488
ZNF500	26048
UAP1L1	91373
PAGE5	90737
SLC24A5	283652
USP40	55230
LSS	4047
DNAH9	1770
ARMCX3	51566
COG2	22796
NKX3-1	4824
DLGAP1-AS3	201477
NKX2-6	137814
CHD5	101928723
DLGAP1-AS4	101410534
SEPT12	124404
BAG2	9532
STC1	6781
TSKS	60385
THSD7A	221981
DLGAP1-AS5	284215
TBR1	10716
USP26	83844
STAB1	23166
LRRTM2	26045
MIS18BP1	55320
TFDP3	51270
OS9	10956
MAN1B1	11253
RAB23	51715
RABGGTB	5876
AGT	183
GPC4	2239
ABCB9	23457
UBAC2	337867
NKX2-5	1482
PRKD3	23683
SGSM3	27352
TTC18	118491
OR4F17	81099
ENTPD1	953
APCDD1	147495
AP2A1	160
MYEF2	50804
NUDT5	11164
LRP10	26020
PPAP2C	8612
STC2	8614
CAPN9	10753
SIL1	64374
ADAM28	10863
ATP6V1H	51606
GPR18	2841
PHLDB1	102466719
GPR183	1880
BOD1	91272
NAPG	8774
COL17A1	1308
MIER2	54531
ZNF594	84622
TM9SF2	9375
NR1D2	9975
C1orf198	84886
YWHAZ	7534
DPP7	29952
SCIMP	388325
MSH4	4438
ERH	2079
UBE2O	63893
SMIM22	440335
TPM3	7170
DNAJC24	120526
C2orf48	348738
FOLR3	2352
UGT1A8	54659
ASB17	127247
DIP2C	22982
REM2	161253
MAGEH1	28986
ST6GALNAC3	256435
CLYBL	171425
HPCAL1	3241
USP51	158880
THEG	51298
LINC00526	147525
TSGA10	80705
FOXR2	139628
LINC00667	339290
CD86	942
IMMP1L	196294
TMEM106B	54664
RABEP1	9135
FOLR1	2348
ST6GALNAC5	81849
RRAGB	10325
TMEM2	23670
LRP6	4040
PIKFYVE	200576
GPC3	2719
RP11-945C19.1	645355
ABCC12	94160
ZIC5	85416
MIR3976	100616244
FAM13C	220965
STRA6	64220
POLR2D	5433
ZIC2	7546
RP11-760N9.1	101927150
ARMCX2	9823
KRT222	125113
RFNG	5986
TTC13	79573
CPEB4	80315
RP11-91I8.3	101927168
ROGDI	79641
PIGK	10026
ELP4	26610
CCDC160	347475
LINC00668	400643
FOLR2	2350
ERN1	2081
AASS	10157
GBE1	2632
MFSD10	10227
PAXIP1	22976
RP11-781P6.1	101927188
CTXN2	399697
PHOX2B	8929
PIEZO2	63895
PHF6	84295
RP11-218M22.1	100049716
METAP2	10988
UGT1A10	54575
PCCA	5095
AMMECR1L	83607
SLC39A9	55334
MTRNR2L9	100463487
C2CD4C	126567
ABHD17B	51104
KHDRBS2	202559
MIR3649	100500816
C17orf47	284083
TMEM33	55161
C5orf47	133491
AANAT	15
AK5	26289
KLF8	11279
SHC2	25759
C9orf85	138241
CASR	846
SNX14	57231
INPPL1	3636
FUZ	80199
RCC1	1104
ZNF706	51123
UGT1A7	54577
SLC12A1	6557
C9orf57	138240
TEX2	55852
ARV1	64801
ODF3L2	284451
NOP14	8602
ODC1	4953
GGACT	87769
FAM89A	375061
RGS20	8601
RBM23	55147
AP001468.1	101060037
DBF4	10926
MADCAM1	8174
NSG2	51617
C1orf189	388701
QPCT	25797
MKL1	57591
TEX14	56155
GRHL2	79977
TRIM67	440730
CCDC151	115948
TPRG1	285386
SAP130	79595
ZZZ3	26009
TTC8	123016
RPL22	6146
TEFM	79736
GDA	9615
SCN8A	6334
TMTC4	84899
LGSN	51557
ADAMDEC1	27299
SLC6A3	6531
SLC4A10	57282
TRNAU1AP	54952
KRT24	192666
UGT1A6	54578
ID1	3397
PTP4A1	7803
RP11-789C17.3	100192426
MCM3AP	8888
KRT25	147183
C1orf131	128061
PLEKHD1	101930417
COX4I2	84701
RP11-661O13.1	101927231
RP11-674N23.1	100287082
KRT26	353288
HPRT1	3251
GLYR1	84656
RFPL4B	442247
LINC00940	100271702
RNF207	388591
RP11-143J12.2	101927275
TAF12	6883
UBQLN2	29978
MANSC1	54682
ADAP2	55803
MSX2	4488
GRIN1	2902
BCL2L1	598
SPIN3	169981
KRT27	342574
RP11-692N5.1	101927323
MARCKS	4082
NXF5	55998
PAX6	5080
LOH12CR1	118426
PLAC1	10761
CDC42EP3	10602
RAB42	115273
C2orf68	388969
ZFAND5	7763
CSTA	1475
MCHR1	2847
CCDC177	56936
RP11-243E13.1	101927350
ANXA7	310
AOC2	314
KIAA0247	9766
PRKCSH	5589
GNPAT	8443
GMEB1	10691
CCDC58	131076
C1orf43	25912
PHOX2A	401
RP11-856M7.1	101927410
GRK4	2868
NALCN	259232
LARP4B	23185
TPX2	22974
KCNK12	56660
FEZF1	389549
NCALD	83988
SLC26A2	1836
TPGS1	91978
HDAC2	3066
SLC25A17	10478
DCAF4L1	285429
RHBDF2	79651
TMC1	117531
FAM162A	26355
CDC34	997
EXOC8	149371
SLC30A9	10463
DUT	1854
USP33	23032
THRB	7068
OGFOD2	79676
KRT28	162605
CACNA1C-AS4	100874234
SPIN2B	474343
CACNA1C-IT3	100874370
GNAL	2774
SPRTN	83932
TREH	11181
MED25	102465480
GZMM	3004
PXDC1	221749
CNTN1	1272
LRRC26	389816
TMEM210	100505993
CDC123	8872
USP44	84101
NOL10	79954
EGLN1	54583
CACNA1C-AS1	100652846
CCDC33	101929303
RP11-885B4.2	283440
FAM122B	159090
CLPB	81570
ADAM7	8756
DRD1	1812
ANAPC2	29882
FAM50B	26240
ALDH1A1	216
C2orf15	101927110
ABCC11	85320
VWDE	221806
TCEA1	6917
GPS1	2873
BSG	682
YTHDF2	51441
RCN1	440034
YBEY	54059
TSNAX	7257
SFXN1	94081
ATG9A	79065
KIR2DL2	100133046
MATR3	724102
MYLK2	85366
DMKN	93099
RP11-712C7.1	101927433
SSNA1	8636
OPRD1	4985
LPCAT1	79888
C10orf131	100127889
FAAH2	158584
CADM2	253559
RMDN2	151393
SFTPB	6439
RP11-248J23.6	387707
FOXS1	2307
TPRN	286262
CADPS2	93664
FAM73A	374986
ST13	6767
RRM2B	50484
AOC3	8639
TMEM203	94107
NEFM	4741
WT1	7490
HPS3	84343
BEND4	389206
ADAM22	53616
DUSP15	128853
C21orf58	54058
ICMT	23463
UGT1A4	54657
ANXA1	301
RARB	5915
ELAVL3	101928396
SLC16A9	220963
KRT10	3858
SHISA3	152573
NUP88	4927
ZXDB	158586
TMEM99	147184
NDOR1	27158
CCDC6	8030
HES3	390992
SFR1	119392
CHMP1B	57132
ZNF653	115950
GPR153	387509
FBN1	2200
MROH2A	339766
TIGD6	81789
EPB41	2035
HTR5A-AS1	100128264
HTR5A	3361
HTT	3064
ENC1	8507
UBN1	29855
NEXN	91624
RNF208	727800
VGLL3	389136
HMGXB3	22993
CYP11A1	1583
C9orf169	375791
NTN4	59277
HRH2	3274
RNF224	643596
FAM122C	159091
INSIG1	3638
CCNJ	54619
SCIN	85477
SLC34A3	142680
RORB	6096
CHMP2B	25978
ATP8A1	10396
PTOV1	53635
CPLX2	10814
ITGBL1	9358
ECSIT	51295
CSF1R	1436
MSH6	2956
TUBB4B	10383
C2ORF15	150590
RNF135	84282
THAP9	79725
PDZRN4	29951
ZNF839	55778
ACOT7	11332
PPL	5493
FAM166A	401565
FGF14	2259
WDR96	80217
HJURP	55355
DUSP16	80824
PHF3	23469
TTLL9	164395
C9orf173	441476
ZXDA	7789
SPIN4	139886
DDX6	1656
WDR5B	54554
MPPE1	65258
NELFB	25920
RPAIN	84268
HCN2	610
RP11-64C12.3	497259
LIPT1	51601
DISC1	27185
EIF3M	10480
TOR4A	54863
ARHGEF9	23229
TPP2	7174
CXCR5	643
NRARP	441478
THOC3	84321
XPNPEP3	63929
LONP2	100507577
KPNA1	3836
RP11-973H7.4	100996324
ANK3	288
FUBP1	8880
LIN54	132660
SEMA7A	8482
BCL9L	283149
MRPL36	64979
POLRMT	5442
G6PC	2538
RP11-794M8.1	101927582
SRSF5	6430
LDLRAD4-AS1	100288122
ZMAT1	84460
POU1F1	5449
MIR5190	100847080
HS3ST5	222537
CCDC73	493860
EXD3	54932
GTPBP4	23560
UPK2	7379
MIR4526	100616130
MITD1	129531
ZNRF1	84937
EN2	2020
NT5DC3	51559
PDRG1	81572
GXYLT1	283464
CNPY1	285888
PDGFRB	5159
DOCK5	80005
ANKRD33	341405
TOP2B	7155
XKR7	343702
PTH2R	5746
LDHD	197257
TRPM8	79054
CCM2L	140706
SEC14L5	9717
METTL21C	196541
PNKP	11284
CREBL2	1389
CYP4F35P	284233
MOSPD1	56180
LYPLA1	10434
YAF2	10138
CCDC168	643677
GPR19	2842
NOXA1	10811
CNN1	1264
CINP	51550
TMEM200B	399474
DNAJB4	11080
DNAJB7	150353
RBX1	9978
CP	1356
CYP1B1	1545
ZFP1	162239
TEX30	93081
PCNT	5116
SRSF4	6429
TRPM6	140803
GIPC2	54810
RP11-1264N5.1	101928993
UBAP2L	9898
HTR1F	3355
ENTPD8	377841
NAGPA	51172
UBL7	84993
CTRB2	440387
ZNF18	7566
PRRG4	79056
CGGBP1	8545
NT5DC2	64943
SIAH1	6477
KDELC1	79070
CEP152	22995
PTGFR	5737
EP300	2033
SIPA1L2	57568
CTRB1	1504
GNLY	10578
AMER1	139285
FRK	2444
ELOF1	84337
BIVM	54841
QSER1	79832
TCEAL2	140597
ASB12	142689
FOXN3	1112
PDE2A	5138
EYS	346007
ANKZF1	55139
TCEAL6	158931
IFI44L	10964
PARP9	83666
N4BP1	9683
BEX5	340542
MTMR8	55613
AC009403.2	100506302
CDKN1B	1027
FGF22	27006
MAP10	54627
BIVM-ERCC5	100533467
MSS51	118490
ARL4A	10124
MECR	51102
NTPCR	84284
APOLD1	81575
DEPDC7	91614
ATP6V1C2	245973
RAD51C	5889
ZNF627	101928434
UBR5	51366
CXADRP3	101927005
HCK	3055
NDUFS6	4726
RNF126	55658
ERCC5	2073
BCAR1	9564
MSANTD1	345222
C1QBP	708
RP11-234B24.2	101929549
MIR3156-2	100422907
CBLN1	869
C9orf40	55071
RP11-429A20.4	100507560
FAM153B	100507387
ACVRL1	94
RP11-527H14.2	400644
ATL2	64225
RP11-527H14.3	101927642
C16orf78	123970
UGGT1	56886
ZC4H2	55906
DDX47	51202
NXF2	728343
IFI44	10561
AKT1S1	84335
IRX4	50805
C9orf41	138199
ZNF654	55279
CDX1	1044
AP005901.1	644669
C3orf38	285237
RP11-319E16.1	101929584
HEXB	3074
ACP5	54
RBM33	155435
L3MBTL2	83746
SLC6A7	6534
SLC10A2	6555
MIR320C1	100302135
PCNXL2	80003
TECPR2	9895
ALG1	100507589
ARID3B	10620
EPHA3	2042
MIR1-2	406922
CFDP1	10428
ARL6IP4	51329
ELTD1	64123
DAOA	267012
NMRK1	54981
TCP11L1	55346
CAMK2A	815
NT5DC1	221294
DIP2A	23181
SLC10A1	6554
MRPL15	29088
MAP2	4133
NSMF	102466223
SHC4	399694
EFNB2	1948
TMEM170A	124491
ZNF423	23090
PPP3CB	5532
SNRPF	6636
SMIM10	644538
FAM127C	441518
HES2	54626
ETV1	2115
ARGLU1	55082
FAM127A	8933
MAP2K4	6416
CHST6	4166
SMOC1	64093
OSTF1	26578
SOX17	64321
FAM127B	26071
COL10A1	1300
FSTL3	10272
RGS12	6002
FAM155A	728215
CHST5	23563
ATOH8	84913
GRXCR1	389207
CT55	54967
TSPYL4	23270
TBC1D17	79735
ESPN	83715
GATA6-AS1	100128893
CNEP1R1	255919
LIG4	3981
RP1	6101
TMEM231	79583
PRSS57	400668
ABHD13	84945
CYGB	114757
RP11-370A5.1	101927571
CLK3	1198
CCDC38	120935
KCTD8	386617
DSE	29940
SMIM4	440957
MIR4741	100616139
MLK4	84451
ST3GAL5	8869
YIPF7	285525
TNFSF13B	10673
ISL1	3670
PALM	5064
GABARAPL2	11345
COPS4	51138
DPP4	1803
ACVR1B	91
EID1	23741
KCNK1	3775
SPP2	6694
XKR4	114786
PCSK5	5125
PPHLN1	51535
PRCD	768206
CHADL	150356
CSTF3	1479
SLC35F3	148641
KRTAP2-2	728279
ADAT1	23536
GLB1L	79411
IMPA2	3613
ZNF823	55552
IRX2	153572
GNRH1	2796
PPM1E	22843
COA6	388753
IDI2	91734
RNF133	168433
RNF148	378925
KRTAP4-7	100132476
C16orf89	146556
ZNF441	126068
ZNF75D	7626
TAS2R16	50833
SIMC1	375484
TARBP1	6894
KCTD9	54793
AMDHD1	144193
TMEM68	137695
FAM217A	222826
TNFRSF25	8718
ZNF491	126069
MYO16	23026
RFK	55312
ZNF449	203523
SLC13A1	6561
GSTO1	9446
ITGA1	3672
TP63	8626
ZNF440	126070
ANKRD62	342850
MISP	126353
HAX1	10456
IL4I1	259307
LYG2	254773
TSPYL1	7259
IRF2BP2	359948
KARS	3735
IDI1	3422
ARL4C	10123
GCNT1	2650
DDX26B	203522
ARSI	340075
TOMM20	9804
TCP11X1	100996648
TM9SF4	9777
FAM26F	441168
CIDEA	1149
TRIM37	4591
PNPLA7	375775
DTX3L	151636
ZC3H12B	340554
HEATR3	55027
C5orf38	153571
RANGAP1	5905
NF1	101930150
GUF1	60558
ANKRD9	122416
RBM34	23029
PRMT5	10419
SYNCRIP	10492
CD27-AS1	678655
EPHB4	2050
SH3BP4	23677
ODF1	4956
KRTAP4-5	85289
KRTAP4-4	84616
IRS2	8660
PLAGL2	5326
KRTAP4-3	85290
LYG1	129530
ZNF439	90594
HIPK3	10114
PLAC8	51316
DUS1L	64118
SBSN	374897
LAS1L	81887
PARP15	165631
ZNF69	7620
TUBB6	84617
POFUT1	23509
TRAPPC3L	100128327
C6orf201	404220
PTBP1	5725
MRPL41	64975
ZNF700	90592
KLF10	7071
PRUNE2	158471
GAPDHS	26330
COL4A1	1282
RCOR1	23186
SCARNA10	692148
HAL	3034
KIAA1191	57179
ZNF763	284390
IRX1	79192
DPH7	92715
AQP10	89872
DHX33	56919
TERF2IP	54386
KIF3B	9371
ST6GALNAC2	10610
PTPRU	10076
S100B	6285
COQ2	27235
TXNDC9	10190
PITPNM2	57605
TMEM147	10430
NUP62	23636
MYOCD	93649
PAPD5	64282
CDCA2	157313
GCG	2641
FAM26E	254228
ZMYND19	116225
ST6GALNAC1	55808
FOXB2	442425
SCARNA11	677780
ARID4B	51742
BAGE5	85319
EDC3	80153
KRTAP4-2	85291
FAM26D	221301
KRTAP4-1	85285
LPHN2	101927458
KRTAP9-1	728318
GSTO2	119391
EFCAB11	90141
ADAMTS16	170690
KRTAP9-3	83900
KRTAP9-8	83901
ZC3H7B	23264
ARRDC1	92714
PRMT2	3275
TGS1	96764
EBF2	64641
AZIN1	51582
COL4A2	1284
ZNF433	163059
NGLY1	55768
WDR37	22884
IQUB	154865
KIAA1549L	25758
FAM86A	100287013
ATP8B2	57198
ASXL1	171023
RPL13P5	283345
PROS1	5627
DSTNP2	171220
AGAP1	116987
TSPAN31	6302
U47924.31	100147744
FAP	2191
CNTNAP4	85445
DNTT	1791
GNPDA2	132789
C9orf37	85026
HGFAC	3083
C11orf91	100131378
POLR1A	25885
RAB20	55647
TEF	7008
ADCY7	113
MXRA7	439921
AFG3L2	10939
GRASP	160622
GGPS1	9453
TOB2	10766
CT45A1	101060211
CARKD	55739
CYP1A1	1543
CD59	966
LYN	4067
DERL2	51009
PHF5A	84844
PTGES3L-AARSD1	100885850
ECI2	10455
EHMT1	79813
UNC80	285175
ITPRIP	85450
RWDD1	51389
PPP2R2A	5520
TCOF1	6949
ATP4A	495
HNRNPLL	92906
TBCE	6905
GABRG1	2565
ATF5	22809
C20orf112	140688
TRAF3	7187
ZNF878	729747
SLMO1	10650
ZNF844	284391
HPSE	10855
SIGLEC11	114132
CDK1	983
ARL10	285598
MIR3648	100500862
MIR3687	100500815
CYP1A2	1544
SLC12A9	56996
TEKT4P2	100233156
CARS2	79587
B3GALNT2	148789
RBFOX1	54715
ZNF20	7568
DGKB	1607
TTLL7	79739
HMBS	3145
ARAP1	116985
NOP16	51491
PELO	53918
MSN	4478
PARP14	54625
PDIA6	10130
GFM2	84340
HAUS5	23354
PBRM1	55193
GABRA2	2555
SKA2	348235
OPALIN	93377
IL6R	3570
ZNF625	90589
KRTAP16-1	100505753
GNG4	2786
KRTAP17-1	83902
CT45A2	101060210
GBX2	2637
KRT33A	3883
CSK	1445
KRT33B	3884
FBXO3	26273
RSPH4A	345895
VPS13A	23230
BAI3	577
BRD7	29117
DOK7	285489
EIF5B	9669
ADARB2	105
HIGD2A	192286
MON1B	22879
SPIRE1	56907
KB-1507C5.2	100996457
ASB18	401036
STK16	8576
RPS20	6224
LPPR3	79948
KRT34	100653049
LRPAP1	4043
MPHOSPH9	10198
TDP1	55775
KRT31	3881
CLTB	1212
CCDC147	159686
SYCE1L	100130958
ARHGAP44	9912
ITGA2	3673
MATN1	4146
AZU1	566
COMMD7	149951
TMSB15A	286527
ACO2	50
KRT37	8688
CAMK1D	57118
SHH	6469
HELQ	113510
LYST	1130
TMEM114	283953
ZNF136	7695
KRT38	8687
HTR1E	3354
LAPTM5	7805
PRTN3	5657
CACNA1B	774
CGA	1081
ADAMTS18	170692
ARMCX5	64860
SDC3	9672
SLC23A1	9963
ZNF44	101060181
IQCA1	79781
TUBA4A	7277
BNIP3L	665
COX7B2	170712
CT45A4	541465
METTL22	79091
HAUS4	54930
RNF32	140545
MOS	4342
ZNF563	147837
RHOBTB1	9886
LTA4H	101928830
AP001464.4	101929982
PLAG1	5324
TDRD10	126668
ZNF442	79973
POLR3H	171568
ARL13B	200894
ING1	3621
ATP6V1C1	528
GABRA4	2557
ZNF292	23036
VSIG4	11326
ZUFSP	221302
NKD1	85407
JMJD6	23210
SRI	6717
MIR3156-3	100423018
NR4A1	3164
RBM42	79171
ELANE	1991
PRR11	55771
LMBRD1	55788
NID1	4811
CTD-3105H18.14	101928664
CFD	1675
BAALC	79870
ANKRD10	55608
VRK3	51231
HS6ST1	9394
FAF2	23197
CDK4	1019
ZNF799	90576
CYP4F29P	100874164
DNMT3B	1789
GNA14	9630
PRKACB	5567
CHCHD7	79145
USP54	159195
AGMO	392636
PNMA2	10687
KRT32	3882
ZNF443	10224
TLL2	7093
AMN	81693
MIS12	79003
NUDT7	283927
FASN	2194
GNAQ	2776
SNX20	124460
KPNA5	3841
PSMG2	56984
ADRA2C	152
GPR137B	7107
OXSM	54995
PTCD3	55037
HSP90B1	7184
MRPS18C	51023
NDUFA5	4698
SLC8A3	6547
CSDC2	27254
ETV2	2116
RAB6C	150786
ZNF709	163051
UBE2Q1	55585
MZB1	51237
DNAJB2	3300
MEOX2	4223
DPYSL2	1808
TM4SF18	116441
GPRASP1	9737
PMM1	5372
VAT1L	57687
ISPD	729920
MED16	10025
ANKRD20A11P	391267
HSPBAP1	79663
RP11-125B21.2	101930053
RNF44	22838
ERO1LB	56605
CEP78	84131
NOD2	64127
FZD6	8323
GABRB1	2560
TM4SF1	4071
COX6B1	1340
KIAA0947	23379
LRRC3B	116135
SAMD13	148418
PFKP	5214
RP11-32F11.2	101929247
OTOP1	133060
GPRC5A	9052
MARCH9	92979
PUM1	9698
PLEKHG5	57449
RP11-509J21.1	101929302
LMO2	4005
ACKR3	57007
CLEC3A	10143
GJB7	375519
SOSTDC1	25928
TMEM128	85013
GLIS3-AS1	84850
TM4SF4	7104
RP11-358M14.2	101929330
GPRC5D	55507
GPRASP2	100528062
MIR200C	406985
SMIM8	57150
MIR141	406933
UPK1A	11045
SCARNA12	677777
RP11-6J24.6	101929351
FAM175A	84142
CDC42BPB	9578
LMAN1L	79748
HEBP1	50865
SORCS3	22986
NLRP1	22861
METTL23	124512
MIR101-2	406894
CEP76	79959
DNASE2B	58511
DESI1	27351
COMMD8	54951
EDARADD	128178
LYAR	55646
TMEM26	219623
PSAT1	29968
ZNF564	163050
COPS8	10920
KIAA1467	57613
RPE	6120
CD74	972
ZNF490	57474
RPF1	80135
BHLHB9	80823
SMG8	55181
CAPRIN1	4076
WWOX	51741
CPLX3	594855
IFIH1	64135
MIR4665	100616288
REV1	51455
ZNF791	163049
C10orf107	219621
LMBR1	64327
NEK10	152110
GNG5	2787
RP11-390F4.6	101930478
CTHRC1	115908
STEAP4	79689
ABAT	18
ARHGEF7	8874
ARID5B	84159
C6orf163	206412
ASB15	142685
ATP10D	57205
ABCC13	150000
CHRNB2	1141
CCDC74B	91409
ZNF804B	219578
KRT35	3886
SLC25A32	81034
C7orf62	219557
ZBTB32	27033
XRCC6	2547
H2AFX	3014
C6ORF165	154313
TRIP6	102466755
STEAP1	26872
NOL9	79707
HEPH	9843
KRT36	8689
CTBS	1486
C12orf44	60673
SORCS1	114815
GDPD1	284161
CDHR2	54825
RP11-87N24.2	101929428
COX16	51241
AGPAT9	84803
ULK3	25989
DIRC2	84925
DPAGT1	1798
LGALS8	3964
C1RL-AS1	283314
KMT2B	9757
NAT10	55226
KRT13	3860
SDR16C5	195814
LRRC72	100506049
RP11-536O18.2	401492
LINC00583	100113404
PROB1	389333
ZCRB1	85437
TM9SF3	56889
CYP27B1	1594
MED10	84246
STX19	415117
SAGE1	55511
R3HDM4	91300
RAB40AL	282808
LMOD2	442721
RTKN2	219790
ANKMY2	57037
DHFRL1	200895
GSG1	83445
SPATA24	202051
PTPN2	5771
IGFLR1	79713
WASL	8976
PENK	5179
FAM162B	221303
CYLD	1540
GALM	130589
BEX1	55859
DCAF13	25879
GCA	25801
STARD10	10809
TLE4	7091
WWTR1	25937
RNU6-14P	100873746
C2CD2L	9854
C12orf65	91574
ZBTB49	166793
SMURF2	64750
TEX29	121793
GPRC6A	222545
KRT80	144501
PTPRN	5798
MAF	4094
TMEM186	25880
MIR3152	100422869
SOX1	6656
PRICKLE1	144165
ADAR	103
SCARNA8	677776
YPEL2	388403
COL19A1	1310
MAPRE1	22919
SPACA7	122258
RFX6	222546
NXF3	56000
SAMSN1-AS1	100874190
VWA5B2	90113
NKX6-1	4825
ZNF473	25888
METTL1	4234
U2AF1L4	199746
UBE2QL1	134111
STEAP2	261729
EFCAB8	101928282
MIR4473	100616229
CDS1	1040
MIR4474	100616441
PMM2	5373
VGLL2	245806
RP11-4E23.2	101929548
NSUN3	63899
SSX2IP	117178
MIR491	574444
ZNF365	22891
ADRA1A	148
TAS1R1	80835
IFNA22P	3453
HINFP	25988
KCNF1	3754
IZUMO2	126123
KCNK13	56659
TUBGCP3	10426
SUN5	140732
C2orf50	130813
MMGT1	93380
MIR31HG	554202
MIR31	407035
DYNLRB2	83657
PSMC1	5700
LINC00478	388815
KRT15	3866
NSUN2	54888
BZW2	28969
SYNJ2BP	100529257
PQLC3	130814
HEATR1	55127
DNAJC18	202052
IMPAD1	54928
CDKN2B-AS1	100048912
ZBTB48	3104
BPIFB2	80341
ADAM21	8747
NKAIN1	79570
SLC9A6	10479
ADAM20	8748
CDYL2	124359
FAM110B	90362
MAN2B1	4125
ELAC2	60528
KISS1R	84634
DHX40	79665
RP11-399D6.2	441389
LPAR3	23566
RPS14	6208
C13orf35	400165
SNRNP40	9410
MED6	10001
SEH1L	81929
TLE1	7088
ARID3A	1820
RP11-33G16.1	101929582
SCAMP2	10066
EPHA6	285220
RP11-337A23.3	101929602
COMMD2	51122
LINC00032	158035
CMC2	56942
MCOLN2	255231
FBXO11	80204
NSG1	27065
SRSF7	6432
POU5F1P3	642559
RP11-20P5.2	392364
MIR876	100126310
MIR873	100126316
KCNN3	3782
NDST1	3340
FAM66C	101928910
METTL21B	25895
CORIN	10699
BPIFB6	128859
MIR99A	407055
MIRLET7C	406885
ABCG4	64137
MIR125B2	406912
CDK2AP1	8099
NSA2	10412
WDR18	57418
PSENEN	55851
ATP11A	23250
RP11-271O3.1	101929620
BPIFB3	359710
SRSF2	6427
ANKUB1	389161
NHP2L1	4809
ATG16L2	89849
STMN4	81551
CDYL	9425
TOPORS-AS1	100129250
AJUBA	84962
LIN37	55957
KCNH7	90134
SLC35A1	10559
SPATA31D1	389763
C22orf46	101927302
ACTN2	88
RASEF	158158
WDFY3	23001
ELK3	2004
C7orf63	79846
WDR63	126820
ZCCHC17	51538
UBXN2B	137886
RP11-326F20.5	101929639
ROCK2	9475
SALL1	6299
KANSL1L	151050
PMVK	10654
MYH14	79784
SRRT	51593
SYNPO	11346
CARHSP1	23589
CYP7A1	1581
CENPN	55839
FAM169A	26049
ANXA2P2	304
SEMA5B	54437
MPI	4351
STX18	53407
IMMT	10989
PTENP1	11191
FRMD3	257019
ALG3	10195
RP11-384P7.6	101929688
LRRC37A3	374819
RARS2	57038
MEI1	150365
C14orf93	60686
SNORD121B	101340252
SNORD121A	100113379
KLHL21	9903
ECSCR	641700
HSPB6	126393
MCOLN3	55283
FIGN	55137
EMP1	2012
WDR83	84292
MYOZ1	58529
SDCBP	6386
PHF13	148479
TSFM	10102
RP11-266K4.9	101927905
TMEM173	340061
TTC9	23508
HYAL4	23553
LINC00937	389634
MTR	4548
IDNK	414328
KRT19	3880
BPIFB4	149954
NLRX1	79671
THAP3	90326
MYOZ3	91977
CEP192	55125
C16orf97	388276
C19orf55	148137
SYNPO2L	79933
SYDE2	84144
CCDC57	284001
SPAM1	6677
USP7	7874
BPIFA2	140683
TOX3	27324
C1orf52	148423
COL6A3	1293
BEX4	56271
ADAMTS20	80070
MAP3K9	4293
UBQLN1	29979
EXOC3L4	91828
RBM22	55696
BPIFA3	128861
ABTB2	25841
CDK17	5128
BCL10	8915
ATMIN	23300
FABP3	2170
PBXIP1	57326
RIMS2	9699
RNF13	11342
GRIN2B	2904
KRT7	3855
MT1HL1	645745
SBNO1	55206
RESP18	389075
BPIFA1	51297
DNAJC11	55735
DDAH1	23576
CAT	847
AFF3	3899
COL9A1	1297
GKAP1	80318
NFXL1	152518
WSCD1	339166
KRT9	3857
TMEM229A	730130
SMPD4	55627
GRIN3B	116444
GPR37	2861
KRT14	3861
ARHGAP33	115703
CYR61	3491
NOM1	64434
C21orf91-OT1	246312
ORC3	23595
ADO	84890
CHODL-AS1	54075
TINAGL1	64129
GEMIN6	79833
EGR2	1959
AL109763.2	101927797
OMG	101927057
FAM219B	57184
NRDE2	55051
TRIM35	23087
ELF5	2001
ZNHIT6	54680
AGAP5	729092
TMEM259	91304
NRBF2	29982
KIF27	55582
TCEAL8	90843
MCF2L	23263
POT1	25913
MSX1	4487
CCDC3	83643
GNA13	10672
C16orf46	123775
ATF7IP	55729
FHL1	2273
CCDC134	79879
BPIFB1	92747
KCNC3	3748
EDA2R	60401
C9orf64	84267
GCSH	101060817
XPNPEP1	7511
PYGO2	90780
FCHSD2	9873
RPP40	10799
RYR2	6262
ARL6	84100
AVIL	10677
SREBF2	6721
CLTC	1213
PDZD3	79849
CYTL1	54360
COX5A	9377
NSMAF	8439
ROS1	6098
CNN2	1265
UBE2D2	7322
EHF	26298
DPYS	1807
CHD9	80205
MNX1	3110
TNFAIP2	7127
AIPL1	23746
DCSTAMP	81501
PKD1L2	114780
COL24A1	255631
EVI2B	2124
SEC24C	9632
HCRTR1	3061
PITRM1	10531
AARSD1	80755
ACADL	33
C16orf72	29035
GPRIN1	114787
CCDC153	283152
PDIA5	102465667
CAMTA1	23261
ZP4	57829
SNCB	6620
MOCS2	4338
SHISA8	440829
DNPEP	23549
CDK5RAP1	51654
F7	2155
PEF1	553115
TCEAL5	340543
ARHGAP24	83478
PUS7L	83448
PCNX	22990
E2F6	1876
NR1H2	7376
EIF4E1B	253314
CHRM3	1131
BEX2	84707
PRODH2	58510
CBL	867
KRT86	3892
CRYBG3	131544
TCEAL7	56849
F10	2159
P2RY2	5029
GRIN2A	2903
FMN2	56776
RGS9	8787
HNRNPK	3190
GRB14	2888
NIPAL1	101927157
LRP12	29967
JMJD1C	221037
TSPAN17	26262
PTK2B	2185
NPHS1	4868
PROZ	8858
CXXC5	51523
RPP25	54913
P2RY6	5031
WBP5	51186
EIF5	1983
WDR83OS	51398
GREM2	64388
APIP	51074
UBE3C	9690
TNFRSF13C	115650
GNL3	100113381
VAMP3	9341
ZFPM2	23414
MFSD11	79157
MYL1	4632
GOPC	57120
CNGA1	1259
NAPSA	9476
SCAMP5	192683
KRT81	3887
DHPS	1725
CENPM	79019
BCMO1	53630
SRD5A1	6715
DCTN4	51164
EVI2A	2123
ABCA7	10347
PER3	8863
SETD8	387893
NGFRAP1	27018
COBLL1	22837
RP11-20D14.6	101930433
GAN	8139
UNC5A	90249
PDHX	8050
SEC22A	26984
ODF2L	57489
LINC00612	253128
RILPL2	196383
COL16A1	1307
RAB40A	142684
A2M-AS1	144571
MAP7D3	79649
IRAK4	51135
PCID2	55795
PPP1R3G	648791
PFN2	5217
FST	10468
PSD2	84249
RGS7	6000
SNRNP35	11066
TOX	9760
PPCDC	60490
GTPBP10	101927446
STK32B	55351
SMIM3	85027
LYRM4	57128
SEPT3	55964
ARHGEF17	9828
FBXW9	84261
IRGM	345611
MRPL35	51318
TXK	7294
DCBLD1	285761
RMI1	80010
CMIP	80790
PAPD7	11044
GCNT4	51301
ZNF300	91975
RILPL1	353116
ECE2	9718
C15orf39	56905
GRM8	2918
SLC28A3	64078
RELT	84957
RAB11FIP4	84440
AKIRIN2	55122
ANKRD31	256006
POLD1	5424
FH	2271
HK3	3101
CLCA2	9635
TCEAL4	79921
FAM64A	54478
SNTA1	6640
AR	367
A2MP1	3
ATF7IP2	80063
NRG2	9542
OPTN	10133
UTS2	10911
REEP1	65055
GPX3	2878
UFSP1	402682
KRT83	3889
LONRF2	164832
C4orf6	10141
GLT8D1	55830
CA8	767
CLCA1	1179
FAM168A	23201
PIK3AP1	118788
KIRREL2	84063
REEP3	221035
HS3ST3A1	9955
SLC16A3	102465472
KMO	8564
LINC00987	100499405
MINA	84864
PTRH2	51651
EMP2	2013
CTDSP2	10106
NOSTRIN	115677
TNFRSF9	3604
FUT11	170384
SLC4A7	9497
COX10	1352
CLCA4	22802
MAPK10	5602
UIMC1	51720
RAB2A	5862
TMED2	10959
MCAM	102465453
PLBD1	79887
KRT16	3868
TNPO2	30000
PARK7	11315
OPN3	23596
EVC2	132884
CBFA2T2	9139
SH3GLB1	51100
CTNNA3	29119
NUS1	116150
TEC	7006
CHML	1122
ADCY5	111
SHC1	6464
FARS2	10667
APLP1	333
SLC35F1	222553
NTRK2	4915
HMGCR	3156
CLDN12	9069
MGAT5B	146664
SPC25	57405
ACHE	43
RNF26	79102
CHCHD1	118487
DHX57	90957
DNAJB6	10049
C1QTNF5	114902
WBP2NL	164684
HMHA1	23526
SEP15	9403
C12orf73	728568
LANCL1	10314
TCEAL3	85012
KRT85	3891
WDR64	128025
CEP85L	387119
G6PC2	57818
OPHN1	4983
VMP1	81671
HS2ST1	9653
NAGA	4668
NDUFS4	4724
PITPNM3	83394
COMMD4	54939
RBL2	5934
CHD7	55636
PLEKHB1	58473
ABCB11	8647
LMO4	8543
FAM109B	150368
PLCG2	5336
TEKT5	146279
ARL15	54622
SMDT1	91689
EXO1	9156
USP2	9099
CHRNA2	1135
SIPA1L1	26037
TNIP1	10318
TSC22D2	9819
DDX55	57696
NUBP1	4682
CACNA1C	775
RP11-362K2.2	100506869
OXR1	55074
PSMB5	5693
SLAIN2	57606
C12orf55	101928871
C19orf43	79002
HSPB3	8988
MAP1LC3C	440738
CUL4A	8451
YIPF6	286451
SNX18	112574
CD44	960
TTC7B	145567
ZSWIM8	23053
ASNA1	439
ERRFI1	54206
TCEAL1	9338
TSPAN13	27075
ESM1	11082
NDUFA6	4700
PLD5	200150
MARK3	4140
AGTPBP1	23287
TVP23A	780776
MLPH	79083
PKN2	5586
SLC45A1	50651
CSNK1D	1453
GUCY2C	2984
AGR2	10551
AKTIP	64400
NECAB3	63941
GREB1	9687
EVC	2121
POLR2E	5434
NFKBID	84807
KRT17	3872
MUC3A	57876
LAMP1	3916
CYP2D6	101929829
MORF4L2	9643
SPCS1	28972
PSMB11	122706
SPACA1	81833
GRTP1	79774
KDM3A	55818
FAM135A	57579
HCST	10870
BEST2	54831
TWF1	5756
ADPRHL1	113622
CDH24	64403
CNR1	1268
CIITA	4261
RERE	473
ADCY2	108
GTF2B	2959
SLC10A4	201780
NEK4	6787
ZAR1	326340
TYROBP	7305
KRT84	3890
DES	1674
DCUN1D2	55208
CEP170	9859
SLC38A11	151258
EPHX2	2053
CDRT15	146822
LRIG3	121227
GABRR3	200959
NAA35	60560
SDR42E1	93517
AGR3	155465
ZNF346	23567
GPR112	139378
KRT82	3888
LRRTM3	347731
HOOK2	29911
HS3ST3B1	9953
NRN1	51299
HSD17B2	3294
TMCO3	55002
DNAJC12	56521
BRS3	680
GPX4	2879
CCBL2	56267
SPIB	6689
NEIL1	79661
PMP22	5376
PLN	5350
BAI2	576
CKS1B	1163
LRFN3	79414
HTATSF1	27336
CHST10	9486
MUC12	10071
RNGTT	8732
GOLM1	51280
MCM9	254394
MPHOSPH6	10200
RAB6A	5870
MYBPC2	4606
TFDP1	7027
KRT75	9119
TUBD1	51174
TCF20	6942
CDK14	5218
SDHAF1	644096
OR5AC2	81050
CRMP1	1400
OR5H1	26341
OR5H14	403273
RBMXL1	494115
COPRS	55352
OR5H15	403274
ATP4B	496
SYNE4	163183
OR5H6	79295
F13A1	2162
FAM71E1	112703
OR5H2	79310
SBNO2	22904
COL4A3BP	10087
ZNF800	168850
SDCCAG8	10806
C9orf153	389766
OR5K4	403278
GRK1	6011
OR5K3	403277
OR5K1	26339
SERP1	101928061
RPGRIP1L	23322
ISCA1	81689
SIRT1	23411
TMEM255B	348013
FRYL	285527
KRT6B	3854
H2AFJ	55766
EMC10	284361
GBP3	2635
ACIN1	22985
ENO1	2023
FGFR4	2264
STARD8	9754
KRT6C	286887
NEDD1	121441
UTP6	55813
WBP11	51729
AXIN2	8313
THY1	7070
CDH13	1012
KIAA0753	9851
EIF2B1	1967
MAN2C1	4123
NFAM1	150372
CPS1	1373
RP13-735L24.1	101930452
PTPLB	201562
JOSD2	126119
GAS6	2621
JUNB	3726
DEXI	28955
AKT3	10000
C4orf50	389197
RRP7A	27341
FLAD1	80308
DDX12P	440081
EFNB1	1947
PVRL1	5818
FTO	79068
ASPDH	554235
SPEG	100996693
GBP1	2633
OR5K2	402135
SEC14L1	6397
ASF1A	25842
CLEC16A	23274
ZCCHC6	79670
ALKBH6	84964
LRRC4B	94030
GTF2H3	2967
ZBTB18	10472
ITIH1	3697
PRDX2	7001
AHR	196
MORN2	729967
C1orf100	200159
SERHL2	253190
RASA3	22821
GBP2	2634
RNASEH2A	10535
SYT3	84258
ADSS	159
JAKMIP1	152789
PTPN13	5783
RMI2	116028
C20orf144	128864
MRPL48	51642
IRX3	79191
EIF2A	83939
GBP7	388646
ACTL10	170487
TRIM29	23650
CLVS1	157807
E2F1	1869
HSBP1	3281
ARHGEF33	100271715
GBP4	115361
STK11	6794
PXMP4	11264
FAM184A	79632
SNX13	23161
MLYCD	23417
CEP112	201134
C12orf60	144608
SLC1A2	6506
CAMK2N2	94032
PNRC1	10957
SMCO3	440087
RTBDN	83546
COA4	51287
SOCS1	8651
ART4	420
GAS1	2619
SRSF12	135295
CLDND1	56650
C1orf101	257044
TNP2	7142
C9orf170	401535
PRM3	58531
LENEP	55891
LCOR	84458
PRM2	5620
PM20D2	135293
CLIP3	25999
MYLK	4638
ZNF341	84905
GBP5	115362
PRM1	5619
C19orf81	342918
GZMK	3003
IRX5	10265
NTSR2	23620
RPL10L	140801
GABRR1	2569
CDC16	8881
GZMA	3001
NMS	129521
SCN3A	6328
IRX6	79190
PRLH	51052
ZBTB7B	51043
PDCL3	79031
DESI2	51029
CTD-3088G3.8	101929274
PSMD2	5708
EOMES	8320
GBP6	163351
OSGIN1	29948
LY86	9450
COX20	116228
RAB17	64284
C14orf119	55017
PAAF1	80227
SHANK1	50944
SPOCD1	90853
PRPS1L1	221823
ABRA	137735
HERC4	26091
C19orf26	255057
CDC20B	166979
CLU	1191
DAPK1	1612
NECAB2	54550
LRRC8B	23507
LPIN1	23175
UPF3A	65110
NACAD	23148
NPAS2	4862
SIN3A	25942
ANGPT1	284
ATP5D	513
LRRC8C	101927933
RGS6	9628
THAP8	199745
HNRNPU	3192
GCC1	79571
MMP2	4313
ANXA6	309
DCST2	127579
C10orf12	26148
OAF	220323
CA6	765
SLC38A8	146167
KLF6	1316
LRRFIP1	9208
PAMR1	25891
TMEM117	84216
LRRC8D	55144
TEKT3	64518
TBRG4	9238
VGLL1	51442
SLC2A7	155184
LITAF	9516
POU2F3	25833
C5orf49	134121
EIF1	10209
ADD3	120
PJA1	64219
ARHGAP19-SLIT1	84986
RNU6-55P	100873763
KRT6A	3853
RNU6-76P	100873777
CHMP4B	128866
MGP	4256
ASPH	444
LINC00408	100652856
FAM155B	27112
RSPO2	340419
CLEC11A	6320
ZNF326	284695
WDR62	284403
ERP27	121506
LINC00442	348021
TMEM136	219902
RPS6KA5	9252
MIDN	90007
GPR32	2854
CTSL	1514
SLC2A5	6518
ACPT	93650
RPS29	6235
CD40LG	959
EDA	1896
RNU6-52P	100873761
ARF5	381
MTRR	4552
FJX1	24147
ARHGDIB	397
EFCAB2	84288
TRIM44	54765
BARHL2	343472
RALY	22913
MAST1	22983
LINC00421	100287114
PTP4A2	8073
MZT2B	653784
TRIM56	81844
DOC2B	8447
PTPRN2	5799
C19orf48	692204
PURA	5813
POLDIP3	84271
FZD1	8321
WFS1	7466
RPS6KB1	6198
SOS1	6654
IGIP	492311
ARHGEF6	9459
DNAJB13	374407
CYSTM1	84418
HDAC9	9734
MIR4499	100616304
CD7	924
DNASE2	1777
MBTPS1	8720
GPX8	493869
ZNF644	84146
LEPREL1	55214
KRT5	3852
LDLRAD3	143458
NSD1	64324
PFDN1	5201
HNRNPA1P30	101930748
KIF26B	55083
SCARA3	51435
SETD2	29072
TUBA3E	112714
EIF2S2	8894
DCST1	149095
UCP2	7351
CDRT4	284040
COMMD9	29099
MCIDAS	345643
LPCAT2	54947
AWAT2	158835
SECTM1	6398
C6orf57	135154
TVP23C-CDRT4	100533496
SPATA31E1	286234
GMPPA	29926
RPH3AL	9501
PTPN9	5780
KLK1	3816
CHMP3	100526767
CCDC115	84317
HBEGF	1839
LINC00422	100652865
HSDL1	83693
GLRA4	441509
RP11-181C3.1	643770
KLF1	10661
GPR157	80045
ASIP	434
EIF3E	3646
RREB1	6239
ARHGEF12	23365
CCNO	10309
SLC16A7	9194
MAN1A1	4121
SMYD3	64754
TMEM31	203562
PPP2R2C	5522
TVP23C	201158
RNF103-CHMP3	7844
NELL2	4753
H6PD	9563
CDK20	23552
OVOL3	728361
AHCY	191
RNU6-59P	100873767
PRR5L	79899
LRR1	122769
SPSB1	80176
LINC00424	100874182
SMAP1	60682
POLR2I	5438
MTERF	7978
TCTN2	79867
AKR1E2	83592
SLC25A33	84275
GCDH	2639
RP11-574K11.31	8509
GABRR2	2570
KRT71	112802
BASP1P1	646201
CYB5R3	1727
PDE6H	5149
EMC2	9694
PLP1	5354
SUZ12	23512
RPL36AL	6166
TFB2M	64216
UCP3	7352
KRT74	121391
UBE2J1	51465
MGAT2	4247
RERG	85004
DNAAF1	123872
CEBPE	1053
DNAAF2	55172
SPIN1	10927
SNUPN	10073
FSCN3	29999
SLIT1	6585
CIRBP	1153
TBC1D32	221322
KLK15	55554
CCDC25	55246
CNST	163882
RAMP3	10268
RRAGD	58528
HFM1	164045
SERPINE1	5054
CAPNS2	84290
NXNL2	158046
TMEM201	199953
TDG	6996
RMND5A	64795
RBMX	101928747
RP11-726G1.1	728715
C9orf47	286223
KRT72	140807
TBCB	1155
SLC4A9	83697
KHDRBS1	10657
SLC7A8	23428
AP1S1	1174
SCCPDH	51097
TMPO	7112
RP11-705C15.2	374443
S1PR3	1903
POLE2	5427
KLK3	354
CDRT1	101928503
TXNDC17	84817
ITCH	83737
SHC3	53358
POLK	51426
LRRC37B	101929841
APOH	350
RNFT1	51136
TMEM74	157753
OTUD6A	139562
SLC6A2	6530
TRHR	7201
RAB24	53917
B3GAT2	135152
IGBP1	3476
RP11-705C15.3	101928054
OGFRL1	79627
CKS2	1164
DGAT2L6	347516
NUDCD1	84955
ANKRD6	22881
TRAF6	7189
AWAT1	158833
PAX4	5078
CMC1	152100
DHX29	54505
TMEM39B	55116
ATP6V0A2	23545
IMP3	55272
RAG1	5896
C2CD3	26005
RPL31	6160
ADCY1	107
SNX33	257364
SNN	8303
SLC10A6	345274
RBM44	375316
RAG2	5897
MAN2B2	23324
FAM19A2	338811
CKB	1152
AKAP9	10142
AHCTF1	25909
CSPG4	1464
C4orf36	100506746
SECISBP2	79048
TAF1C	9013
TXNDC11	51061
AC091814.2	100506159
ODF3L1	161753
RAMP1	10267
AZI2	64343
P2RY4	5030
KLK2	3817
CDC7	8317
CD8A	925
IMP4	92856
KRT73	319101
CCDC69	26112
SELT	51714
ARR3	407
ENY2	56943
GRIK4	2900
MXD3	83463
TEX19	400629
OCIAD1	54940
UBE2Q2	92912
UTS2R	2837
SSR1	6745
SYCE2	256126
ASIC4	55515
TRIB2	28951
CLDN1	9076
CDKL4	344387
SND1	27044
C14orf164	100507650
ESCO2	157570
KIF9	64147
ZNF670	93474
GM2A	2760
C11orf74	119710
ZC3H7A	29066
HEATR6	63897
DYNLRB1	83658
ZNF695	57116
AFF1	4299
CHPF	79586
MRFAP1	93621
TGFBR3	7049
MAP1LC3A	84557
PIK3CD	5293
LRRC4C	57689
ZCWPW2	152098
SCN2A	6326
S100P	6286
KRT2	3849
KPNA6	23633
AKR1C1	1645
FARSA	2193
MRFAP1L1	114932
ZNF669	79862
GLT8D2	83468
SLC36A3	285641
BLOC1S4	55330
GPR101	83550
CAPNS1	826
ZIC3	7547
C1orf229	388759
RAB9B	51209
KIAA0232	9778
ITIH3	3699
HOMEZ	57594
ZNF124	7678
ATP5L2	267020
FBXO22	26263
CALR	811
A4GALT	53947
SEMA4D	10507
SKIV2L2	23517
RAB41	347517
ANKHD1	404734
NKAIN3	286183
COX7A1	1346
C14orf159	80017
ZNF496	84838
TRIM16	10626
H2BFWT	158983
UBE2F	140739
API5	8539
OGFOD3	79701
TMEM198	130612
TBCEL	219899
PKHD1L1	93035
RSL1D1	26156
H2BFM	286436
CLDN16	10686
PBK	55872
ZNF565	147929
IGFBP1	3484
DNAH10	196385
GGH	8836
ZNF146	7705
PPME1	51400
ARFGAP3	26286
SLC36A2	153201
PIGU	128869
GADD45G	10912
ZFP14	57677
TXLNA	200081
SLC25A53	401612
RUNDC1	146923
KRT1	3848
ZCCHC18	644353
ZFP82	284406
RBMS3	27303
NCAPG2	54892
DIRAS2	54769
NLRP3	114548
TRMT61A	115708
C19orf24	55009
FAM199X	139231
TMEM207	131920
KLK4	9622
PTPRO	5800
SLC25A3	5250
TBC1D14	57533
KRT77	374454
FGF13	2258
TTPA	7274
PRELID1	27166
ZNF566	84924
TECTA	7007
CAMK2G	818
KLHDC1	122773
NCOA6	23054
OR2B11	127623
BAG5	9529
FOXN2	3344
GJA1	2697
BRDT	676
SYK	6850
PDZD11	51248
KLK5	25818
KRT76	51350
YTHDF3	253943
CLSTN1	22883
CCDC28B	79140
CD8B	100996919
MUM1	84939
PPP1R3E	90673
ADAD2	161931
RAD23A	5886
GCSAML	148823
KLHL8	57563
HSF2	3298
VGF	7425
PACSIN2	11252
ESX1	80712
NAT16	375607
IQCC	55721
BCL2L2	599
FAM84A	151354
KLK6	5653
OR2C3	81472
DPF3	8110
MED31	51003
NRG4	145957
OR2G2	81470
KLHDC2	23588
ZNF260	339324
OR2G3	81469
OCIAD2	132299
AUH	549
OR13G1	441933
BCL2L2-PABPN1	100529063
CSRNP3	80034
OR6F1	343169
SC5D	6309
KCNG4	93107
OBSL1	23363
KIF4A	24137
F9	2158
LMAN2	10960
OR1C1	26188
MOGAT3	346606
OR14A16	284532
WFDC1	58189
GNAO1	2775
OR11L1	391189
NFIL3	4783
EPHX4	253152
TRIM58	25893
PABPN1	8106
DCDC2B	149069
C17orf100	388327
RGPD1	400966
TP53INP2	58476
IL1RAPL2	26280
ZNF529	57711
GSPT1	2935
OR2W3	343171
P4HA3	283208
TTC17	55761
OR2T8	343172
GADD45GIP1	90480
ROR2	4920
BTBD8	284697
DAND5	199699
MXI1	4601
OR2L13	284521
BHLHE22	27319
TWIST1	7291
EBAG9	9166
SERINC1	57515
OR2L8	391190
USP15	102465133
OR2AK2	391191
CYP7B1	9420
FERD3L	222894
GGT7	2686
OR2L5	81466
OR2L2	26246
TMEM234	56063
OR2L3	391192
SEPT9	10801
IGFBP3	3486
OR2M5	127059
EFNA2	1943
SLC13A5	284111
AMFR	267
OR2M2	391194
OR2M3	127062
TGFBR2	7048
OR2M4	26245
HSD17B13	345275
KIAA1107	23285
SPTLC1	10558
OR2T33	391195
PKIB	5570
OR2T12	127064
OR2M7	391196
CTNNBIP1	56998
ARMC1	55156
MCM10	55388
OR14C36	127066
SLC36A1	206358
AC091814.3	400002
OR2T4	127074
ATP2C2	9914
OR2T6	254879
KLK7	5650
C1orf146	388649
OR2T1	26696
OR2T2	401992
TWISTNB	221830
MYPN	84665
OR2T3	343173
C15orf27	101930395
OR2T5	401993
SCARA5	286133
OR2G6	391211
PRKCA	5578
PGM2L1	283209
OR2T29	343563
OR2T34	127068
RGS14	10636
OR2T10	127069
KLHL18	23276
HEXDC	284004
OR2T11	127077
OR2T35	403244
LYRM2	57226
NDUFS7	374291
TEX13A	56157
OR2T27	403239
HSD17B12	51144
OR14I1	401994
CCDC96	257236
KLC1	3831
KCNE3	10008
SLC22A17	51310
VPS53	55275
TADA2B	93624
RP11-277P12.20	101928100
SH3BP5L	80851
PLOD3	8985
NFIX	4784
GRPEL1	80273
CA4	762
CWH43	80157
LZIC	84328
GLMN	11146
ZNF672	79894
FAT2	2196
SORL1	6653
TNFRSF17	608
ZNF382	84911
SORCS2	57537
KLK8	11202
PTPN23	25930
TMEM196	256130
FASTKD3	79072
GALNT3	2591
TTLL1	25809
ETFA	2108
LIPT2	387787
ZNF461	92283
SNX29	101929304
NUDT21	11051
NRK	203447
IARS	3376
RP13-81N3.2	101928162
NUGGC	389643
CPOX	1371
MACC1	346389
SCLY	51540
PTPN18	26469
LYL1	4066
GPR15	2838
POLD3	10714
ALKBH3	221120
TBC1D8	11138
BIK	638
CPPED1	55313
ZNF567	163081
SMNDC1	10285
GADL1	339896
MCAT	27349
ZNF692	55657
GAMT	2593
OGFOD1	55239
MCF2	4168
MTFR1	9650
KLK9	284366
NBAS	51594
TSPO	706
TLDC1	57707
ANKDD1B	728780
FABP7	2173
NMNAT1	64802
PLGLB1	5343
SHISA9	729993
EIF3I	8668
CACNG5	27091
ITGB8	3696
CCDC14	64770
ST3GAL6	10402
ATOH7	220202
RBP7	116362
ZNF850	342892
SLC34A1	6569
KLK10	5655
GFI1	2672
TTLL12	23170
ELP3	55140
DCAF4	26094
MDN1	23195
TTC21B	100506124
SEMA5A	9037
EFS	10278
DAZAP1	26528
ZNF790	388536
PBLD	64081
FAM167B	84734
COTL1	23406
TRMT1	55621
SMPDL3A	10924
PGBD2	267002
KLK11	11012
ACSS2	55902
ADAM15	8751
DDX11L1	100287102
CLVS2	134829
CACNG4	101929306
KRT3	3850
STT3B	201595
TNS3	64759
ZNF345	25850
DBX2	440097
PFN3	345456
CCDC92	80212
EVI5	7813
UBE4B	10277
WASH7P	653635
DCUN1D4	23142
PPAP2A	8611
ERCC4	2072
LCK	3932
KRT4	3851
C11orf96	387763
KLHL36	79786
PSAPL1	768239
ACCSL	390110
IL1RAP	3556
FAM194A	131831
LRRC4	64101
ZNF829	374899
TRDN	10345
SCUBE1	80274
LEP	3952
INHA	3623
RPL5	6125
BBS2	583
CICP27	402483
AFAP1	60312
CAGE1	285782
ANO6	196527
BLID	414899
ACCS	84680
ABCB5	340273
SERPINA7	6906
RGPD2	729857
UBASH3B	84959
RBM28	55131
MUM1L1	139221
ISL2	64843
ITIH4	3700
FAM69A	388650
MKL2	57496
USP10	9100
CACNG1	786
STK11IP	114790
SLC38A9	153129
NACC1	112939
F12	2161
IL25	64806
CHRDL2	25884
CXorf57	55086
KLK12	43849
RP5-857K21.5	101928626
hsa-mir-6723	102465432
HDAC1	3065
RP5-857K21.11	101929612
HNRNPH3	3189
RP11-206L10.3	101928379
STX10	8677
CMTM5	116173
RP11-206L10.2	101929540
ESPNL	339768
ZNF286A	57335
RP11-206L10.9	101930657
XAF1	54739
KLK13	26085
SYBU	55638
RNF169	254225
HELZ	9931
MT4	84560
RPS15	6209
FAM87B	400728
LINC00115	101927535
IER2	9592
NOL8	55035
CRTAM	56253
SCAPER	49855
ZNF568	374900
LINC01128	643837
MTF2	22823
MT3	4504
SPARC	6678
NEMF	9147
ZNF664	144348
PDE7A	5150
FAM41C	284593
KRT79	338785
POC5	134359
OSBPL10	114884
RP11-54O7.1	284600
MPPED1	758
C11orf63	79864
ZNHIT1	10467
KRT78	196374
C17orf64	124773
RP11-465B22.3	100288175
RP11-434C1.1	338817
RIMS1	22999
GRK6	2870
EPS8	2059
ZNF420	147923
BSX	390259
EXT2	2132
XRRA1	143570
ATOX1	475
CLDN15	24146
RP11-465B22.5	254099
MIR200B	406984
MIR200A	406983
MIR429	554210
APPBP2	10513
TTLL10-AS1	100506376
CNOT11	55571
APC2	10297
HCFC2	29915
LRRC66	339977
KRCC1	51315
MIR613	693198
HSD17B11	51170
ABLIM2	84448
TAS2R1	50834
FAM101A	100533183
SGCB	6443
DCBLD2	131566
RPL13AP20	387841
MIR614	693199
GSS	2937
RHOT1	55288
TMED5	50999
KLHL30	377007
CRISPLD2	83716
KLK14	43847
RP11-392P7.6	100506314
EFCAB6	64800
MYH6	4624
CTU1	90353
CYP51A1	1595
G3BP1	10146
FAM132B	151176
PPM1D	8493
FAM173B	134145
NUDT9	53343
SIGLEC9	27180
CENPP	401541
CFC1B	653275
RP4-740C4.6	100129534
RNF128	79589
SMYD1	150572
SP8	221833
FIS1	51024
RP3-395M20.8	100133445
RNF149	284996
SIGLEC7	27036
ILKAP	80895
MYH7B	57644
RP3-395M20.9	100996583
PARN	5073
OGN	4969
SP4	6671
HSPA8	3312
ZNF585A	199704
SCAP	22937
RPL27	6155
LINC00982	440556
ZFYVE1	53349
HTR7P1	93164
SPATA18	132671
ALX4	60529
MIR551A	693135
OMD	4958
EIF4G1	1981
SPARCL1	8404
CACNA1A	100507353
TP73-AS1	57212
C17orf62	79415
ZNF585B	92285
RCN2	5955
LINC01134	100133612
ASPN	54829
RP13-614K11.1	728716
NKAIN2	154215
CD82	3732
FRAT1	10023
RP5-1166F10.1	284661
ARID2	196528
CCT5	22948
C7orf65	401335
KIF1B	23095
MIR4417	100616489
MIR4689	100616421
PRR7	80758
SIAH2	6478
LINC00337	148645
C19orf25	148223
MIR4252	100422975
CCDC18	343099
GDPD2	54857
FRAT2	23401
ZDHHC7	55625
RP11-242F24.1	100505887
MARCKSL1	65108
DSPP	1834
HUS1	3364
TBC1D8B	54885
ECM2	1842
TSSK3	81629
DNAH11	8701
SULT4A1	25830
DMP1	1758
RNF217	154214
LRRD1	401387
FAM229A	100128071
CLRN1	7401
CD33	945
KCNV1	27012
ROPN1	54763
PNOC	5368
ZNF383	163087
SLC4A3	6508
FBXO39	162517
IBSP	3381
PCSK4	54760
IPPK	64768
EFNA4	1945
PSTPIP1	9051
DNAJC5B	85479
DUSP5	1847
RIOK1	83732
ERBB4	2066
STRAP	11171
ENO1-AS1	100505975
TEKT1	83659
SIGLECL1	284369
PKD1L1	168507
ZNF395	55893
MIR34A	407040
PRRT4	401399
DR1	1810
MUSTN1	389125
BICD2	23299
RP11-558F24.4	101929074
TMEM110-MUSTN1	100526772
DBN1	1627
MIR5697	100847055
USP46	64854
SPCS2	9789
RABL5	64792
EFNA3	1944
MT2A	4502
MED12L	116931
TSPAN18	90139
MIR1273D	100422970
HKR1	100507342
FBXO16	157574
PSMD12	5718
SMC3	9126
BFAR	51283
MT1E	4493
MYH7	4625
ZNF484	83744
RP4-635E18.6	101929136
MTOR-AS1	100873935
BSDC1	55108
MT1M	4499
IGLON5	402665
ELP6	54859
NCOR2	9612
RP1-69M21.2	101929181
GJA10	84694
MT1A	4489
NEU3	10825
NPPA-AS1	100379251
REEP6	92840
CREG2	200407
AC016757.3	151174
RNU5E-1	26829
VSIG10L	147645
MT1B	4490
RRP12	23223
MIR4632	100616438
TRPC4AP	26133
OR2AT4	341152
PLA2G10	100652777
EFNA1	1942
MT1F	4494
FNBP1L	54874
RP11-695J4.2	101928290
GPR68	8111
TRIM55	84675
BACH2	60468
ETFB	2109
PPP1R21	129285
ARF6	382
KIAA0513	9764
ALOX12	239
MT1G	4495
DLG3	1741
C14orf182	283551
FGD3	89846
RFX8	731220
ZNF860	344787
C14orf183	196913
ADAMTSL5	339366
MT1H	4496
FAM92B	339145
KRIT1	889
GPD1L	23171
MT1X	4501
VCPKMT	79609
TPD52L1	7164
COL8A1	1295
RP11-508P1.2	101928340
CLMP	79827
GLRA1	2741
ERVMER34-1	100288413
RASL11B	65997
SLCO2B1	11309
CMTM8	152189
TP53I11	9537
NPIPA3	100288332
CSPG5	10675
SUSD3	203328
CMTM7	112616
EDEM2	55741
IMPDH1	3614
SCFD2	152579
FZD3	7976
BCAR3	8412
C7orf69	80099
CCDC88C	440193
C9orf89	84270
CMTM6	54918
GSE1	23199
HES6	55502
CLDND2	125875
MAP4K3	8491
SLC50A1	55974
NINJ1	4814
MAP3K7	6885
NKG7	4818
NUP93	9688
EXTL3	2137
NOMO1	101930025
GRAMD1B	57476
SUN3	256979
GPR148	344561
LIM2	3982
MORC4	79710
DYNC1LI1	51143
SCN1A	6323
PNPLA5	150379
DNTTIP2	30836
COL26A1	136227
AMER3	205147
PGD	5226
ZNF527	84503
RUFY2	55680
TSPAN3	10099
IKZF2	22807
PRDM11	101060179
GCLM	2730
NMUR2	56923
CSMD3	114788
PNPLA3	80339
CRH	1392
C19orf84	147646
MON2	23041
RNASEK	440400
RRS1	23212
SYT13	57586
ZNF569	148266
SOS2	6655
ZBTB8B	728116
APITD1	100526739
PLK5	126520
NGDN	25983
PDLIM7	9260
ZBTB8A	653121
RBM25	58517
GINS2	51659
TPBGL	100507050
INTS9	55756
MEX3D	399664
SAMM50	25813
SV2C	22987
PEAK1	79834
DPM3	54344
EPHA4	2043
ZBTB8OS	339487
PROCR	10544
ZNF570	148268
MBD3	53615
MMP24	10893
ABCA4	24
SCAF11	9169
C16orf74	404550
SLC12A3	6559
KRTCAP2	200185
WNK2	65268
SMARCC1	6599
CDCA7L	55536
ARRB1	408
EMC8	10328
SCN3B	55800
ADHFE1	137872
HMG20A	10363
NPIPA1	101059953
SIGLEC10	89790
PER2	8864
DERA	51071
PARVB	29780
UQCR11	10975
ARHGEF4	101930241
KALRN	8997
ZNF793	390927
CMSS1	84319
ESYT2	57488
CCDC130	81576
SH3TC1	54436
MEPE	56955
FAM57A	79850
SRA1	10011
C9orf129	445577
EIF6	3692
SCN9A	6335
BCAS3	54828
EIF4EBP3	8637
MYL10	93408
GRIA1	2890
HDDC2	51020
FAM120AOS	158293
CORT	1325
COX4I1	1327
MRI1	84245
RNASEK-C17orf49	100529209
RBBP4	5928
CHST1	8534
DFFA	1676
ARHGAP29	9411
C19orf53	28974
C7orf57	136288
SLC35C1	55343
LINGO1	84894
TRAF3IP1	26146
PEX14	5195
ZNF540	163255
DDX1	1653
CRY2	1408
FAM120A	23196
SFMBT1	51460
CNOT10	25904
UPP1	7378
EPHA7	2045
TBC1D26	101930296
TBC1D2B	23102
HERPUD1	9709
ZNF202	7753
PDXDC1	23042
HEY2	23493
ZNF571	51276
TEX11	56159
IFI35	3430
MAPK8IP1	9479
FABP1	2168
FIP1L1	81608
CASZ1	54897
OR6X1	390260
PHF2	5253
PARVG	64098
GEMIN4	50628
DDX4	54514
OR6M1	390261
TRIM46	80128
IRF8	3394
FAM83C	128876
APBB3	102465499
ATP11C	286410
TMEM225	338661
C11orf94	143678
L2HGDH	79944
SLC15A5	729025
OR8D4	338662
ABCD3	5825
DOK3	79930
WDR60	55112
IKBIP	121457
BARX1	56033
SIGLEC8	27181
SYNC	81493
ADORA2B	136
THNSL2	55258
MGST1	4257
OR4D5	219875
ZSWIM4	65249
OR6T1	219874
ZFP30	22835
ATP5S	27109
OR10S1	219873
IQGAP2	10788
PTPDC1	138639
GPR171	29909
OR10G4	390264
NANOS3	342977
OR10G9	219870
P2RY14	9934
FOXF1	2294
ZFHX2	85446
RIPPLY1	92129
TMEM178A	130733
PEX16	9409
GPR87	53836
ZSWIM7	125150
P2RY13	53829
CLDN2	9075
F3	2152
ZNF169	169841
KIAA1522	57648
CUX1	1523
C19orf57	79173
HMBOX1	79618
UQCC1	55245
CEACAM18	729767
NFYB	4801
RPS3	6188
OR10G8	219869
RAPGEF5	9771
OR10G7	390265
RBM41	55285
RHBDL3	162494
DNA2	1763
PAX3	5077
NCOA7	135112
GLOD4	51031
NUTM2F	441457
TCF3	6929
SIGLEC12	89858
MTHFSD	64779
APOPT1	84334
P2RY12	64805
HIATL1	84641
ABCA13	154664
HTRA3	94031
TEX37	200523
CC2D1A	54862
FBP2	8789
SPP1	6696
IGSF10	285313
LNX1	84708
SPAG16	79582
KRT18	3875
VWA5A	4013
GYLTL1B	120071
FBP1	2203
AC008271.1	101926966
ONECUT3	390874
MYCN	4613
TNRC6C	57690
KIAA1644	85352
C1orf127	148345
ZNF781	163115
EIF2AK3	9451
RFT1	91869
ASB1	51665
SH2D7	646892
LDOC1L	84247
TWIST2	117581
TTC19	54902
VIPR2	7434
CIB2	10518
ZNF607	101927758
ACOX3	8310
FAM114A2	10827
SLC44A3	126969
TARDBP	23435
YARS	8565
C12orf61	283416
C8orf46	254778
SLC25A16	8034
SIGLEC6	946
CETP	1071
PRR5	55615
HILPDA	29923
C9orf3	84909
ATP8B3	148229
PKD2	5311
FAM49A	81553
RPIA	22934
FILIP1L	11259
ZNF573	126231
LMO3	55885
KLHL35	283212
DHX30	22907
MANEA	79694
AP1G2	8906
S100PBP	64766
NUP62CL	54830
HDAC4	9759
FUT9	10690
IDH3A	3419
FOXC2	2303
SLC7A3	84889
XRCC3	7517
FOXL1	2300
PPM1H	57460
UFL1	23376
C16orf95	100506581
PODNL1	101928772
TET1	80312
CHIC2	26511
OR8G1	26494
NTAN1	123803
OR8G5	219865
ABCG2	9429
FANCC	2176
OR8D1	283159
MUC1	4582
OR8D2	283160
PHF21A	51317
GSX2	170825
OR8B2	26595
NARF	26502
OR8B3	390271
OR8B4	283162
CNN3	1266
CDKL1	8814
OR8B8	26493
WDR87	83889
PRR5-ARHGAP8	553158
OR8B12	219858
PRKCD	5580
KIF13B	23303
MFAP3	4238
AADAC	13
SMEK1	55671
FNDC5	252995
GDPD5	81544
GDF5	8200
MYBL1	4603
CCDC140	151278
FBXO31	79791
OR8A1	390275
SGPP2	130367
ALG14	199857
PANX3	116337
RRN3	54700
CXorf66	347487
ZNF175	7728
EIF4B	1975
MAP4K5	11183
STEAP1B	256227
C17orf75	64149
TMEM56	148534
SNX12	29934
KCNQ5	56479
FARSB	10056
DDX41	51428
SIGLEC5	8778
SIPA1L3	23094
PIH1D3	139212
FAM168B	130074
BCL6B	255877
TMEM56-RWDD3	100527978
IL6	3569
TBRG1	84897
DUSP4	1846
SIGLEC14	100049587
OR4C13	283092
TRPS1	7227
OR4C12	283093
REXO1	57455
RWDD3	25950
SUCNR1	56670
CEP250	11190
VWC2	375567
FOXO4	4303
MAP1LC3B	81631
MASP2	10747
VWC2L	402117
TOMM7	54543
CCAR1	55749
ANKIB1	54467
SCN7A	6332
AVPR1A	552
HAS1	3036
METTL2B	55798
ZPBP	11055
SOX3	6658
HINT3	135114
PDGFRA	5156
LINC00632	286411
GALNT10	55568
NPIPA5	101930008
SRM	6723
TRMT44	152992
CDR1	1038
SPANXB2	100133171
BARD1	580
ZCCHC14	23174
CREB3L1	90993
SPANXB1	171490
HPCA	3208
RBM20	282996
SLC38A1	81539
LDOC1	23641
FAM126A	84668
SPANXC	171489
MPV17L	255027
SPANXA1	728712
TMEM54	113452
KLF16	83855
FPR1	2357
EIF3H	8667
UMPS	7372
TRMT11	60487
KHDC1L	100129128
TRIM71	131405
FHL5	9457
FPR2	2358
ACSBG1	23205
TMC6	11322
C16orf45	89927
CCR4	1233
TMEM66	51669
FRMPD3	101930538
KHDC1	80759
RNF19B	127544
SPANXD	64648
TMEM30C	644444
EXOSC10	5394
TBX2	6909
PTCH1	5727
SLC16A13	201232
APAF1	317
DPF1	8193
MAGEC3	139081
MBNL1	4154
PRPS1	5631
CXorf65	158830
ABHD17A	81926
PTBP2	58155
UTP23	84294
GPR63	81491
MAP4	4134
PSEN1	5663
IL2RG	3561
NDUFAF4	29078
TBC1D23	55773
DPPA5	340168
VCPIP1	80124
MOGAT1	116255
KHDC3L	154288
MAGEC1	9947
JPH3	57338
FAM193B	54540
DNAJA4	55466
OOEP	441161
C8orf44-SGK3	100533105
PDCD4	27250
GLB1	643853
GPR78	27201
C8orf44	56260
PPM1K	152926
KLHL32	114792
TXNRD1	7296
DPY19L2	283417
SERPINH1	871
LEPROTL1	23484
SLC16A11	162515
C7orf72	100130988
SIAE	54414
SCARB1	949
MAGEC2	51438
RNMTL1	55178
DPYD	1806
PLEKHB2	55041
KIT	3815
GATAD1	57798
KLHDC4	54758
SPA17	53340
CLEC10A	10462
ACSL3	2181
AC093627.8	101930221
ERCC6L2	101928170
CPZ	8532
NRGN	4900
ABCA12	26154
IKZF1	10320
NXN	64359
AC093627.10	100507642
RAD21	5885
DGKZ	8525
NLRC5	84166
C17orf82	388407
KIAA0430	9665
NDUFA10	4705
RAD51AP2	729475
THBS3	7059
SNX7	51375
SAP30L	79685
TBX4	9496
ERGIC3	51614
CATSPERB	79820
VSNL1	7447
MBOAT4	619373
ERVW-1	30816
HSD17B3	3293
MTOR	2475
MMP3	4314
RERGL	79785
DCTN6	10671
ADC	113451
NCOR1	9611
AC226118.1	442497
PHF21B	112885
AC147651.3	441307
SPANXN4	441525
AC147651.5	101927000
CENPW	387103
SPINT2	10653
LPPR5	163404
SPANXN3	139067
KLHL7	55975
SLC35D2	11046
ATL1	51062
TMED9	54732
IL31RA	133396
NACA2	342538
SLITRK4	139065
XIRP2	129446
SPANXN2	494119
ASGR2	433
DDX43	55510
UBE2NL	389898
VSIG2	23584
SCAMP4	113178
ZNF367	195828
FPR3	2359
BRIP1	83990
RSPO3	84870
LPPR4	9890
PPP1R14A	94274
HABP4	22927
PEX1	5189
SLC35A4	113829
MMS22L	253714
HERC6	55008
NUP50	10762
ESAM	90952
FKBP4	2288
WDR61	80349
ADAT3	113179
THUMPD2	80745
SLC7A5	8140
CD14	929
ZNF577	84765
RNF146	81847
PGAM1	5223
MED12	9968
UCMA	221044
SMC6	79677
CSNK1G2	1455
SLC38A2	54407
MAP6	4135
PALMD	54873
JPH4	84502
HAND1	9421
F2RL2	2151
MSANTD2	79684
TSC22D3	1831
CA5A	763
B3GALT1	8708
MOGAT2	80168
CRABP1	1381
SPANXN1	494118
ZNF649	65251
FIGNL1	63979
F2R	2149
B4GALT7	11285
TRIM62	55223
DCAF15	90379
BTBD2	55643
FRRS1	391059
ZNF613	79898
STK39	27347
DGAT2	84649
SLITRK2	84631
IREB2	3658
DHRS2	10202
OR6B2	389090
CDC14B	8555
NDUFA2	4695
INTS2	57508
PRR21	643905
LARP1	23367
TMEM257	9142
OR6B3	150681
RFX1	5989
FAM71F2	346653
AC147651.4	101926963
ZNF350	59348
MYEOV2	150678
MIR339	442907
CDC25A	993
NIT2	56954
VAT1	10493
KDR	3791
MB21D1	115004
OTOS	150677
RLN3	117579
F2RL1	2150
YIF1B	90522
MTX1	4580
IL27RA	9466
FAM71F1	84691
SPAG4	6676
UVRAG	7405
PALM3	342979
ROBO3	64221
CRTAP	100653071
NDE1	54820
KCNE4	23704
S100Z	170591
hsa-mir-1199	102466515
ZNF615	284370
TC2N	123036
SCG2	7857
TMCO6	55374
C19orf67	646457
SUSD5	26032
ZFYVE21	79038
UBC	7316
ITFG2	100507424
RBPMS	11030
AP1S3	130340
WNT11	7481
AAED1	195827
FMR1	2332
ZNF614	80110
SH2B2	10603
TKT	7086
ZNF207	7756
PRKRIR	5612
ZNF362	149076
ZNF510	22869
MAL	4118
MCMDC2	157777
PRKACA	5566
NUPL2	11097
PRKRIP1	100630923
CRHBP	1393
MDK	4192
A3GALT2	127550
ANGPTL7	10218
ITGB5	3693
SAV1	60485
MKNK2	2872
TOMM70A	9868
HMX1	3166
ZNF782	158431
UBIAD1	29914
STOX1	219736
BBIP1	92482
ASF1B	55723
ZNF432	9668
USP17L13	100287238
RP11-111M22.2	101928749
AARD	441376
USP17L10	100287144
ASGR1	432
BANP	54971
USP17L11	100287178
USP17L12	100287205
MTO1	25821
HLA-DRB5	3127
USP17L15	100288520
MID2	11043
PHC2	1912
AC091729.9	101927021
POU3F2	5454
USP17L17	100287327
USP17L18	100287364
AGL	178
PHYH	5264
USP17L19	100287404
ZNF841	284371
SLC30A8	169026
MRPS5	64969
DDC	1644
LNP1	348801
FBXL4	26235
USP17L20	100287441
LPHN1	22859
PSMG3-AS1	114796
USP17L21	100287478
CHRM4	1132
USP17L22	100287513
CTSV	1515
SRD5A3	79644
USP17L24	728419
ECHDC1	55862
AGGF1	55109
WDFY1	57590
PIK3C2G	5288
TMEM5	10329
USP17L5	728386
FBLN5	10516
C19orf33	64073
TMEM165	55858
TFAMP1	260341
HERC5	51191
KCNK6	9424
CERS6	253782
AC074389.9	101927125
MIR4655	100616160
GTF2E2	2961
AC004840.9	101927181
TIMM22	29928
TMEM14E	645843
TCF24	100129654
P2RY1	5028
IL6ST	3572
MIR4648	100616116
DDX50	79009
C11orf30	56946
RAP2B	5912
DEFB131	100129216
FAXC	84553
MYH11	4629
PPP1R42	286187
ORAI2	80228
AMBRA1	55626
MED30	90390
ROBO4	54538
CD97	976
WDR45B	56270
GMNC	647309
SLC2A9	56606
NET1	10276
SRGAP1	57522
TEX13B	56156
SLC35A3	23443
TMEM45A	55076
FAXDC2	10826
EXT1	2131
GPC1	2817
FBXL2	25827
CATSPERG	57828
OSTN	344901
SMIM18	100507341
AC004906.3	101927256
C3orf79	152118
COPS5	10987
PYURF	100996939
TENC1	23371
MRPL44	65080
CCDC180	100499483
ZNF616	90317
DHX37	57647
HIAT1	64645
PTCHD2	57540
KIAA0930	23313
ZSCAN20	7579
ZNF836	162962
TMC8	147138
ARHGEF26	26084
GSR	2936
UTS2B	257313
COQ3	51805
DLG4	1742
CPNE2	221184
FBXO2	26232
HERC3	101929134
VSIG1	340547
SHOC2	8036
ABR	29
SASS6	163786
MOB3A	126308
MED13	9969
UPK3A	7380
DRD5	1816
PPP2R1A	5518
ZNF469	84627
RNF216P1	441191
IZUMO4	113177
ZFPM1	161882
FAM118A	55007
RND2	8153
FBXO44	93611
SAMD12	401474
TRMT13	54482
C12orf66	144577
EXOSC1	51013
SLC38A4	55089
ANKMY1	51281
SLC8A1	6546
IK	3550
WDR1	9948
CLOCK	9575
HARBI1	283254
TNFRSF11B	4982
TDRD7	23424
CPNE1	8904
FAM192A	80011
LRRC32	2615
ZC3H18	124245
DHRS4	10901
LRRC39	127495
SMC1B	27127
GPR128	84873
CSMD2	114784
FMR1NB	158521
COLEC10	10584
TSKU	25987
CALML5	51806
CALU	813
C2orf91	400950
ZBED3	84327
ALKBH4	54784
TMOD1	7111
DBT	1629
PROP1	5626
CALML3	810
RIBC2	26150
IL17C	27189
PPP2CB	5516
NIN	51199
LRWD1	222229
FAM153C	101930363
PKDCC	91461
PSMD8	5714
AP3D1	8943
TSTD2	158427
PSMD10	5716
GPNMB	10457
N4BP3	23138
TEX15	56154
AFF2	2334
RTCA	8634
ASB13	79754
AMIGO2	347902
HEPACAM	641654
ATIC	471
CYBA	1535
C17orf99	100141515
PPP1R13B	23368
DDX39A	10212
PCED1B	91523
ATG13	9776
DHX36	170506
NLGN3	54413
NCBP1	4686
FBXO6	26270
GGN	199720
CCDC15	80071
ANKRD55	79722
RMND5B	64777
NOV	4856
MUC13	56667
PDE8B	8622
NAP1L5	266812
TRIP11	9321
PURG	29942
C2orf27A	29798
MVD	4597
FOPNL	123811
RSPRY1	89970
FAM131A	131408
XPA	7507
DHRS4L2	317749
HYKK	123688
HEG1	57493
FOXE1	2304
CSPP1	79848
WRN	7486
PAPLN	89932
SLC37A2	219855
C9orf156	51531
CAMP	820
OPN1SW	611
MAD2L2	10459
HEMGN	55363
CDC14A	8556
ZNF766	90321
SOGA3	387104
ZNF589	51385
TFG	10342
FBLN1	2192
GEN1	348654
ANP32B	10541
FAM98C	147965
HMGB4	127540
LRRC16B	90668
RBAKDN	389458
NRIP2	83714
DUSP28	285193
ZNF890P	645700
ZNF480	147657
PKN1	5585
NANS	54187
FAM13A	10144
SNAI3	333929
C1orf94	84970
PSMA4	5685
SLC12A8	84561
C12orf56	115749
RPAP3	79657
SMIM12	113444
EML4	27436
ZNF610	162963
RNF166	115992
TRIM14	9830
MALSU1	115416
GPR88	54112
RNPEPL1	57140
ZNF880	400713
ADRA2A	150
POLR2J	5439
ARL2BP	23568
DRAXIN	374946
CORO2A	7464
TMEM218	219854
PSMD11	5717
RAB40B	10966
PLCZ1	89869
IGF2BP3	10643
PLLP	51090
ZNF528	84436
CHRNA5	1138
C14orf2	9556
VCAM1	7412
ATG4A	115201
CCL22	6367
ABCC1	4363
CX3CL1	6376
GJB5	2709
C6orf58	352999
RASA4B	100271927
CHRNA3	1136
GJB4	127534
PTGER1	5731
ARHGAP1	392
RP11-1275H24.1	100129484
GJB3	2707
CCL17	6361
TBC1D2	55357
FAM208B	54906
MIR589	693174
NHP2	55651
NRG1	3084
MSGN1	343930
GJA4	2701
EXTL2	2135
GPAM	57678
CHRNB4	1143
KCNS3	3790
ZNF534	147658
RNF216-IT1	100874342
CCDC136	64753
DLGAP3	58512
ENPP2	5168
PDCL2	132954
GIPC1	10755
ZNF578	147660
RDH14	57665
UBP1	7342
GRB10	2887
GABBR2	9568
ADAMTS7	11173
ZNF408	79797
MYO7A	4647
NMU	10874
RASGRP4	115727
XPOT	11260
ZNF808	388558
PKNOX2	63876
DOT1L	84444
CAPN10	11132
CACNA1D	776
F2	2147
CIAPIN1	57019
TAF2	6873
GJB1	2705
DPH5	51611
TDRD9	122402
ANKS6	203286
AC005841.1	101929469
NT5C1B-RDH14	100526794
RP11-244H3.4	9204
ZMYM6NB	100506144
ZNF518B	85460
EXOC1	55763
FN3KRP	79672
ZNF701	55762
FOXM1	2305
PLEKHJ1	102466736
CLCN2	1181
GALNT12	79695
AGTRAP	57085
CLNK	116449
NT5C1B	93034
CPNE6	9362
IDS	3423
DNAJB1	3337
S1PR1	1901
COL15A1	1306
ABI3BP	25890
CTU2	348180
SF3A2	8175
THEMIS	387357
ZNF83	55769
MORF4L1	10933
FDPS	2224
TECTB	6975
OLFM3	118427
PMS2CL	441194
TIGD2	166815
NME6	10201
FLNC	2318
GPRIN3	285513
CDK5R1	8851
RBM48	84060
TRA2A	29896
DSCC1	79075
ARFGEF1	10565
HNRNPAB	3182
TGFBR1	7046
ABCC6	101930322
FEZ1	9638
ATXN10	25814
DHRS9	10170
TECR	9524
RHNO1	83695
FAM133B	257415
SNCA	6622
MTHFR	4524
MYO1D	4642
ALG2	85365
CAPZA3	93661
TULP3	7289
ZMYM3	9203
SEC61B	10952
AMH	268
DEPTOR	64798
WNT7B	7477
ZMYM1	79830
CKAP5	9793
JSRP1	126306
NR4A3	8013
RBM12	10137
SPINK8	646424
C22orf26	55267
ZNF148	7707
GDPD4	220032
EEF1A1	1915
FBXW12	285231
RUSC1	23623
COQ9	57017
OAZ1	4946
ACSL5	51703
STX17	55014
TBK1	29110
HS3ST1	9957
ACADVL	37
TEAD4	7004
PPARA	5465
NFS1	9054
ERP44	23071
NDUFB7	4713
PIGL	9487
RAB28	9364
POLR2C	5432
OSR1	130497
COL14A1	7373
PAK1	5058
EI24	9538
FN3K	64122
GPR149	344758
ZNF611	81856
NKX3-2	579
MIR3683	100500886
SPRYD3	84926
TTC32	130502
INVS	27130
COL4A6	1288
ZNF600	162966
GDI2	2665
RYR1	6261
BOD1L1	259282
RD3L	647286
CLEC17A	388512
CDPF1	150383
NOMO3	408050
CTSH	1512
ZNF28	7576
ENDOU	8909
ASPG	374569
PKDREJ	10343
COL11A1	1301
FUT10	84750
EMR3	84658
LRP4	4038
MMRN1	22915
PTPRK	5796
IGFBP6	3489
TTC38	55020
MME	4311
SFPQ	6421
ROMO1	140823
CLASP2	23122
TEX10	54881
PLEKHA5	54477
COX7A2L	9167
CENPV	201161
CEP135	9662
CLCN6	1185
ZNF468	90333
PLXNB1	5364
CCSER1	401145
SNX4	8723
C19orf35	374872
MSANTD3	91283
ZNF320	162967
SYNGR2	9144
DOK4	55715
AC005532.5	101927354
CPA6	57094
LINGO3	645191
MSANTD3-TMEFF1	100526694
PIEZO1	9780
LSM7	51690
TMEFF1	8577
SOAT2	8435
MURC	347273
CXorf40A	91966
NONO	4841
ATP6V1F	101927180
GTSE1	51512
TMPRSS9	360200
LPPR1	54886
PREX2	80243
ZMYM4	9202
ZNF333	84449
WDR35	57539
CDT1	81620
CCDC126	90693
TIMM13	26517
BAAT	570
CLNS1A	1207
TBCD	101929597
ASH1L	55870
MRPL50	54534
C11orf49	79096
RNPC3	55599
LMNB2	84823
GRID2	2895
IRF5	3663
PHYKPL	85007
ZNF189	7743
NPPA	4878
APRT	353
FAM221A	340277
CCDC102A	92922
NPPB	4879
GADD45B	4616
ALDOB	229
KIAA2013	101930060
MRPL13	28998
RP5-1159O4.2	101927391
ZDHHC16	84287
GNG7	2788
AQP11	282679
RBM39	9584
GPR114	221188
AMY2B	648740
NRL	4901
TMEM246	84302
MAGEA9B	728269
AC009473.1	100505921
UBB	7314
HSFX2	100506164
TTI2	80185
COBL	23242
GALNS	2588
GPR35	2859
NPIPA7	101060412
KIAA1211	57482
STT3A	3703
MTBP	27085
AQP12B	653437
RNF20	56254
AMY2A	279
ZNF816	100529240
KIF26A	26153
RASSF3	283349
PLOD1	5351
DIRAS1	148252
COL23A1	91522
ANKS1B	56899
ERVV-1	147664
ERVV-2	100271846
TRMU	55687
AC007009.1	100505938
TMEM185A	84548
AMY1A	278
C2orf27B	408029
OSBPL11	114885
SLC39A3	29985
PCK2	5106
GRIN3A	116443
ANKRD30BL	100132154
AQP12A	375318
ATOH1	474
SGTA	6449
PPP3R2	5535
NUMB	101930388
AC022431.2	101928448
ZNF160	90338
PYGL	5836
CYLC2	1539
TMEM98	26022
CPEB2	132864
AASDH	132949
MAP3K1	4214
MSTO1	55154
MAP4K1	11184
WDR55	54853
XYLT1	64131
CHEK1	1111
DND1	373863
GPR39	2863
SMARCAD1	56916
MAK16	84549
CSAD	51380
TSPAN9	10867
RSF1	51773
RASGRF1	5923
KCNG3	170850
CDK6	1021
RNF122	79845
BRCA1	672
KIF1A	547
LRP2	4036
THOP1	7064
ZNF415	55786
DUSP26	78986
TK1	7083
PRMT8	56341
SAMD9	54809
TRAPPC2L	51693
GNS	2799
SMC2	10592
PRMT6	55170
SNTB1	6641
C1QTNF7	114905
STK31	56164
POM121L12	285877
C8orf34	116328
AAMDC	28971
ANKRD34C	390616
HAS2	3037
EMR2	30817
LYPD1	116372
ZHX2	22882
SAMD9L	219285
VSTM2A	222008
TMED3	23423
PABPN1L	390748
MTA3	57504
BHLHA9	727857
MAGEA11	4110
TRPV2	51393
TUSC5	286753
HARS	3035
KIAA1024	23251
SEC61G	23480
ZNF554	115196
UNC5D	137970
INTS4	92105
CLK4	57396
YWHAE	7531
OR13F1	138805
OR13C4	138804
ST20-MTHFS	100528021
ALG1L	200810
OR13C3	138803
DERL1	79139
ST20	400410
OR13C8	138802
MATN3	4148
NCKAP5	344148
KIAA0319L	79932
OR13C5	138799
OR13C2	392376
TMEM179	388021
EFCAB4B	84766
OR13C9	286362
NTNG1	22854
BCL2A1	597
OR13D1	286365
COL4A5	1287
CBFA2T3	863
NIPSNAP3A	25934
ARFGAP2	84364
ZNF354A	6940
HEPACAM2	253012
ROPN1B	152015
NIPSNAP3B	55335
SETD9	133383
MAGEA8	4107
WDR41	55255
C14orf180	400258
NOMO2	283820
MFN2	9927
CHDH	55349
HPGDS	27306
ABHD12B	145447
ZFAND6	54469
LAMA2	3908
IL17RB	55540
PPAT	5471
AFMID	125061
PLCH1	23007
ABCA1	19
EIF3K	27335
ZNF347	84671
CRK	1398
KCTD14	100532726
THRSP	7069
CC2D2A	57545
TNPO3	23534
ZNF665	79788
NDUFC2	4718
ACRV1	56
POLR2H	5437
MGAT5	4249
ZNF677	342926
DCAF11	80344
ZNF354B	117608
ZNF555	148254
SPACA3	124912
PHF20	51230
VAV3	10451
CELSR1	9620
ACTN4	81
TBC1D31	93594
ZNF556	80032
ZFP2	80108
ZDHHC6	64429
LAPTM4A	9741
PACSIN3	29763
ZNF57	126295
AGXT	189
ALG8	79053
MIER3	166968
ANKRD16	54522
INF2	64423
ZNF77	58492
GRAMD4	23151
VN1R2	317701
NCDN	23154
VN1R4	317703
BIRC8	112401
OXER1	165140
CCDC132	55610
EGFR	1956
TBC1D30	23329
TLE6	79816
ZNF845	91664
ZNF454	285676
HAAO	23498
SLC44A1	23446
SULF1	23213
TMEM163	81615
CERK	101927622
ACSF3	197322
GRM6	2916
CXorf40B	541578
PATE1	160065
FAH	2184
KCNU1	157855
MIIP	60672
ZNF879	345462
PATE2	399967
DDB2	1643
PATE3	100169851
ASIC2	40
PATE4	399968
SLC25A24	29957
CDH15	1013
C2orf54	79919
ZNF703	80139
HYLS1	219844
ZNF765	91661
PDCD6IP	10015
ZNF354C	30832
VTI1A	143187
TBC1D22A	25771
PUS3	83480
SLC41A3	54946
FSD1L	83856
CAPN12	147968
ZNF813	126017
TNFRSF8	943
ADAMTS2	9509
SDC1	6382
NBPF4	148545
PARP11	57097
CCDC50	152137
ARNT2	9915
AC005550.4	101927524
SLC22A31	146429
KCTD21	283219
TLE2	7089
DDX25	29118
NPY	4852
GPR56	9289
WIF1	11197
ZNF778	197320
AC104809.3	728763
PDLIM5	10611
CCDC51	79714
ERLIN2	11160
FBXO18	84893
SCAND1	51282
LGALS7	653499
ACP2	53
MPP6	51678
ISPD-AS1	100506025
FKTN	2218
USP35	57558
PAICS	10606
FAM211A	388341
NBPF6	653149
CNBD2	140894
TFAP2E	339488
MYO1C	4641
TRIM9	114088
ARHGAP18	93663
C3orf33	285315
PSMB2	5690
TAL2	6887
ZNF287	57336
TNFRSF1B	7133
C1orf216	127703
CCL2	6347
TMEM38B	55151
ANKRD11	29123
ABHD17C	58489
CCND2	894
ITGB1BP2	26548
ZNF624	57547
FAM102B	284611
TMA7	51372
RPS15A	6210
DFNA5	1687
ZNF740	283337
GAB2	9846
FAM19A5	25817
MAMLD1	10046
TSPAN33	340348
SRP72	6731
LGALS4	3960
HENMT1	113802
ZNF462	58499
CLSPN	63967
OR7A5	26659
ACTR8	93973
ARL6IP1	23204
ATRIP	84126
OR7C1	26664
MTM1	4534
OR7A10	390892
OR7A17	26333
FBXL5	26234
OR7C2	26658
RUFY1	80230
ZNF331	55422
EPB41L1	2036
YY1AP1	55249
ITGB7	3695
PUM2	23369
ECH1	1891
IRS4	8471
SLC1A6	6511
HEATR4	399671
GUCY2F	2986
TCF7L2	6934
PRPF38B	55119
RAD23B	5887
MMS19	64210
FAM83A	84985
C12orf5	57103
SEPHS1	22929
ACOT1	641371
CCDC105	126402
NXT2	55916
TMX1	81542
SELK	58515
CASP14	23581
OR1I1	126370
KCNE1L	23630
FGF23	8074
FGF6	2251
PROSC	11212
SYDE1	85360
SPG7	101930112
AC003075.4	101927609
CDON	50937
FNDC7	163479
KLF4	9314
KIAA1199	57214
LEMD3	23592
ACTL7B	10880
AEBP2	121536
ACTL7A	10881
C12orf4	57102
VPS13D	55187
ACSL4	2182
STXBP3	6814
CCDC144A	9720
CCL7	6354
BRD1	23774
MTMR1	8776
ILVBL	10994
AGO4	192670
ACOT2	10965
NR1H3	10062
SNED1	25992
SLC33A1	9197
ARL9	132946
MESDC2	23184
THEGL	100506564
AC019117.1	102659288
HNRNPL	3191
AC017060.1	101927630
IKBKAP	8518
RPUSD4	84881
CCL11	6356
AAR2	25980
FRMD6	122786
BBS5	129880
ARPP21	10777
STON1	11037
ZBED4	9889
ADSSL1	122622
SMG1	101060589
TMEM244	253582
HOPX	84525
OTP	23440
BMPR1B	658
CACNA2D3	55799
AGO1	26523
THADA	63892
DPRX	503834
ALG12	79087
GPR97	222487
TBCA	6902
LANCL2	55915
TAF1	6872
RPL13	606500
DLGAP4	22839
C8orf76	84933
SMO	6608
AKNAD1	254268
NARS2	79731
ACOT4	122970
ACOT6	641372
SLCO5A1	81796
ZHX1-C8ORF76	100533106
FAM206A	54942
FAM118B	79607
MESDC1	59274
NOTCH3	4854
L3MBTL3	84456
C15orf26	161502
DNAL1	83544
NLRP12	91662
ZHX1	11244
KLHL41	10324
BIRC5	332
RINL	126432
PRDM14	63978
CRELD2	79174
TENM4	26011
RAD51AP1	10635
PDE3A	5139
SPINK2	6691
GPSM2	29899
SRPR	6734
UNC5C	8633
AHCYL2	23382
CTNNAL1	8727
AP3B1	8546
DAP3	7818
CPNE7	27132
GPR124	25960
MYADM	91663
FAM181B	220382
AES	166
ACMSD	130013
CCDC135	84229
MTERFD2	130916
NCOA2	10499
IL16	3603
SLCO1C1	53919
AGO3	192669
TREX1	11277
PRCP	5547
REST	5978
GNA11	2767
PRKCG	5582
EPHX3	79852
ATAD2	29028
FAM200B	285550
TMEM245	23731
FASTKD1	79675
PIM3	415116
TMEM164	101928589
GNA15	2769
VOPP1	81552
THPO	7066
CLCC1	23155
S1PR4	8698
NOA1	84273
MYL9	10398
GPBP1	65056
FRRS1L	23732
BRD4	23476
BRF2	55290
DHRS3	9249
TGIF2	60436
SIRT2	22933
CALCR	799
EPB41L4B	54566
TGIF2-C20orf24	100527943
PDHA2	5161
ALDH1L1	10840
FOXRED1	55572
NCLN	56926
STPG2	285555
C20orf24	55969
ZNF750	79755
BST1	683
OSBPL3	26031
C11orf82	220042
POLR2B	5431
KATNB1	10300
PNMA1	9240
SHISA5	51246
HNRNPH1	3187
CD99L2	83692
B3GNTL1	146712
STARD5	80765
AADACL4	343066
CCNT2	905
AADACL3	126767
PTPN3	5774
RAB11FIP1	80223
C1orf158	93190
TMC7	79905
TEKT2	27285
SLA2	84174
CHRD	8646
AKAP8	10270
WDR47	22911
DPEP1	1800
AMMECR1	9949
ADPRHL2	54936
ELMSAN1	91748
TMEM235	283999
RAB30	27314
COL8A2	1296
TMC3	342125
CELF5	60680
PALM2	114299
SOCS3	9021
GNG2	54331
FITM1	161247
RARG	5916
CHMP1A	5119
TRAPPC3	27095
OGT	8473
TAF13	6884
TRAM1	23471
PRAMEF12	390999
TMEM167B	56900
PRAMEF1	65121
SEPT14	346288
PALM2-AKAP2	445815
RAP1GDS1	5910
PYDC2	152138
FAM71C	196472
MRPS17	51373
PRAMEF11	440560
HNRNPCL1	101060301
SPATA33	124045
C1orf194	127003
ZNF713	349075
COQ7	10229
PRAMEF2	65122
PSME1	5720
PRAMEF4	400735
RGAG1	57529
INPP5K	51763
IL17REL	400935
PRAMEF10	343071
C14orf166	51637
PRAMEF7	441871
NDRG3	57446
MAP3K19	80122
CD38	952
SAMD3	154075
SIVA1	10572
MAP7D1	55700
PRAMEF6	101929983
C9orf152	401546
GOT1L1	137362
GBAS	2631
CDK10	8558
LRTM1	57408
TXN	7295
ADRB3	155
NFIC	101928686
TNFRSF13B	23495
EIF4EBP1	1978
MEX3B	84206
STAC	6769
RP11-597K23.2	101929690
CHRDL1	91851
PCF11	51585
PPIG	9360
WNT5A	7474
UHRF1BP1L	23074
TXNDC8	255220
MLC1	23209
KIFC3	3801
KIAA1324	57535
PRAMEF22	653606
WDYHV1	55093
STON1-GTF2A1L	286749
ITPRIPL2	162073
EFTUD1	79631
PTGR2	145482
LHFPL2	10184
LACTB2	51110
PRAMEF3	401940
PGS1	9489
DYRK4	8798
ASH2L	9070
TIRAP	114609
METRNL	284207
HMGB3	3149
NFKBIB	4793
XKR9	389668
SYT17	51760
EMC9	51016
AKT1	207
GPR50	9248
DCPS	28960
GON4L	54856
CCER2	643669
IGFBP7	3490
ACTBL2	345651
PASK	23178
ARSB	411
FBXO32	114907
ANKRD42	338699
FGFBP1	9982
SLCO1B3	28234
CYCS	54205
C19orf77	284422
FGFBP2	83888
AC108004.2	100506371
PLK2	10769
VMA21	203547
RP11-1260E13.4	100506388
PRAMEF8	391002
CCDC173	129881
SVEP1	79987
DOHH	83475
PRAMEF9	653619
DSN1	79980
SARS2	54938
MADD	8567
TSPAN5	10098
PRAMEF13	400736
ERC2	26059
PSME2	102465801
PHOSPHO2	493911
ACTR6	64431
MOV10L1	54456
FGF12	2257
PRAMEF18	391003
TMEM200A	114801
AKAP8L	26993
PRAMEF16	654348
SMLR1	100507203
SARS	6301
EYA1	2138
PFKFB4	5210
PASD1	139135
GNGT1	2792
EID3	493861
KLHL38	340359
SPATA2L	124044
FAM154B	283726
TFPI2	7980
GOLGA6L10	101927601
EPHB3	2049
ANXA13	312
C7orf31	136895
VPS9D1	9605
DMGDH	29958
GOLGA6L9	101927658
CHST11	50515
TMC5	79838
MUSK	4593
MPRIP	23164
ST3GAL4	6484
DCLK3	85443
CCDC90B	60492
RPS17	100505503
PRRG3	79057
MRPS12	6183
KCNH4	23415
DBIL5P	100131454
MAGEF1	64110
MB21D2	151963
WIZ	58525
PROM1	8842
KLHL23	100526832
CELSR2	1952
NID2	22795
DNAH17	8632
EIF4E	1977
LPAR1	1902
HRASLS	57110
CTD-2600O9.1	388282
ZNF276	92822
MIR3183	100422835
TRANK1	9881
OR2K2	26248
PRAMEF21	645425
CACNG7	59284
SOGA1	140710
FATE1	89885
CACNG8	59283
FZR1	51343
STRIP2	57464
NPVF	64111
SYT11	23208
PITPNA-AS1	100306951
CACNG6	59285
CNGB1	1258
PRAMEF19	645414
NFE2L3	9603
PRAMEF17	391004
PSPH	5723
THRAP3	9967
FBXO17	115290
SMKR1	100287482
FAM91A1	157769
EPB41L2	2037
LRRC38	126755
IL15RA	3601
SSB	6741
VSTM1	284415
PTGDR	5729
FBXO27	126433
TLDC2	140711
HNRNPA2B1	3181
BEND7	222389
RIT1	6016
STAR	6770
CNGA2	1260
NRF1	4899
PDPN	10630
SH3D21	79729
MFSD12	126321
RASAL3	64926
ZNF410	57862
TARM1	441864
PAPL	390928
LSM1	27257
KIAA0368	23392
PANX2	56666
PSRC1	84722
CCT6A	908
MIR22HG	407004
EVA1B	55194
RAB3GAP1	22930
EPM2AIP1	9852
MAGEA4	4103
MFSD5	84975
ACRC	93953
SAMHD1	25939
OSCAR	126014
PGLYRP2	114770
GDE1	51573
HABP2	3026
BAG4	9530
TRABD	80305
STK40	83931
C19orf71	100128569
MYBPHL	343263
RAPGEF3	10411
METAP1	23173
GAPT	202309
PRDM2	7799
AKAP3	10566
TEPP	374739
ESPL1	9700
NDUFA3	4696
ATP13A5	344905
KIAA0907	22889
PTGER2	5732
SLCO1B7	338821
CYP4F22	126410
CCP110	9738
TXNDC16	57544
DDHD2	23259
FANCA	2175
TFPT	29844
ZNF483	158399
ZNF319	57567
FER1L6	654463
SORT1	6272
KLF15	28999
KIRREL3	84623
BHMT2	23743
PPP1R7	5510
RXFP4	339403
TMEM65	157378
USB1	79650
CPEB1	64506
CCDC37	348807
NDUFA9	4704
VPS8	23355
LSM10	84967
ADH5	128
CXCR3	2833
CCDC66	285331
PTGR1	22949
HMG20B	10362
RAB3C	115827
SELO	83642
NHSL2	340527
C5orf60	285679
PSMA5	5686
POLR2J3	100134938
UBE2H	7328
UCN2	90226
OSCP1	127700
RGAG4	340526
SLC41A2	84102
GABRE	2564
CBY3	646019
CYP4F3	4051
ZBTB42	100128927
DNAJC25	552891
MYBPC3	4607
SYPL2	284612
RBL1	5933
PAK4	10298
TRMT12	55039
GNG10	2790
TUBGCP6	85378
RNF139	11236
MMP15	4324
MLH1	4292
PITPNA	5306
ATXN7L2	127002
FN1	2335
NCCRP1	342897
PAK3	5063
ETS1	2113
SYCN	342898
HCRT	3060
CEP170B	283638
IFNL3	282617
CANX	821
IFNL4	101180976
IFNL2	282616
CYP4F12	66002
CYB561D1	284613
IFNL1	282618
LRFN1	57622
C9orf84	158401
PLD6	201164
SLCO1B1	10599
TATDN1	83940
GHDC	84514
RASA4	10156
AP3B2	8120
AMIGO1	57463
FLI1	2313
RP11-383H13.1	100132891
C16orf80	29105
COL7A1	1294
GMFG	9535
MSC	9242
C16orf62	57020
GPR61	83873
DLG2	1740
ZC3HC1	51530
UGCG	7357
ZFP36L2	678
CSNK2A2	1459
PRPF31	26121
MRPS15	64960
GNAI3	2773
ANO7	50636
PDE4D	5144
NRAP	4892
TRPA1	8989
BET1L	51272
SLCO1A2	6579
CCDC113	29070
PLEKHH2	130271
ADH4	127
FLCN	201163
GNAT2	2780
MAML1	9794
OR10H2	26538
OR10H3	26532
TECRL	253017
ARHGEF2	9181
OR10H5	284433
DVL2	1856
OR10H1	26539
SAMD4B	55095
LTC4S	4056
SUSD1	64420
MAGEA10	4109
CYP4F2	8529
KCNB2	9312
ZXDC	79364
GIPC3	126326
MROH8	140699
TBXA2R	6915
ADH6	130
CNOT3	4849
TERF1	7013
SLC43A2	124935
SPIRE2	84501
IMPG2	50939
RNF31	55072
DEPDC4	120863
CSF3R	1441
PRSS54	221191
GPR137C	283554
PFDN5	5204
KAZN	23254
GABRA3	2556
GINS3	64785
CACTIN	58509
HDAC10	83933
MIR132	406921
MIR212	406994
SCGB1C1	147199
GNG11	2791
NDUFB9	4715
AL450226.2	101927839
ODF3	113746
SPI1	6688
RPN2	6185
PTBP3	9991
TMEM51	55092
ZRANB3	84083
BET1	10282
STAT5B	6777
ADH1A	124
PLD4	122618
LENG1	79165
C1orf195	727684
CYP4F11	57834
SLC48A1	55652
EPHA5	2044
METTL5	29081
KCNJ1	3758
AMPD2	271
SNORD91B	692208
RIC8A	102465445
CBX3	11335
ATP13A4	84239
SNORD91A	692207
UBTD1	80019
PIP5K1C	23396
SLC39A13	91252
COL1A2	1278
KCNJ5	3762
FSD2	123722
BHMT	635
SUMF2	25870
HSDL2	84263
C11orf45	219833
SCYL2	55681
CAPN6	827
WHAMM	123720
COPS3	8533
TP53AIP1	63970
SNX10	29887
SBSPON	157869
TMC4	147798
HOMER2	9455
C7orf71	285941
MTSS1	9788
GRIK3	2899
RPL7	6129
KIAA1958	158405
PAF1	54623
IL2RA	3559
SENP7	57337
HDLBP	3069
INIP	58493
GSTM4	2948
SKAP2	8935
FHAD1	114827
SSR2	6746
GHRH	2691
TJP3	27134
UROC1	131669
SNX30	401548
MANBAL	63905
FAM208A	23272
DCX	1641
ERO1L	30001
SLC46A2	57864
RP11-468E2.4	10379
KLHDC10	23008
ZFP37	7539
ADH1B	125
ARHGAP32	9743
KNOP1	400506
TCF25	22980
SLC31A2	1318
PRPF18	8559
SRC	6714
GALNT8	26290
PSMC3	5702
PHF23	79142
CENPC	1060
MAGEA6	4105
GSTM2	2946
KCNA6	3742
KCNA1	3736
STAT5A	6776
TMEM126B	55863
AHNAK2	113146
FAM103A1	83640
KCNA5	3741
IQCK	124152
HOXA1	3198
MAGEA2B	266740
ANKRD2	26287
SCARF1	8578
FKBP15	23307
RDH10	157506
ZC3H12A	102465438
UBQLN4	56893
C15orf40	123207
C12orf10	60314
ADH1C	126
SIRT3	23410
TMEM126A	84233
HOGA1	112817
PSMC6	5706
IAPP	3375
APBA3	9546
EFHD2	79180
MEAF6	64769
SLC31A1	1317
BLCAP	10904
GSTM1	2944
ADH7	131
MAPK12	6300
FAM161B	145483
CDC26	246184
MED29	55588
C12orf45	121053
CREBZF	58487
MGAT4B	11282
MAGEA12	101060230
MC1R	4157
MBOAT7	79143
TMEM209	84928
BARX2	8538
BTBD1	53339
NTF3	4908
PRPF4	9128
ZNF572	137209
PYROXD1	79912
GPRC5B	51704
ZFP36	7538
SNIP1	79753
CTRC	11330
GSTM5	2949
C4orf17	84103
TUBB3	10381
NNAT	4826
LAMTOR2	28956
DNALI1	7802
CCDC89	220388
CYTH1	9267
MRPL54	116541
RNF183	138065
CSAG1	728461
RAX2	84839
C14orf79	122616
DYNC2LI1	51626
ANO2	57101
TMEM45B	120224
NDRG4	65009
RAPSN	5913
SQLE	6713
TM6SF1	53346
ALDH1L2	160428
CHST13	166012
GSTM3	2947
LRRFIP2	9209
AKAP7	9465
C3orf22	152065
WDR31	114987
RAB25	57111
TXNRD3	645840
COQ6	51004
TSEN34	79042
MATK	4145
HARS2	23438
VWF	7450
STAU2	27067
HDAC7	51564
ARG1	383
BSPRY	54836
MEX3A	92312
CTNNBL1	56259
SLC17A8	246213
TRMT10A	93587
HDHD3	81932
NFRKB	4798
EPS8L3	79574
GPR139	124274
HOXA2	3199
hsa-mir-1253	100302208
CTD-3060P21.1	101927911
ALAD	210
HDGFRP3	50810
JMY	133746
RILP	83547
R3HDM1	23518
CELF1	10658
RBM17	84991
OR1D4	653166
VSTM2L	128434
KIAA0196	9897
SQSTM1	8878
GP2	2813
POLE3	54107
AAAS	8086
REC8	9985
GNL2	29889
PLEKHG2	64857
RECQL	5965
TTI1	9675
OR10H4	126541
C9orf43	257169
STYX	6815
ZMAT2	153527
GNPNAT1	64841
BNC1	646
MAGEA3	4102
RSPO1	284654
RPS9	6203
PI4K2A	55361
ZFR2	23217
CSF1	1435
PCDHA1	56147
TPM4	7171
UBR3	130507
NR1H4	9971
SH3GL3	6457
HOXA3	3200
MAPK11	5600
C1orf109	54955
LHCGR	3973
HOXA4	3201
MTTP	4547
HOXA5	3202
GABARAP	11337
RPRD1B	58490
CDCA4	55038
ALG13	79868
HOXA6	3203
PRPF8	10594
PSMD13	5719
SSMEM1	136263
HOXA7	3204
C10orf62	414157
OR3A4P	390756
CETN2	1069
HOXA9	3205
FERMT2	10979
SYTL2	54843
CPA2	1358
MORN4	118812
FAM185A	222234
RAB8A	4218
UMOD	7369
NSDHL	50814
HOXA10	3206
LILRB3	101929809
HOMER1	9456
AHCYL1	10768
GPR132	29933
HOXA11	3207
TRMT10C	54931
ADAMTSL3	57188
HOXA13	3209
CHCHD2	51142
AVPI1	60370
EVX1	2128
PLXNB2	23654
NT5M	56953
HSH2D	84941
RPS16	6217
CASD1	64921
MARVELD1	83742
RGS3	5998
CHCHD6	84303
CD9	928
ATCAY	85300
STAP1	26228
CTDNEP1	23399
CIB3	117286
MED23	9439
NDUFS3	4722
PCDHA2	56146
PRDM10	56980
GOLT1B	51026
FAM32A	26017
DEPDC1B	55789
STRIP1	85369
TGM2	7052
CPA4	51200
PDILT	204474
UQCRC1	7384
RP11-295P9.3	101928524
PCNP	57092
LMNA	4000
PTPMT1	114971
CELA2A	63036
UBA6	55236
NMRK2	27231
MED9	55090
PAPD4	167153
CELA2B	51032
ZNF185	7739
KIAA1755	85449
KBTBD4	55709
NUPR1L	389493
DEF8	54849
ACSM5	54988
ALX3	257
PFKFB3	5209
AP1M1	8907
UBL4B	164153
UBE2Q2L	100505679
CDCA8	55143
DENND6B	414918
JAG2	3714
SLC6A17	101928619
RP11-314A20.2	101559451
PCDHA3	56145
ZNF679	730291
IPO4	79711
BPI	149684
DAPK3	1613
ZNF736	728927
PCDHA4	56144
ZNF618	114991
GNRHR	2798
CASP9	842
ARHGEF3	50650
PCDHA5	56143
RP5-1050D4.5	101927979
NLRP6	171389
RP11-766F14.2	285556
RASD1	51655
KCNC4	3749
DAPP1	27071
FBXL13	222235
SETD6	79918
AC012146.7	101928000
EPHA10	284656
C5orf45	51149
AMBP	259
ZFYVE27	118813
PCDHA6	56142
PLEKHG6	55200
UBE2W	55284
C3orf70	285382
NSMCE2	286053
PCDHA7	56141
C12orf39	80763
PLXNA1	5361
KLF2	10365
ACSM2A	123876
KIF12	113220
RBM15	64783
ZSCAN2	54993
PCDHA8	56140
GYS2	2998
MANEAL	149175
DNAJC16	23341
EHHADH	1962
LAMTOR3	8649
PCDHA9	9752
ZBTB11	27107
FAM180B	399888
ZNF680	340252
C1QTNF4	114900
TMPRSS11D	9407
PCDHA10	56139
RPL24	6152
LBP	3929
HIBADH	11112
SUPT5H	6829
TRIB1	10221
AGMAT	79814
ZNF107	51427
SGCE	8910
PCDHA11	56138
MTCH2	23788
EEF2	1938
COL27A1	85301
PEMT	10400
DDI2	84301
DNAJB14	79982
SLC16A4	9122
TMPRSS11A	339967
DDHD1	80821
LDHB	3945
RP11-333E1.1	100130950
WDR73	84942
FAM84B	157638
PIAS4	51588
ELP5	23587
POU5F1B	5462
TCEB1	6921
CCDC83	220047
TMEM89	440955
MYC	4609
STAT3	6774
USP36	57602
ORM1	5004
LAMTOR5	10542
LILRB5	10990
TMPRSS11F	389208
ENTPD5	957
GSDMC	56169
APLP2	334
PCDHA12	56137
ATHL1	80162
PROK1	84432
EPS15L1	58513
TMPRSS11B	132724
ORM2	5005
H2AFZ	3015
KCNA10	3744
PPP6R2	9701
PLEKHM2	23207
GOLGA4	2803
KCNJ8	3764
CEP97	79598
TRPC5	7224
PCDHA13	56136
IFITM5	387733
ACSM2B	348158
KCNA2	3737
IFITM2	10581
TMEM70	54968
SEPT2	4735
IFITM1	8519
PCDHAC1	56135
IFITM3	10410
CD53	963
RAI1	10743
UBXN4	23190
RALGAPB	57148
ZBTB7A	51341
AGBL2	79841
B4GALNT4	338707
C3orf56	285311
SEMA4A	64218
MYO3B	140469
YRDC	79693
LRIF1	55791
CENPBD1	92806
ABCC9	10060
NXPE3	91775
C1orf122	127687
MAP2K2	5605
FAM49B	51571
DBNDD1	79007
PCDHAC2	56134
MAP3K13	9175
AKNA	80709
MTF1	4520
LRRC17	10234
NMB	4828
SLC26A6	102465495
TPRA1	131601
PKP3	11187
DRAM2	128338
ZCCHC16	340595
MUC22	100507679
KIAA1033	23325
SBF1	6305
LHFPL1	340596
PEG10	23089
PICALM	8301
DDIT4L	115265
SEC11A	23478
TLCD2	727910
LY96	23643
ACSM3	6296
LILRB2	10288
ARMC10	83787
NUDT14	256281
ABCG5	64240
ADIG	149685
EMCN	51705
TBC1D9B	23061
TAX1BP1	8887
INPP5B	3633
ELOVL7	79993
ARHGAP40	343578
PCDHB1	29930
CMYA5	202333
GAS8	2622
PCDHB2	56133
AMOT	154796
CEPT1	10390
DFNB31	25861
SLC32A1	140679
PCDHB3	56132
CLDN7	1366
ZNF273	101929245
SLC25A44	9673
MIR4520A	100616466
PCDHB4	56131
SLC25A34	284723
ACTR5	79913
CREB3L3	84699
PCDHB5	26167
GAS2L3	283431
TMEM82	388595
PNMA5	114824
PPP1R9A	55607
LCT	3938
FNBP4	23360
ATP6V1G1	9550
PNMA3	29944
JPH1	56704
ZNF592	9640
PNMA6C	100287428
VDR	7421
C9orf91	203197
CNOT1	23019
PMF1-BGLAP	100527963
FBLIM1	54751
SF3A3	10946
SPATA12	353324
C3orf35	339883
TNFRSF1A	7132
PPP1R16B	26051
SREBF1	6720
DENND2D	79961
SIGIRR	59307
TNFSF15	9966
GDAP1	54332
PCDHB6	56130
TNFSF8	944
ENPP3	5169
MTX3	345778
PCDHB7	56129
ERCC8	1161
CCDC176	80127
PCDHB8	56128
JAZF1	221895
ALPK3	57538
PCDHB16	57717
HTR2C	3358
MIR497HG	100506755
PCDHB10	56127
NFKBIZ	64332
ADM2	79924
ASAP1	50807
PCDHB11	56125
SPEN	23013
FAM83D	81610
TMPRSS11E	28983
ST14	6768
BMP4	652
MIR324	442898
SIRT6	51548
NUP160	23279
MIOX	55586
ITGA9	3680
ZNF117	51351
THBS4	7060
ERV3-1	2086
PCDHB12	56124
PMF1	11243
PNMA6A	84968
PCDHB13	56123
IL13RA2	3598
WDR81	124997
TIMM50	92609
SLC2A4	6517
PCDHB14	56122
ZNF92	168374
ABCG8	64241
EED	8726
PCDHB15	56121
SLC25A2	83884
SLC28A1	9154
PI15	51050
FARP2	9855
CALR3	125972
ZBTB44	29068
TAF7	6879
UGT2B17	7367
TMEM41A	90407
ACSM1	116285
PPP3CA	5530
LILRA3	11026
CHI3L2	1117
C16orf3	750
CREB5	401317
PCDHGA1	56114
FHL3	2275
C19orf44	84167
CDKN3	1033
CRISPLD1	83690
PRDM7	11105
TMEM106C	79022
LILRA5	353514
BGLAP	632
UTP11L	51118
PCDHGA2	56113
THUMPD1	55623
PCDHGA3	56112
IL17RD	54756
LILRA4	23547
TNC	3371
ADAMTS8	11095
RNF130	55819
PCDHGB1	56104
ZBTB17	7709
FSHR	2492
LRPPRC	10128
DHX35	60625
VKORC1L1	154807
CHERP	10523
ANO9	338440
POU3F1	5453
CASP7	840
RRAGC	64121
BRF1	2972
MAGEA1	4100
OR2A4	79541
CTAGE9	643854
ERI2	112479
NAPEPLD	222236
ZNF275	10838
SENP3-EIF4A1	101928634
DDX11L10	100287029
ADAMTS15	170689
LMF2	91289
SNORA67	26781
GUSB	2990
SNORA48	652965
TM9SF1	10548
LRCH2	57631
ZFP92	139735
PCDHGA4	56111
C11orf44	283171
RPL29P2	118432
PCDHGB2	56103
DEC1	50514
ENPP1	5167
C11orf73	51501
YBX2	51087
ALDH6A1	4329
DLL3	10683
PCDHGA5	56110
PCDHGB3	56102
TREX2	11219
LAIR1	3903
UGT2B7	7364
SERINC5	256987
LIPH	200879
C1orf64	149563
PAPPA	5069
CHIA	27159
SLC38A7	55238
ZPLD1	131368
SCARNA21	677763
AC025335.1	284023
SELV	348303
PON1	5444
HSPB7	27129
SNX19	399979
MIR4314	100422983
SNORD118	727676
CTDSPL	10217
PTRF	284119
HNF4G	3174
ADCY8	114
LINC00324	284029
ANKRD24	170961
SP7	121340
RASGEF1C	255426
PTDSS2	81490
SFRP5	6425
UGT2B11	10720
GOLGA7B	401647
EBI3	10148
SP1	6667
SERPINF2	5345
PDE8A	5151
EID2B	126272
RBMXL3	139804
SCNN1A	6337
Z97634.3	100134368
SLC35E1	79939
PCDHGA6	56109
MYCBP	100527950
PIFO	128344
LUZP4	51213
EID2	163126
PMPCB	9512
CCDC81	60494
MCM6	4175
PCDHGA7	56108
LGALS13	29124
PAQR6	79957
PTPRJ	5795
MIR5587	100847028
MIR3176	100423037
NCAPH2	29781
CMAS	55907
GJA9	81025
AL022341.1	100130285
AL022341.3	101929365
PCDHGB4	56101
LGALS16	148003
GOT2	2806
PLEKHS1	79949
PCDHGA8	9708
CPVL	54504
OVGP1	5016
OR4B1	119765
PCDHGA9	56107
OR4X2	119764
LGALS14	56891
RHBDL2	54933
OR4X1	390113
BANK1	55024
PCDHGB6	56100
OR4S1	256148
MIR662	724032
MAFB	9935
OR4C3	256144
PCDHGA10	56106
PON3	5446
AC004381.6	81691
MED26	9441
OR4A47	403253
AKIRIN1	79647
SPZ1	84654
TOP1	7150
TRIM49B	283116
MAPK9	5601
CLCNKA	1187
PCDHGB7	56099
LIN52	91750
TRIM64C	646754
ASTN2	23245
PCDHGA11	56105
TSSK4	283629
CRTAC1	55118
WDR77	79084
EIF5A	1984
HESX1	8820
PCDHGA12	26025
CCDC94	55702
ZFHX4	79776
SMG5	23381
CELSR3	1951
NTM	50863
MCM2	4171
SERPINF1	5176
ATP6V0A1	535
ZFYVE16	9765
SHD	56961
HAUS7	55559
RNH1	6050
CDH8	1006
UGT2B28	54490
ATP5F1	515
CTGF	1490
TIMP2	7077
TMIGD2	126259
PLCG1	5335
ME3	10873
VILL	50853
ST8SIA1	6489
NDUFS5	4725
NDUFAF2	91942
TRIM32	22954
ALCAM	214
FOLH1	219595
C1orf162	128346
LA16c-306A4.2	101929409
LA16c-366D3.1	101929387
CNIH1	10175
TLR4	7099
FSD1	79187
AMHR2	269
APPL1	26060
CLC	1178
LEUTX	342900
CLCNKB	1188
BRINP1	1620
ADORA3	140
DARS	1615
TMEM79	84283
EFR3A	23167
CHMP4A	29082
PLS3	5358
FAM131C	348487
PRR13	54458
SMIM7	79086
PCDHGC4	56098
PRSS23	11098
STK25	10494
DYRK1B	9149
RAP1A	5906
DDC8	100653515
COL2A1	1280
PRKCQ	5588
ASL	435
DCUN1D3	123879
SMIM15	643155
EPHA2	1969
PON2	5445
SSTR5-AS1	146336
SLC39A8	64116
LYRM1	57149
FAM212B	101928718
UGT2B4	7363
TTYH1	57348
FZD4	8322
CHN2	644086
C1orf85	112770
LA16c-312E8.2	101929440
OC90	729330
GMFB	2764
UGT2A1	10941
VSX2	338917
CDH11	1009
DDX20	11218
AKAP13	11214
MOXD1	26002
U82695.9	100509091
LGALS3BP	3959
HHLA1	10086
PEX2	5828
TMEM135	65084
SENP2	59343
OPA1	4976
STX7	8417
DNAH3	55567
MDP1	145553
TMEM38A	79041
LTBR	4055
BGN	633
GPS2	2874
UGT2A2	574537
ZSWIM6	57688
LENG8	114823
TAAR9	134860
TAAR8	83551
TAAR6	319100
PKIA	5569
NEDD8-MDP1	100528064
KCND3	3752
VHLL	391104
TAAR5	9038
ABCD4	5826
TAAR2	9287
TAAR1	134864
ARHGEF19	128272
CGRRF1	10668
OR4A5	81318
R3HCC1L	27291
VNN1	8876
ZC2HC1A	51101
OR4C46	119749
SCO2	9997
TRIM48	101930235
CTTNBP2NL	55917
OR4A16	81327
OR4A15	81328
RSG1	79363
C5orf64	285668
OR4C15	81309
SULT1B1	27284
PLCD1	5333
GFPT2	9945
LENG9	94059
OR4C16	219428
UTP20	27340
DNAJC2	27000
CDC42EP5	148170
NWD1	284434
CRCP	27297
OR4C11	219429
STAP2	55620
OR4P4	81300
FBXO42	54455
WNT2B	7482
OR4S2	219431
OR4C6	219432
IL7	3574
SMYD4	114826
RAB38	23682
LAIR2	3904
TYMP	1890
OR5D13	390142
OR5D14	219436
ZHX3	23051
OR5L1	219437
OR5D18	219438
CDH5	1003
SULT1E1	6783
OR5L2	26338
NEDD8	4738
SZRD1	26099
OR5D16	390144
TRIM51	84767
KIF2A	3796
ODF3B	440836
NCKIPSD	51517
LPIN3	64900
MPND	84954
STMN2	11075
CDK5RAP2	55755
KLHDC7B	113730
SYCE3	644186
OR5W2	390148
NFKB1	4790
CBLB	868
OR5I1	10798
OR10AG1	282770
EMILIN3	90187
OR5F1	338674
CTSC	1075
OR5AS1	219447
OR8I2	120586
BOK	666
OR8H2	390151
OR8H3	390152
LOXL4	84171
OR8J3	81168
SIN3B	23309
OR8K5	219453
PCBP2	5094
THAP4	51078
SH3GL1	6455
LILRA2	11027
CSN1S1	1446
CXCR4	7852
SAMD4A	23034
CNOT6	57472
CHD6	84181
SPATA21	374955
KCNQ3	3786
OR5J2	282775
OR5T2	219464
BEAN1	146227
C2CD5	9847
OR5T3	390154
TMEM159	57146
OR5T1	390155
OR8H1	219469
CD27	939
OR8K3	219473
OR8K1	390157
OR8J1	219477
OR8U1	219417
PODXL2	50512
GMPR2	51292
TPST1	8460
CPT1B	1375
SENP1	29843
OR5R1	219479
AGTR2	186
LRRC6	23639
OR5M9	390162
OR5M3	219482
KLHL25	64410
CANT1	124583
OR5M8	219484
NECAP2	55707
OR5M11	219487
ZP2	7783
SLC6A14	11254
OR5M10	390167
TAPBPL	55080
OR5M1	390168
OR5AP2	338675
OR5AR1	219493
MEGF9	1955
AGBL1	123624
CHAF1A	10036
FRMD4A	55691
HEY1	23462
RPA1	6117
PRR15	222171
ANKS4B	257629
KCTD7	154881
FBXW2	26190
TK2	7084
TOM1L2	146691
WIPF3	644150
ASB14	142686
ATG4B	23192
GRM5	2915
CT83	203413
ASB4	51666
THSD7B	80731
CRYM	1428
TYR	7299
GCH1	2643
RTN4RL1	146760
PSMD5	5711
ATP2B3	492
FAM231B	100133301
F2RL3	9002
NBPF1	200030
PYROXD2	84795
CCT3	7203
LILRB1	10859
UBXN6	80700
SCGB3A1	92304
PHF19	26147
ABTB1	80325
DLEC1	9940
TMEM71	137835
NTRK3	4916
MACF1	23499
HNMT	3176
DNAH12	201625
CPAMD8	27151
KLHL13	90293
OR9G1	390174
OR9G4	283189
IP6K2	51447
NEURL4	84461
MANBA	4126
OR5AK2	390181
TRAF1	7185
LRRC55	219527
BTBD6	90135
FLT4	2324
APLNR	187
CSN2	1447
CHKB	1120
ST7L	54879
C1QTNF1	114897
STATH	6779
SCRN1	9805
TNKS1BP1	85456
CKLF	51192
C5	727
DPH1	1801
VAMP1	6843
FKBP14	55033
SSRP1	6749
HDGFRP2	84717
MRPS28	28957
PSMC2	5701
P2RX3	5024
PHF20L1	51105
PACS2	101929695
PRG3	10394
HTN3	3347
HAUS8	93323
CCDC54	84692
PDK4	5166
PRG2	5553
PLEKHA8	84725
METTL9	51108
MAPK8IP2	23542
OPCML	4978
CKLF-CMTM1	100529251
VNN2	8875
PTPRT	11122
HPS1	3257
NOX4	50507
TSACC	128229
CAPZA1	829
SPATA19	219938
TINF2	26277
OR2Y1	134083
SLC43A3	29015
WDHD1	11169
DYNC1I1	1780
MRPL46	26589
PLIN4	729359
CMTM1	113540
IGSF9B	22997
IGSF6	10261
CNTRL	11064
MRPS11	64963
MGAT1	4245
PLIN5	440503
DIMT1	27292
BBX	56987
LILRA1	11024
LRRC48	83450
VRTN	55237
TPD52	7163
MRPL51	51258
SRSF6	6431
JAM3	83700
SYNDIG1L	646658
FAM231A	101060384
DTYMK	1841
TMEM248	55069
NPC2	10577
MOV10	4343
SLC18B1	116843
OTOA	146183
CROCC	9696
NRXN1	9378
RHBG	57127
LILRB4	11006
PDE12	201626
MGLL	11343
RAB14	51552
ARSA	410
L3MBTL1	26013
ZFP62	643836
ARF4	378
SPOPL	339745
ACAA1	30
HTN1	3346
RPS12	6206
MYO9B	4650
LRG1	116844
RTN4RL2	349667
MFAP2	4237
NCAPD3	23310
NCAPD2	9918
ETNK1	55500
ENGASE	64772
UBE2D3	7323
MKLN1	4289
OVCA2	124641
ING5	84289
SLC43A1	8501
SEMA6B	10501
DET1	55070
HIC1	3090
NXPH2	11249
AEN	64782
CMTM2	146225
DENND6A	201627
TNFAIP8L1	126282
SBDS	51119
KIAA0754	643314
WDR44	54521
BMP8A	353500
C19orf10	56005
ISG20	3669
MAP3K12	7786
SHANK3	85358
ISCA2	122961
MTURN	222166
ATP13A2	23400
PRKAR2A	5576
ZNRF2	223082
SLC26A5	375611
ACR	49
CMTM3	123920
FAM58A	92002
KBTBD12	166348
LRP1B	53353
KIR3DL1	3811
C4orf40	401137
TEX22	647310
RHOC	389
TGM1	7051
TYW1	55253
EYA4	2070
SMG6	23293
C1orf61	10485
CMTM4	146223
SEC61A1	29927
TIMM10	26519
ODAM	54959
TRIM77	390231
PABPC4	100996696
ACAN	176
TRIM49	57093
SMTNL1	219537
FDCSP	260436
SOCS4	122809
DPP9	91039
TRIM64B	642446
UBE2L6	9246
NOD1	10392
USE1	55850
MAPK1IP1L	93487
CSN3	1448
GSN	2934
TRIM49D1	101930245
CABS1	85438
SMR3A	26952
TRIM49C	642612
LGALS3	3958
RABL2B	11158
SMR3B	10879
GGCT	79017
PROL1	58503
IPO11	51194
BTNL8	79908
VPS26B	112936
SERPING1	710
TG	7038
PPM1J	333926
DYNC1LI2	1783
MTA1	9112
NAALAD2	10003
SLC25A20	788
SOX5	6660
SGK2	10110
KIR3DL3	115653
THYN1	29087
FAM19A3	284467
SDHB	6390
STOM	2040
DOCK11	139818
D2HGDH	728294
NPIPB4	23117
AUTS2	26053
HEYL	26508
DUSP9	1852
ATPAF2	91647
RABGGTA	5875
PADI2	11240
SLC16A1	6566
HAPLN3	145864
BTNL3	10917
GAL3ST2	64090
PFKM	5213
OCEL1	79629
DAB2IP	153090
ACAD8	27034
PODXL	5420
DLGAP5	9787
UQCRC2	7385
LRIG2	9860
MUC7	4589
CHORDC1	26973
MFGE8	4240
YPEL4	219539
NEU4	129807
SLC25A13	10165
GARS	2617
NT5C1A	84618
PNCK	139728
TTLL11	158135
PDZD9	255762
CLP1	10978
MEF2D	4209
HPCAL4	51440
CCDC79	283847
ZBTB10	65986
FEM1A	55527
NDUFA8	4702
TICAM1	148022
IFT52	51098
PADI1	29943
ZDHHC5	25921
MORN5	254956
BTNL9	153579
AMTN	401138
ACAP1	9744
HPSE2	60495
TARBP2	6895
CRHR2	1395
PADI3	51702
PLIN3	10226
TCF21	6943
PPIE	10450
KIR2DL3	100653050
AMBN	258
NDUFB1	4707
PADI4	23569
LTBP2	4053
OR2V1	26693
ABHD2	11057
CISD2	493856
OR2V2	285659
KCTD11	147040
C16orf52	101930115
TMEM95	339168
MED19	219541
GAPDH	2597
LHX6	26468
MYD88	4615
TRIM7	81786
ZNF704	619279
GLB1L3	112937
MAGI3	260425
MYBL2	4605
CD47	961
TMX2	51075
PAG1	55824
RUVBL1	8607
RBM18	92400
NR2F6	2063
BMP8B	656
INMT	11185
RLBP1	6017
KYNU	8942
FABP5	2171
TBPL1	9519
CPSF2	53981
OXCT2	64064
TPTEP1	387590
GTSF1L	149699
SLA	6503
ENAM	10117
KIR2DL1	3802
GID4	79018
IQGAP3	128239
PDCD1	5133
TOX2	84969
PMP2	5375
USHBP1	83878
ARIH2OS	646450
ARRDC5	645432
OXSR1	9943
TNK1	8711
FAT3	120114
CXXC11	285093
LRRC70	100130733
FABP9	646480
AC131097.4	285095
MRRF	92399
AC079779.7	101930516
ANKRD62P1-PARP4P3	23783
VWFP1	100289038
IGJ	3512
AC005301.8	101929350
HSFY1P1	27437
PLXNA4	91584
RCC2	55920
TRIM41	90933
NBR1	4077
SLC9B1	101929373
KDM4B	23030
FAM188B	84182
FABP4	2167
SLMAP	7871
MTNR1B	4544
FABP12	646486
ARIH2	10425
TRIT1	54802
UTP3	57050
DHRS1	115817
SLC36A4	120103
SLC2A12	154091
SLC24A4	123041
PTGS1	5742
SLC6A8	6535
PHTF1	10745
AQP1	358
DRG2	1819
HTR1A	3350
NAE1	8883
FANCI	55215
WBSCR17	64409
SHFM1	7979
OR1J1	347168
OR1J2	26740
OR1J4	26219
OR1N1	138883
GHRHR	2692
OR1N2	138882
TTC24	164118
OR1L8	138881
RUFY3	22902
OR1Q1	158131
CNNM1	26507
FBXO34	55030
OR1B1	347169
SRR	63826
AC009365.3	286023
GLB1L2	89944
OR1L1	26737
OR1L3	26735
ATG14	22863
RSBN1	54665
OR1L4	254973
OR1L6	392390
CHCHD3	54927
ARHGEF10L	55160
OR5C1	392391
NOP9	161424
SLC9B2	133308
PDCL	5082
SGK1	6446
CALN1	83698
EEFSEC	60678
OR1K1	392392
RNF180	285671
JPH2	57158
SLC22A13	9390
B3GAT1	27087
DNAJB8	165721
TBPL2	387332
APOA1BP	128240
AREL1	9870
OSER1	51526
CBX4	8535
GATA2	2624
LINC01001	101929712
CIDEB	27141
RGS7BP	401190
RELN	5649
RP11-326C3.2	101930595
GDAP1L1	78997
BABAM1	29086
C7orf76	401388
SLC22A14	9389
CCDC67	159989
DLX6	1750
PTPRS	5802
MIR210HG	100506211
FITM2	128486
R3HDML	140902
CRIP2	1397
AC093326.1	727944
AC093326.2	101927362
IMPA1	3612
MYCL	4610
LTB4R2	56413
TBC1D16	125058
RC3H2	54542
SMCO4	56935
MIR210	406992
AP006621.1	171391
CA7	766
BCAT1	586
IFT57	55081
PTPN22	26191
GOT1	2805
PDP2	57546
HNF4A	3172
XYLB	9942
ZBTB6	10773
NDRG1	10397
FAM159B	100132916
GPATCH4	54865
IL13RA1	3597
DLX5	1749
MFSD2A	84879
TMEM256-PLSCR3	57048
EEF2K	101930123
C20orf62	140834
ARHGAP15	101928361
TSR1	55720
EXOC4	60412
KIAA1731	85459
GNB2L1	10399
ANKLE1	126549
SLC10A5	347051
ACN9	57001
RP13-870H17.3	101927503
TOLLIP-AS1	255512
SREK1IP1	285672
BCL2L15	440603
TAC1	6863
LTB4R	1241
KRTAP5-AS1	338651
ACTL8	81569
POLG	5428
FAM99A	387742
FAM99B	100132464
AP006285.6	100505570
NKX2-3	159296
IGSF21	84966
MIR4298	100423021
LINC01150	101927624
MRPL23-AS1	100133545
NPFF	8620
BCAP31	10134
C3orf27	23434
KLHDC7A	127707
LINC01115	339822
AC113607.2	101060385
HHLA2	11148
H19	100033819
HAPLN2	60484
ADCYAP1R1	117
MYT1L-AS1	730811
TTPAL	79183
PAX7	5081
AC011995.3	101927534
POLR3E	101060521
AC019118.2	101927554
MIR483	619552
CCDC40	55036
IGF2-AS	51214
AC108488.4	100506014
MIR4686	100616126
KTN1	3895
TAS1R2	80834
RNASEH1-AS1	100506054
CDH16	1014
AP4B1	10717
ZFAND1	79752
BDH2	56898
SERINC3	10955
FAM107B	83641
ASB8	140461
ATF7	11016
AC107070.1	100505964
AC022311.1	727982
SGSM2	9905
SLC25A28	81894
TRIM52	84851
ABHD8	79575
ALDH4A1	8659
PKIG	11142
CDR2	101060399
LINC01105	400940
ABCD1	215
DCLRE1B	64858
RPN1	6184
ZNRF4	148066
MRPL34	64981
MYH15	22989
CWC27	10283
CTD-2083E4.6	102467073
RRAD	6236
ADCY4	196883
TMEM256	254863
SAFB2	9667
RHCG	51458
hsa-mir-7515	102466235
RAB7A	7879
DDA1	79016
BCAN	63827
NLGN2	57555
TAF1D	677822
ENTPD7	57089
ANO8	57719
CTD-2228K2.7	100288152
ADA	100
GRSF1	2926
MIR4456	100616381
RP11-310P5.1	100996325
RIN3	79890
RP11-43F13.3	100506688
FAM96B	51647
NEUROD6	63974
MIR4635	100616479
CTD-3080P12.3	101928857
MIR4457	100616235
RP11-325I22.2	100506791
IFFO2	126917
POM121	9883
NPIPB5	100132247
SPEM1	374768
C12orf68	387856
OR10AD1	121275
CES2	8824
C17orf74	201243
TICRR	90381
ZCCHC12	170261
H1FNT	341567
MYO15A	51168
ASNS	440
CCDC129	223075
P4HTM	54681
WISP2	8839
ZNF641	121274
NES	10763
PLXNB3	5365
C12orf77	196415
TRIM74	378108
ACVR2B	93
KIF7	374654
LONRF3	79836
C11orf54	28970
CRABP2	1382
KCNK15	60598
KIAA1524	57650
GTDC1	79712
RIMS4	140730
PPP1R17	10842
ATP5G2	517
CHMP4C	92421
GTPBP3	84705
PLIN1	5346
WDR6	11180
ISG20L2	81875
SAFB	6294
TMEM102	284114
YWHAB	7529
HIPK1	204851
SNX16	64089
FGF11	2256
ACAD9	28976
CUTC	51076
PEX11A	8800
CENPE	1062
PDE1C	5137
LRMP	4033
NSUN5	55695
ORC5	5001
HS3ST2	9956
MOB1B	92597
CES3	23491
WDR93	56964
CRIP1	1396
RRNAD1	51093
USP31	57478
ANP32D	23519
KIAA1210	57481
LRGUK	136332
ADAMTS6	11174
SCNN1G	6340
ST3GAL1	6482
OLFML3	56944
CHRNB1	1140
RALYL	138046
IFFO1	25900
EXOG	9941
CES4A	283848
PABPC1L	80336
C12orf54	121273
PGRMC1	10857
SCNN1B	6338
COX15	1355
MRPL24	79590
PLVAP	83483
SYT6	148281
DCK	1633
YLPM1	56252
MESP1	55897
RPL36	25873
BST2	684
MESP2	145873
TRIM50	135892
RIPK3	11035
SLC25A43	203427
ANPEP	290
LGMN	5641
COG7	91949
CALCOCO1	57658
GAA	2548
MVB12A	93343
TOMM34	10953
ZFAT	57623
C19orf70	125988
OR8S1	341568
LALBA	3906
HDGF	3068
HES1	3280
DALRD3	55152
LRRCC1	85444
TRIM33	51592
CBFB	865
STK4	6789
SLC35B4	84912
SLC25A5	292
C16orf70	80262
FKBP6	8468
BCAS2	10286
FZD9	8326
AP3S2	100526783
TMEM221	100130519
HSD11B1L	374875
PRCC	5546
NXNL1	115861
KANSL2	54934
SRPK3	26576
BAZ1B	9031
KCNS1	3787
WFDC5	149708
UBR4	23352
SLC27A1	376497
C14orf80	283643
DENND2C	163259
WFDC12	128488
B3GNT9	84752
C15orf38	348110
TACR3	6870
PI3	5266
TRADD	8717
GGA2	23062
CXXC4	80319
SEMG1	6406
SLC4A4	8671
APPL2	55198
FBXL8	55336
DZIP3	9666
ZNF710	374655
KIAA1257	57501
SEMG2	6407
PGLS	25796
AMPD1	270
SH2D2A	9047
EARS2	124454
AKR1B1	231
ZBTB4	57659
SLC35G6	643664
NRAS	4893
CXorf56	63932
IDH2	3418
TET2	54790
UBFD1	56061
FLNB	2317
NOP2	4839
POLR2A	5430
UBE2A	7319
EFCC1	79825
ABCC2	1244
GP9	2815
HSF4	3299
SLPI	6590
CPN2	1370
LHFPL3	375612
RAB43	339122
MED17	9440
ALKBH5	54890
LRRC15	131578
VSTM5	387804
E2F5	1875
LLGL1	3996
BCL7B	9275
MATN4	8785
HEPHL1	341208
GP5	2814
LONP1	9361
ISY1-RAB43	100534599
PELI2	57161
PANX1	24145
OCM2	4951
IDH3G	3421
RBPJL	11317
FOLR4	390243
MNT	4335
ISY1	57461
GPR83	10888
SDC4	6385
LMTK2	22853
TMEM121	80757
HOXC13	3229
NDUFAB1	4706
SYS1	90196
AKR1B10	57016
ZEB2	9839
TMEM260	54916
METTL16	284009
HOXC12	3228
KMT2E	55904
ATP13A3	79572
CSDE1	7812
HOXC11	3227
NTRK1	4914
PALB2	79728
BHLHA15	168620
FAM129C	199786
HOXC10	3226
MRE11A	4361
AKR1B15	441282
DCTN5	84516
NDUFAF3	25915
SEMA4B	10509
NFATC4	4776
TECPR1	25851
CATSPERD	257062
ANKRD49	54851
COLGALT1	79709
CCNT1	904
TBL2	26608
PLK1	5347
CENPK	64105
SIKE1	80143
TP53TG5	27296
PROX2	283571
GOLGA5	9950
INSRR	3645
NOL3	8996
PIWIL4	143689
TMEM106A	113277
PRR22	163154
PPA2	27068
IMPDH2	3615
DBNDD2	55861
FUT4	2526
TNFSF12	407977
EIF4A3	9775
KIAA0895L	653319
FLII	2314
CIB1	10519
DUS3L	56931
AMOTL1	154810
QRICH1	54870
LSM5	23658
SYCP1	6847
ADCY6	112
CASC1	55259
PEAR1	375033
KHDRBS3	10656
RETNLB	84666
ERN2	10595
TRAT1	50852
PIGT	51604
EMC1	23065
CARD14	79092
HOXC6	3223
TSHB	7252
CHP2	63928
CHGA	1113
NRTN	4902
FAM135B	51059
GPR75-ASB3	100302652
TSPAN2	10100
CNBP	7555
PAFAH1B1	5048
UNC13A	23025
GDPGP1	390637
NGF	4803
SRSF8	10929
MLXIPL	51085
ENDOD1	23052
PRKCB	5579
TTLL13	440307
BPGM	669
SSR4	6748
NGRN	51335
SESN3	143686
PPWD1	23398
IGHG1	102466889
VANGL1	81839
LRRC71	149499
ZNF774	342132
HOXC9	3225
EXOC3L1	283849
DLST	1743
FUT6	2528
OTX2	5015
PDZD4	57595
GUCA1C	9626
CASQ2	845
FAM76B	143684
CDNF	441549
FUT3	2525
E2F4	1874
IQGAP1	8826
BRI3	25798
NHLH2	4808
FUT5	2527
ARL4D	379
MRTO4	51154
CACNG3	10368
TNFSF13	8741
DNMBP	23268
SLC22A15	55356
COL22A1	169044
MAB21L3	126868
MAP1S	55201
HSPA14	51182
WFDC2	10406
CALD1	800
CEP57	9702
SPINT3	10816
WFDC6	140870
ACVR2A	92
CLUH	23277
CHD4	1108
CACNB3	784
EPPIN	57119
RBBP6	5930
AKR7A3	22977
ATP1A1	476
ELMO3	79767
HOXC8	3224
BAIAP2L1	55971
AKR7A2	8574
HOXC4	3221
NDUFA11	126328
MORC1	27136
VMAC	400673
CAPS	828
SCN5A	6331
ARHGEF11	9826
CD58	965
ORC4	5000
RPS6KL1	83694
SMUG1	23583
MTMR2	8898
ITPK1	3705
DHX8	1659
L1CAM	3897
QARS	102465536
NPTX2	4885
IGSF3	3321
CPN1	1369
COPG1	22820
SENP3	26168
LYRM5	144363
PQLC2	54896
C1orf137	388667
AVL9	23080
DPPA2	151871
CD2	914
ETV3L	440695
DPPA4	55211
RANBP3	8498
KBTBD2	25948
SGSH	6448
ARHGEF38	54848
PTGFRN	5738
CBX5	23468
KRAS	3845
ETV3	2117
CAPZB	832
EXOC5	10640
SRPK2	6733
FKBP9	11328
IFLTD1	160492
CD101	9398
MAML2	84441
VPS37D	155382
MOAP1	64112
TRIM23	373
TMEM251	26175
CCDC82	79780
PGF	5228
AP5M1	55745
DNAJC30	84277
JRKL	8690
TTF2	8458
NT5C3A	51251
TNRC6A	27327
FCHO1	23149
INTS12	57117
ERLIN1	10613
TMEM44	93109
CNTN5	53942
WBSCR22	114049
SCN10A	6336
TRIM45	80263
GSTCD	79807
MINOS1	440574
CHUK	1147
KCNK9	51305
MINOS1-NBL1	100532736
FCRL5	83416
NAA30	122830
LRRC29	26231
VTCN1	79679
LPAR5	57121
EIF4A1	652966
TMEM208	29100
ARHGAP42	143872
SLC5A11	115584
C14orf105	55195
SCN11A	11280
MAN1A2	10905
TRAPPC9	83696
FHOD1	29109
C12orf75	387882
TRAPPC13	80006
FAM46C	54855
RP9	6100
ACRBP	84519
HTR6	3362
TMEM133	83935
NYNRIN	57523
GDAP2	54834
SLC9A5	6553
TMCO4	255104
SLC35F4	341880
RAP1GAP2	23108
RFX2	101928900
FCRL4	83417
NUAK1	9891
DDX23	9416
CHAC2	494143
NPNT	255743
WDR3	10885
C14orf142	84520
PGR	5241
DNASE1L3	1776
RNF186	54546
ING4	51147
OTUD3	23252
UBR7	55148
LCA10	100996465
ABHD6	57406
PLEKHG4	25894
AVPR2	554
BBS9	27241
ARHGAP17	55114
SLC26A11	284129
CHRAC1	54108
TRPC6	7225
PVRL3	25945
RASSF8	11228
SPAG17	200162
ERLEC1	27248
PLA2G2E	30814
EIF2B2	8892
PLA2G2A	5320
B3GNT3	10331
CBLN3	643866
PUS7	54517
INSL3	3640
PLA2G5	5322
RPP14	11102
PLA2G2D	26279
KHNYN	23351
ANGPTL5	253935
PLA2G2F	64600
PLA2G2C	391013
JAK3	3718
CD96	10225
TBX15	6913
MBD5	55777
ARHGAP4	393
KIAA1377	57562
RND1	27289
WARS2	10352
UBXN10	127733
WDR48	57599
FCRL3	115352
RPL18A	6142
CWF19L1	55280
BTBD7	55727
HAO2	51179
KCTD19	146212
VWA5B1	127731
USP19	10869
HSD3B2	3284
RINT1	60561
SLC5A5	6528
ETV4	2118
MLH3	27030
SDR39U1	56948
CCDC124	115098
C11orf70	85016
KCNN1	3780
CCDC65	85478
HSD3B1	3283
BHLHE41	79365
CAMK2N1	55450
CMA1	1215
OR1D5	8386
MUL1	79594
OR1D2	4991
OR1G1	8390
FAM43B	163933
CTSG	1511
OR1A2	26189
ZNF697	90874
ACSBG2	81616
CDA	978
FKBP11	51303
OR1A1	8383
C14orf37	145407
SSPN	8082
OR3A2	4995
BMPER	168667
LRRC36	55282
OR3A1	4994
OR1E1	8387
MLLT1	4298
OR3A3	8392
PHGDH	26227
OR1E2	8388
ACER1	125981
GZMH	2999
STX1A	6804
YAP1	10413
SUV39H2	79723
CLPP	8192
EPC2	26122
ALKBH7	84266
PSPN	5623
ARRDC2	27106
FCRL2	79368
PINK1	65018
SPATA22	84690
BLOC1S2	282991
HMGCS2	3158
GTF2F1	2962
CKAP4	10970
DDOST	1650
GORASP1	64689
ACTR10	55860
SGTB	54557
IL12RB1	3594
UNC79	57578
BIRC3	330
REG4	83998
LCMT1	51451
TPPP3	51673
ADAM30	11085
GZMB	3002
ZBED2	79413
KIF17	57576
MAST3	23031
PLCXD2	257068
TCP11L2	255394
ABHD11	83451
ZDHHC1	29800
NOTCH2	4853
KHSRP	8570
BIRC2	329
FCRL1	115350
PXK	54899
PIK3R2	5296
NPSR1	387129
ATXN7L1	222255
AQP8	343
HSD11B2	3291
SH2D5	400745
FAM72B	653820
LSG1	55341
ZKSCAN2	342357
TMEM123	114908
SLC25A41	284427
FCGR1B	100132417
MMP7	4316
HS3ST4	9951
ATP6V0D1	9114
ZNF384	171017
PPIAL4G	644591
STXBP6	29091
FAM72D	728833
ITPR2	3709
RNF213	57674
CD5L	922
CLDN3	1365
IFI30	10437
CLDN4	1364
SLC25A23	79085
HP1BP3	50809
MPV17L2	84769
NOVA1	4857
RAB3A	5864
SMURF1	57154
AGRP	181
PSMA3	5684
MMP20	9313
KDM8	79831
MMP27	64066
ACYP1	97
PHLDB2	90102
MMP8	4317
NBPF8	101928050
ASPA	443
NSMCE1	197370
ZC2HC1C	79696
PKD2L1	9033
LAMB2	3913
KPNA7	402569
CRB3	92359
ARF3	377
TTC21A	199223
WBSCR27	155368
AL592284.1	101929383
WNT10B	7480
WBSCR28	135886
FAM65A	79567
POLR3B	55703
DENND1C	79958
NLN	57486
KIRREL	101928229
TRPV3	162514
DPY19L1	23333
CDHR3	222256
CD1D	912
TBX20	57057
CD1A	909
FOXG1	2290
NBPF9	728912
WNT1	7471
CD1C	911
DDN	23109
KIF5C	3800
EIF4G3	8672
HERPUD2	64224
ABHD10	55347
IL4R	3566
CD1B	910
ARPC1A	10552
PRKD1	5587
TUBB4A	10382
NEK9	91754
PRKAG1	5571
MMP10	4319
SCD	6319
MMP1	4312
PDE4C	729966
IL21R	50615
COX8C	341947
PRIMA1	145270
ASUN	55726
TNFSF9	8744
CD68	968
MMP13	4322
SEPT7	989
FAM181A	90050
DCUN1D5	84259
TAGLN3	29114
PDHB	5162
GTF3C1	2975
CTCF	10664
ASB2	51676
G2E3	55632
FGFR1OP2	26127
KIAA1683	80726
TMED10	10972
CD70	970
CSRNP1	64651
TNFSF14	8740
MPDU1	9526
RLTPR	146206
ARPC1B	10095
XIRP1	165904
DYNC2H1	79659
C3	718
CX3CR1	1524
CD1E	913
TMPRSS7	344805
TM7SF3	51768
KIAA0556	23247
SHPK	23729
ERBB2IP	55914
FOS	2353
SYPL1	6856
GPR108	102465474
OTUB2	78990
ELN	2006
ECE1	1889
DDX24	57062
OR10T2	128360
OR10K2	391107
DCLRE1C	64421
GSG1L	146395
WNT8B	7479
OR10K1	391109
OR10R2	343406
OR6Y1	391112
NBPF3	84224
OR6P1	128366
JDP2	122953
KMT2D	8085
OR10X1	128367
XPO6	23214
PDAP1	11333
OR10Z1	128368
BUD31	8896
MED21	101928625
NAMPT	10135
SEC31B	25956
BATF	10538
ALPL	249
PIANP	196500
KCTD6	200845
SPTA1	6708
C3orf52	79669
TRIP10	9322
FLVCR2	55640
PDGFD	80310
IFI27L1	122509
SBK1	388228
FAM43A	131583
DDI1	414301
NPIPB6	728741
GCSAM	257144
MEOX1	4222
C12orf71	728858
CASP12	100506742
EIF3CL	728689
CCDC71L	168455
SOX15	6665
PDE4DIP	101930416
GPR75	10936
COPS7A	50813
NPIPB7	100507607
STK38L	23012
CLN3	1201
LYPD6B	130576
PIK3CG	5294
ACOX2	8309
CCDC71	64925
OR6K2	81448
FXR2	9513
KLHDC8B	200942
OR6K3	391114
OR6K6	128371
RHEBL1	121268
OR6N1	128372
XXYLT1	152002
PTCD1	100526740
OR6N2	81442
IFI27	3429
MNDA	4332
RAP1GAP	5909
ARID4A	5926
CTNS	1497
SLC9C1	285335
C3orf84	646498
LYPD6	130574
PRKAR2B	5577
DHH	50846
CCDC36	339834
CPSF4	10898
C3orf62	375341
NOTCH2NL	388677
USP4	7375
TTLL5	23093
PSME4	23198
LMBR1L	55716
PYHIN1	149628
ENDOV	284131
TOMM20L	387990
TIMM9	26520
MMADHC	27249
NBPF10	100132406
MLF2	8079
RND3	390
ARNTL2	56938
SHBG	6462
NDUFB8	4714
HFE2	148738
FAM107A	11170
TAX1BP3	30851
P2RX5-TAX1BP3	5026
KIAA0586	9786
TXNIP	10628
FAM3D	131177
SH2D3A	10045
EMC6	83460
HBP1	26959
SOST	50964
POLR3GL	84265
GPX1	2876
ANKRD34A	284615
IFI27L2	83982
LIX1L	128077
RHOA	387
RBM8A	9939
CD200	4345
VAV1	7409
DUSP3	1845
PTMS	5763
PEX11B	8799
LAG3	3902
TCTA	6988
CD4	920
IFI16	3428
PPP4R4	57718
EMR1	2015
ATP5J2	101929716
ACAP2	23527
BTLA	151888
MBD3L5	284428
MBD3L4	653656
ITGA10	8515
MBD3L2	729458
MBD3L3	653657
ZNF557	79230
COG5	10466
AMT	275
C3orf67	200844
SAT2	112483
C17orf105	284067
ANKRD35	148741
INSR	3643
SMCO2	341346
AIM2	9447
DACT1	51339
ZNF789	285989
ATG3	64422
APOBR	55911
GPR162	27239
IL27	246778
NUPR1	26471
PIAS3	10401
SERPINA10	51156
CCDC101	112869
SERPINA6	866
ATP1B2	482
CADM3	57863
SULT1A2	6799
DAAM1	23002
NUDT17	200035
MPP3	4356
CTD-2207O23.3	23370
POLR3C	10623
SERPINA1	5265
LEPREL2	10536
SREK1	140890
DARC	2532
RNF115	27246
SULT1A1	6817
NPTX1	4884
NICN1	84276
RBM43	375287
CD160	11126
PEX11G	92960
PPFIBP1	8496
FCER1A	2205
C19orf45	374877
LIMK1	3984
OR10J3	441911
ZNF358	140467
PDZK1	5174
TP53	7157
C14orf1	11161
OR10J1	26476
MCOLN1	57192
RPTOR	57521
OR10J5	127385
ZNF394	84124
APCS	325
PPP1R2	5504
DAG1	1605
IFT43	112752
GPR22	2845
GPR135	64582
DUS4L	11062
L3HYPDH	112849
ZKSCAN5	23660
CRP	1401
HIF1AN	55662
TUBA1B	10376
FAM200A	221786
JKAMP	51528
DUSP23	54935
NMI	9111
SLC35A5	55032
GPR89A	653519
ITGAE	3682
GNB3	2784
BCAP29	55973
PAX2	5076
EIF4H	7458
FCRL6	343413
ZNF655	101929496
GPR89C	728932
BSN	8927
TGFB3	7043
RFX4	5992
SLAMF8	56833
PNPLA6	10908
APEH	327
PTPRG	5793
TUBA1A	7846
C1orf204	284677
NPIPB9	728734
VSIG8	391123
CCDC80	151887
GPATCH2L	55668
LAT2	7462
SERPINA11	256394
GSG2	83903
APOD	347
C17orf85	55421
SERPINA9	327657
REP15	387849
CCDC175	729665
MRPS35	60488
CD200R1L	344807
CDCA3	83461
SLC26A4	5172
CD300LG	146894
CCDC19	25790
SERPINA12	145264
MAST4	375449
SERPINA4	5267
RTN1	6252
ATXN2L	11273
WRAP53	55135
USP5	8078
CD200R1	131450
MUC20	200958
TNFAIP6	7130
CAMSAP3	57662
PRKAB2	5565
SERPINA5	5104
XAB2	56949
MST1	4485
TAGLN2	8407
TUFM	7284
TUBA1C	84790
PET100	100131801
CBLL1	79872
FMO5	2330
RFC2	5982
PRPH	5630
MEIG1	644890
IGSF9	57549
TPI1	7167
EFNB3	1949
SLAMF9	89886
SLC26A3	1811
PIGM	93183
KCNJ10	3766
RIF1	101929336
RP11-986E7.7	12
KCNJ9	3765
CHD1L	9557
IGSF8	93185
CLIP2	7461
MPP2	4355
DNAH2	146754
PCNXL4	64430
FAM178A	55719
BCL9	607
CHMP6	79643
ACP6	51205
MRPL43	84545
RNF123	63891
GJA5	2702
C3orf17	25871
ATP1A2	477
GJA8	2703
OLAH	55301
TROAP	10024
SPSB2	84727
GTF2IRD1	9569
DLD	1738
GSC	145258
BAIAP2	10458
LRRC23	10233
ATP1A4	480
DHRS7	51635
ENO2	2026
DICER1	23405
PPIAL4D	645142
CD180	4064
CASQ1	844
C1QL4	338761
KDM6B	23135
PEA15	8682
DNAJC22	79962
NBPF20	101060226
GTF2I	2969
SPATS2	65244
LAMB1	3912
PPM1A	5494
ATN1	1822
C14orf39	317761
BOC	91653
C12orf57	113246
DCAF8	50717
TMEM88	92162
LSMD1	84316
CYB5D1	124637
PTPN6	5777
SIX6	4990
SIX1	6495
SIX4	51804
MNAT1	4331
AMIGO3	386724
TRMT5	57570
GMPPB	29925
SLC38A6	145389
IP6K1	9807
PEX19	5824
NCF1	653361
NEB	4703
PHB2	11331
CDHR4	389118
COPA	1314
PRKCH	5583
FAM212A	389119
UBA7	7318
SEMA4G	57715
GTF2IRD2	84163
TRAIP	10293
MUC4	4585
LPCAT3	10162
PIK3R1	5295
TMEM30B	161291
HIF1A	3091
WBSCR16	653375
C10orf2	56652
NCSTN	23385
CAMKV	79012
C1S	716
NHLH1	4807
ACBD7	414149
VANGL2	57216
ACYP2	101927144
GTF2IRD2B	389524
C10orf111	221060
SLAMF6	114836
SNAPC1	6617
RPP38	10557
MST1R	4486
SYT16	83851
CD84	8832
KCNH5	27133
C1R	715
GATSL2	729438
TRIM73	375593
RHOJ	57381
SLAMF1	6504
POM121C	100101267
RIC8B	55188
CD48	962
MON1A	84315
TSPYL6	388951
PPP2R5E	5529
C1RL	51279
C2orf73	129852
SLAMF7	57823
RBM6	10180
NMT2	9397
HIP1	3092
RBP5	83758
CLSTN3	9746
LY9	4063
SPTBN1	6711
PPY	5539
CD244	51744
ITLN1	55600
ITLN2	142683
F11R	50848
PYY	5697
NAGS	162417
TSTD1	100131187
TMEM101	84336
MTERFD3	80298
USF1	7391
FAM171A1	221061
ARHGAP30	257106
CRY1	1407
LSM12	124801
PVRL4	81607
ITGA8	8516
KLHDC9	126823
PFDN2	5202
NIT1	4817
G6PC3	92579
EML6	400954
DEDD	9191
UFC1	51506
USP21	27005
BTBD11	121551
PPOX	5498
B4GALT3	8703
ADAMTS4	9507
HDAC5	10014
NDUFS2	4720
FCER1G	2207
APOA2	336
TOMM40L	84134
FAM188A	80013
TNK2	10188
NR1I3	9970
PCP4L1	654790
MPZ	4359
SDHC	6391
C1orf192	257177
FCGR2A	2212
HSPA6	3310
RTN4	57142
FCGR3A	2214
FCGR2B	2213
FCGR2C	9103
FCGR3B	2215
PWP1	11137
PTER	9317
C17orf53	78995
FCRLA	84824
FCRLB	127943
DUSP12	11266
TFRC	7037
ATF6	22926
C1QL3	389941
PRDM4	11108
OLFML2B	25903
RSU1	6251
NOS1AP	9722
ASB16	92591
C1orf226	400793
C1orf111	284680
SH2D1B	117157
UHMK1	127933
UAP1	6675
TMUB2	79089
ASCL4	121549
DDR2	4921
WSCD2	9671
HSD17B7	51478
C1orf110	339512
RGS4	5999
CLHC1	130162
NUF2	83540
CUBN	8029
PBX1	5087
ATXN7L3	56970
LMX1A	4009
RXRG	6258
LRRC52	440699
CMKLR1	1240
MGST3	4259
ALDH9A1	223
ZDHHC19	131540
FICD	11153
TMCO1	54499
SLC51A	200931
UCK2	100500832
FAM78B	149297
POGK	57645
TADA1	117143
SART3	9733
ILDR2	387597
RPS27A	6233
MAEL	84944
GPA33	10223
DUSP27	92235
UBTF	7343
POU2F1	5451
CD247	919
CREG1	8804
TRDMT1	1787
RCSD1	92241
MPZL1	9019
PCYT1A	5130
ADCY10	55811
MPC2	25874
MTIF2	4528
DCAF6	55827
TCTEX1D2	255758
TM4SF19	116211
GPR161	23432
TIPRL	261726
SFT2D2	375035
TBX19	9095
XCL2	6846
XCL1	6375
DPT	1805
ATP1B1	481
NME7	29922
BLZF1	8548
CCDC181	57821
SLC19A2	10560
F5	2153
CCDC88A	55704
SELP	6403
C1orf112	55732
SELL	6402
ISCU	23479
SELE	6401
UBXN7	26043
METTL18	92342
SLC4A1	6521
SCYL3	57147
KIFAP3	22920
METTL11B	149281
GORAB	92344
PRRX1	5396
MROH9	80133
FMO3	2328
FMO2	2327
TMEM119	338773
FMO1	2326
FMO4	2329
VIM	7431
PRRC2C	23215
RNF168	165918
MYOC	4653
SELPLG	6404
VAMP4	8674
METTL13	51603
CORO1C	23603
DNM3	26052
SMCO1	255798
PIGC	5279
RUNDC3A	10900
C1orf105	92346
WDR53	348793
FBXO45	200933
NRROS	375387
PIGX	54965
SUCO	51430
FASLG	356
TNFSF18	8995
TNFSF4	7292
PRDX6	9588
SLC9C2	284525
ANKRD45	339416
SLC25A39	51629
KLHL20	27252
CENPL	91687
CEP19	84984
DARS2	55157
PAK2	5062
ZBTB37	84614
SERPINC1	462
SSH1	54434
RC3H1	149041
SENP5	205564
ST8SIA6	338596
NCBP2	22916
RABGAP1L	9910
GPR52	9293
CACYBP	27101
MRPS14	63931
TNN	63923
KIAA0040	9674
CCDC104	112942
TNR	7143
RFWD2	64326
DAO	1610
PAPPA2	60676
PIGZ	80235
ASTN1	460
GRN	2896
BRINP2	57795
MFI2	4241
SEC16B	89866
SMEK2	57223
SVOP	55530
RASAL2	9462
TEX35	84066
C1orf220	400798
RALGPS2	55103
ANGPTL1	9068
FAM20B	9917
TOR3A	64222
DLG1	1739
ABL2	27
SOAT1	6646
AXDND1	126859
USP30	84749
NPHS2	7827
TDRD5	163589
FAM163A	148753
FAM171A2	284069
TOR1AIP1	26092
PNPT1	87178
CEP350	9857
ALKBH2	121642
QSOX1	5768
LHX4	89884
ITGA2B	3674
ACBD6	84320
XPR1	9213
UNG	7374
KIAA1614	57710
STX6	10228
MR1	3140
IER5	51278
ACACB	32
CACNA1E	777
ZNF648	127665
EFEMP1	2202
GLUL	2752
TEDDM1	127670
GPATCH8	23131
RGSL1	353299
RNASEL	6041
RGS16	6004
RGS8	85397
NPL	80896
FZD2	2535
DHX9	1660
SHCBP1L	81626
LAMC1	3915
CACNB2	783
LAMC2	3918
NMNAT2	23057
C17orf104	284071
BDH1	622
CCDC85A	114800
SMG7	9887
VRK2	101927261
CCDC43	124808
NCF2	4688
DBF4B	80174
ARPC5	10092
RGL1	23179
APOBEC4	403314
KIAA0226	9711
COLGALT2	23127
TSEN15	116461
C1orf21	81563
FOXN4	121643
EDEM3	80267
MYO1H	283446
FAM129A	116496
RNF2	6045
FANCL	55120
TRMT1L	81627
SWT1	54823
FYTTD1	84248
IVNS1ABP	10625
HMCN1	83872
ADAM11	4185
PRG4	10216
TPR	7175
KCTD10	83892
NSUN6	221078
C1orf27	54953
OCLM	10896
PDC	5132
PTGS2	5743
LRCH3	84859
PLA2G4A	5321
BRINP3	339479
RGS18	64407
BCL11A	53335
RGS21	431704
RGS1	5996
ARL5B	221079
RGS13	6003
GJC1	10052
RGS2	5997
UCHL5	51377
UBE3B	89910
TROVE2	6738
HIGD1B	51751
GLRX2	51022
CDC73	79577
B3GALT2	8707
EFTUD2	9343
KCNT2	343450
PLXDC2	84898
CFH	3075
CFHR3	10878
CFHR1	3078
CFHR2	3080
CFHR4	10877
CFHR5	81494
F13B	2165
ASPM	259266
PAPOLG	64895
ZBTB41	360023
IQCG	84223
NEBL	10529
CRB1	23418
RPL35A	6165
DENND1B	163486
REL	5966
C1orf53	388722
LHX9	56956
LMLN	89782
NEK7	140609
PUS10	150962
CCDC103	388389
MMAB	326625
C10orf113	387638
CASC10	399726
SKIDA1	387640
NR5A2	2494
ZNF281	23528
MLLT10	8028
KIF14	9928
DDX59	83479
GFAP	2670
CAMSAP2	23271
GPR25	2848
C1orf106	55765
KIF21B	101929275
CHL1-AS1	101927193
PEX13	5194
AC090044.1	101927215
CACNA1S	779
ASCL5	647219
MVK	4598
TMEM9	252839
KIAA1841	84542
IGFN1	91156
CNTN4-AS2	100873976
ITPR1-AS1	100996539
EGOT	100126791
BHLHE40-AS1	100507582
PKP1	5317
TNNT2	7139
LAD1	3898
TNNI1	7135
KIF18B	146909
PHLDA3	23612
MIR4790	100616334
DNAJC1	64215
FAM222A	84915
GRM7-AS3	101927347
CSRP1	1465
C2orf74	339804
AHSA2	130872
C1QL1	10882
TRPV4	59341
NAV1	89796
DCAKD	79877
LMCD1-AS1	101927394
IPO9	55705
NMT1	4836
SHISA4	149345
LINC00312	29931
OR7E122P	79315
EBLN1	340900
LMOD1	25802
hsa-mir-548ba	102465854
TIMM17A	10440
COMMD3	23412
RNPEP	6051
SRGAP3-AS2	101927416
ELF3	1999
USP34	9736
GPR37L1	9283
ARL8A	127829
SRGAP3-AS3	100288831
RP11-380O24.1	101930660
PTPN7	5778
SETD5-AS1	440944
PRRT3-AS1	100874032
EMC3-AS1	442075
PLCD3	113026
LGR6	59352
GLTP	51228
UBE2T	29089
COMMD3-BMI1	100532731
CIDECP	152302
LINC00852	84657
GHRLOS	100126793
PPP1R12B	4660
TCHP	84260
MIR378B	100422933
MIR885	100126334
SYT2	127833
ACBD4	79777
KDM5B	10765
LINC00606	285370
SLC6A1-AS1	100874090
RABIF	5877
KLHL12	59349
ADIPOR1	51094
CYB5R1	51706
TMEM183A	653659
GIT2	9815
SPAG6	9576
HEXIM1	10614
HEXIM2	124790
FMNL1	752
SNORA7A	619563
LINC00620	285375
FGD5P1	100132526
PIP4K2A	5305
RP11-536I6.1	101927565
XPO1	7514
AC244230.2	5540
AC091738.3	441250
AC139677.11	101929775
DGKK	139189
AC234791.1	100996631
FAM72C	554282
SRGAP2D	100996712
AC246785.1	730262
FP700107.1	101929815
AC241585.1	100996740
AC239799.1	101060684
AC245100.1	100996473
AC239811.2	400818
AC239811.1	100996763
AC243772.2	100996741
CD24	100133941
AC241377.1	100996720
ZNF595	255403
JH8	8629
AC240565.1	653486
EMG1	10436
AC244102.1	55879
AC138827.2	100272216
KIR2DL4	100287534
KIR2DS5	3810
KIR2DS2	100996743
OR9G9	504191
OR8U9	504190
AC012314.2	79168
CU467816.1	100653068
